Jul 09, 2026 2:12:00 PM org.l2jmobius.commons.util.IXmlReader parseFile
WARNING: Could not parse file: DoorData.xml
java.lang.NullPointerException: Cannot invoke "java.util.concurrent.atomic.AtomicInteger.get()" because "this._nextFreeId" is null
	at org.l2jmobius.gameserver.instancemanager.IdManager.getNextId(IdManager.java:262)
	at org.l2jmobius.gameserver.model.actor.Creature.<init>(Creature.java:321)
	at org.l2jmobius.gameserver.model.actor.instance.Door.<init>(Door.java:63)
	at org.l2jmobius.gameserver.data.xml.DoorData.spawnDoor(DoorData.java:163)
	at org.l2jmobius.gameserver.data.xml.DoorData.spawnDoor(DoorData.java:146)
	at org.l2jmobius.gameserver.data.xml.DoorData.lambda$parseDocument$0(DoorData.java:71)
	at org.l2jmobius.commons.util.IXmlReader.forEach(IXmlReader.java:775)
	at org.l2jmobius.commons.util.IXmlReader.forEach(IXmlReader.java:758)
	at org.l2jmobius.gameserver.data.xml.DoorData.lambda$parseDocument$1(DoorData.java:71)
	at org.l2jmobius.commons.util.IXmlReader.forEach(IXmlReader.java:775)
	at org.l2jmobius.commons.util.IXmlReader.forEach(IXmlReader.java:758)
	at org.l2jmobius.gameserver.data.xml.DoorData.parseDocument(DoorData.java:71)
	at org.l2jmobius.commons.util.IXmlReader.parseFile(IXmlReader.java:102)
	at org.l2jmobius.commons.util.IXmlReader.parseDatapackFile(IXmlReader.java:76)
	at org.l2jmobius.gameserver.data.xml.DoorData.load(DoorData.java:65)
	at org.l2jmobius.gameserver.data.xml.DoorData.<init>(DoorData.java:57)
	at org.l2jmobius.gameserver.data.xml.DoorData$SingletonHolder.<clinit>(DoorData.java:284)
	at org.l2jmobius.gameserver.data.xml.DoorData.getInstance(DoorData.java:279)
	at org.l2jmobius.gameserver.GameServer.<init>(GameServer.java:231)
	at org.l2jmobius.gameserver.GameServer.main(GameServer.java:479)

Jul 09, 2026 2:12:00 PM org.l2jmobius.commons.util.IXmlReader parseFile
WARNING: Could not parse file: FenceData.xml
java.lang.NullPointerException: Cannot invoke "java.util.concurrent.atomic.AtomicInteger.get()" because "this._nextFreeId" is null
	at org.l2jmobius.gameserver.instancemanager.IdManager.getNextId(IdManager.java:262)
	at org.l2jmobius.gameserver.model.actor.instance.Fence.<init>(Fence.java:48)
	at org.l2jmobius.gameserver.data.xml.FenceData.spawnFence(FenceData.java:89)
	at org.l2jmobius.gameserver.data.xml.FenceData.spawnFence(FenceData.java:79)
	at org.l2jmobius.commons.util.IXmlReader.forEach(IXmlReader.java:775)
	at org.l2jmobius.commons.util.IXmlReader.forEach(IXmlReader.java:758)
	at org.l2jmobius.gameserver.data.xml.FenceData.lambda$parseDocument$0(FenceData.java:68)
	at org.l2jmobius.commons.util.IXmlReader.forEach(IXmlReader.java:775)
	at org.l2jmobius.commons.util.IXmlReader.forEach(IXmlReader.java:758)
	at org.l2jmobius.gameserver.data.xml.FenceData.parseDocument(FenceData.java:68)
	at org.l2jmobius.commons.util.IXmlReader.parseFile(IXmlReader.java:102)
	at org.l2jmobius.commons.util.IXmlReader.parseDatapackFile(IXmlReader.java:76)
	at org.l2jmobius.gameserver.data.xml.FenceData.load(FenceData.java:61)
	at org.l2jmobius.gameserver.data.xml.FenceData.<init>(FenceData.java:49)
	at org.l2jmobius.gameserver.data.xml.FenceData$SingletonHolder.<clinit>(FenceData.java:217)
	at org.l2jmobius.gameserver.data.xml.FenceData.getInstance(FenceData.java:212)
	at org.l2jmobius.gameserver.GameServer.<init>(GameServer.java:232)
	at org.l2jmobius.gameserver.GameServer.main(GameServer.java:479)

Jul 09, 2026 2:12:00 PM org.l2jmobius.gameserver.data.sql.AnnouncementsTable load
WARNING: AnnouncementsTable: Failed loading announcements:
org.sqlite.SQLiteException: [SQLITE_ERROR] SQL error or missing database (no such table: announcements)
	at org.sqlite.core.DB.newSQLException(DB.java:1179)
	at org.sqlite.core.DB.newSQLException(DB.java:1190)
	at org.sqlite.core.DB.throwex(DB.java:1150)
	at org.sqlite.core.NativeDB.prepare_utf8(Native Method)
	at org.sqlite.core.NativeDB.prepare(NativeDB.java:132)
	at org.sqlite.core.DB.prepare(DB.java:264)
	at org.sqlite.jdbc3.JDBC3Statement.lambda$executeQuery$1(JDBC3Statement.java:86)
	at org.sqlite.jdbc3.JDBC3Statement.withConnectionTimeout(JDBC3Statement.java:454)
	at org.sqlite.jdbc3.JDBC3Statement.executeQuery(JDBC3Statement.java:84)
	at org.l2jmobius.gameserver.data.sql.AnnouncementsTable.load(AnnouncementsTable.java:57)
	at org.l2jmobius.gameserver.data.sql.AnnouncementsTable.<init>(AnnouncementsTable.java:49)
	at org.l2jmobius.gameserver.data.sql.AnnouncementsTable$SingletonHolder.<clinit>(AnnouncementsTable.java:168)
	at org.l2jmobius.gameserver.data.sql.AnnouncementsTable.getInstance(AnnouncementsTable.java:163)
	at org.l2jmobius.gameserver.GameServer.<init>(GameServer.java:233)
	at org.l2jmobius.gameserver.GameServer.main(GameServer.java:479)

Jul 09, 2026 2:12:03 PM org.l2jmobius.gameserver.data.xml.BuyListData load
WARNING: Failed to load buyList data from database.
org.sqlite.SQLiteException: [SQLITE_ERROR] SQL error or missing database (no such table: buylists)
	at org.sqlite.core.DB.newSQLException(DB.java:1179)
	at org.sqlite.core.DB.newSQLException(DB.java:1190)
	at org.sqlite.core.DB.throwex(DB.java:1150)
	at org.sqlite.core.NativeDB.prepare_utf8(Native Method)
	at org.sqlite.core.NativeDB.prepare(NativeDB.java:132)
	at org.sqlite.core.DB.prepare(DB.java:264)
	at org.sqlite.jdbc3.JDBC3Statement.lambda$executeQuery$1(JDBC3Statement.java:86)
	at org.sqlite.jdbc3.JDBC3Statement.withConnectionTimeout(JDBC3Statement.java:454)
	at org.sqlite.jdbc3.JDBC3Statement.executeQuery(JDBC3Statement.java:84)
	at org.l2jmobius.gameserver.data.xml.BuyListData.load(BuyListData.java:71)
	at org.l2jmobius.gameserver.data.xml.BuyListData.<init>(BuyListData.java:54)
	at org.l2jmobius.gameserver.data.xml.BuyListData$SingletonHolder.<clinit>(BuyListData.java:188)
	at org.l2jmobius.gameserver.data.xml.BuyListData.getInstance(BuyListData.java:183)
	at org.l2jmobius.gameserver.GameServer.<init>(GameServer.java:265)
	at org.l2jmobius.gameserver.GameServer.main(GameServer.java:479)

Jul 09, 2026 2:12:03 PM org.l2jmobius.gameserver.instancemanager.ItemCommissionManager <init>
WARNING: ItemCommissionManager: Failed loading commission items.
org.sqlite.SQLiteException: [SQLITE_ERROR] SQL error or missing database (no such table: items)
	at org.sqlite.core.DB.newSQLException(DB.java:1179)
	at org.sqlite.core.DB.newSQLException(DB.java:1190)
	at org.sqlite.core.DB.throwex(DB.java:1150)
	at org.sqlite.core.NativeDB.prepare_utf8(Native Method)
	at org.sqlite.core.NativeDB.prepare(NativeDB.java:132)
	at org.sqlite.core.DB.prepare(DB.java:264)
	at org.sqlite.core.CorePreparedStatement.<init>(CorePreparedStatement.java:46)
	at org.sqlite.jdbc3.JDBC3PreparedStatement.<init>(JDBC3PreparedStatement.java:32)
	at org.sqlite.jdbc4.JDBC4PreparedStatement.<init>(JDBC4PreparedStatement.java:25)
	at org.sqlite.jdbc4.JDBC4Connection.prepareStatement(JDBC4Connection.java:34)
	at org.sqlite.jdbc3.JDBC3Connection.prepareStatement(JDBC3Connection.java:225)
	at org.sqlite.jdbc3.JDBC3Connection.prepareStatement(JDBC3Connection.java:205)
	at org.l2jmobius.gameserver.instancemanager.ItemCommissionManager.<init>(ItemCommissionManager.java:93)
	at org.l2jmobius.gameserver.instancemanager.ItemCommissionManager$SingletonHolder.<clinit>(ItemCommissionManager.java:554)
	at org.l2jmobius.gameserver.instancemanager.ItemCommissionManager.getInstance(ItemCommissionManager.java:549)
	at org.l2jmobius.gameserver.GameServer.<init>(GameServer.java:274)
	at org.l2jmobius.gameserver.GameServer.main(GameServer.java:479)

Jul 09, 2026 2:12:03 PM org.l2jmobius.gameserver.data.sql.CharInfoTable <init>
WARNING: CharInfoTable: Couldn't retrieve all char id/name/access: [SQLITE_ERROR] SQL error or missing database (no such table: characters)
org.sqlite.SQLiteException: [SQLITE_ERROR] SQL error or missing database (no such table: characters)
	at org.sqlite.core.DB.newSQLException(DB.java:1179)
	at org.sqlite.core.DB.newSQLException(DB.java:1190)
	at org.sqlite.core.DB.throwex(DB.java:1150)
	at org.sqlite.core.NativeDB.prepare_utf8(Native Method)
	at org.sqlite.core.NativeDB.prepare(NativeDB.java:132)
	at org.sqlite.core.DB.prepare(DB.java:264)
	at org.sqlite.jdbc3.JDBC3Statement.lambda$executeQuery$1(JDBC3Statement.java:86)
	at org.sqlite.jdbc3.JDBC3Statement.withConnectionTimeout(JDBC3Statement.java:454)
	at org.sqlite.jdbc3.JDBC3Statement.executeQuery(JDBC3Statement.java:84)
	at org.l2jmobius.gameserver.data.sql.CharInfoTable.<init>(CharInfoTable.java:52)
	at org.l2jmobius.gameserver.data.sql.CharInfoTable$SingletonHolder.<clinit>(CharInfoTable.java:487)
	at org.l2jmobius.gameserver.data.sql.CharInfoTable.getInstance(CharInfoTable.java:482)
	at org.l2jmobius.gameserver.GameServer.<init>(GameServer.java:287)
	at org.l2jmobius.gameserver.GameServer.main(GameServer.java:479)

Jul 09, 2026 2:12:03 PM org.l2jmobius.gameserver.instancemanager.MentorManager load
WARNING: [SQLITE_ERROR] SQL error or missing database (no such table: character_mentees)
org.sqlite.SQLiteException: [SQLITE_ERROR] SQL error or missing database (no such table: character_mentees)
	at org.sqlite.core.DB.newSQLException(DB.java:1179)
	at org.sqlite.core.DB.newSQLException(DB.java:1190)
	at org.sqlite.core.DB.throwex(DB.java:1150)
	at org.sqlite.core.NativeDB.prepare_utf8(Native Method)
	at org.sqlite.core.NativeDB.prepare(NativeDB.java:132)
	at org.sqlite.core.DB.prepare(DB.java:264)
	at org.sqlite.jdbc3.JDBC3Statement.lambda$executeQuery$1(JDBC3Statement.java:86)
	at org.sqlite.jdbc3.JDBC3Statement.withConnectionTimeout(JDBC3Statement.java:454)
	at org.sqlite.jdbc3.JDBC3Statement.executeQuery(JDBC3Statement.java:84)
	at org.l2jmobius.gameserver.instancemanager.MentorManager.load(MentorManager.java:57)
	at org.l2jmobius.gameserver.instancemanager.MentorManager.<init>(MentorManager.java:50)
	at org.l2jmobius.gameserver.instancemanager.MentorManager$SingletonHolder.<clinit>(MentorManager.java:275)
	at org.l2jmobius.gameserver.instancemanager.MentorManager.getInstance(MentorManager.java:270)
	at org.l2jmobius.gameserver.GameServer.<init>(GameServer.java:293)
	at org.l2jmobius.gameserver.GameServer.main(GameServer.java:479)

Jul 09, 2026 2:12:03 PM org.l2jmobius.gameserver.communitybbs.Manager.ForumsBBSManager <init>
WARNING: ForumsBBSManager: Data error on Forum (root): [SQLITE_ERROR] SQL error or missing database (no such table: forums)
org.sqlite.SQLiteException: [SQLITE_ERROR] SQL error or missing database (no such table: forums)
	at org.sqlite.core.DB.newSQLException(DB.java:1179)
	at org.sqlite.core.DB.newSQLException(DB.java:1190)
	at org.sqlite.core.DB.throwex(DB.java:1150)
	at org.sqlite.core.NativeDB.prepare_utf8(Native Method)
	at org.sqlite.core.NativeDB.prepare(NativeDB.java:132)
	at org.sqlite.core.DB.prepare(DB.java:264)
	at org.sqlite.jdbc3.JDBC3Statement.lambda$executeQuery$1(JDBC3Statement.java:86)
	at org.sqlite.jdbc3.JDBC3Statement.withConnectionTimeout(JDBC3Statement.java:454)
	at org.sqlite.jdbc3.JDBC3Statement.executeQuery(JDBC3Statement.java:84)
	at org.l2jmobius.gameserver.communitybbs.Manager.ForumsBBSManager.<init>(ForumsBBSManager.java:45)
	at org.l2jmobius.gameserver.communitybbs.Manager.ForumsBBSManager$SingletonHolder.<clinit>(ForumsBBSManager.java:166)
	at org.l2jmobius.gameserver.communitybbs.Manager.ForumsBBSManager.getInstance(ForumsBBSManager.java:161)
	at org.l2jmobius.gameserver.data.sql.ClanTable.<init>(ClanTable.java:79)
	at org.l2jmobius.gameserver.data.sql.ClanTable$SingletonHolder.<clinit>(ClanTable.java:506)
	at org.l2jmobius.gameserver.data.sql.ClanTable.getInstance(ClanTable.java:501)
	at org.l2jmobius.gameserver.GameServer.<init>(GameServer.java:302)
	at org.l2jmobius.gameserver.GameServer.main(GameServer.java:479)

Jul 09, 2026 2:12:03 PM org.l2jmobius.gameserver.data.sql.ClanTable <init>
SEVERE: Error restoring ClanTable.
org.sqlite.SQLiteException: [SQLITE_ERROR] SQL error or missing database (no such table: clan_data)
	at org.sqlite.core.DB.newSQLException(DB.java:1179)
	at org.sqlite.core.DB.newSQLException(DB.java:1190)
	at org.sqlite.core.DB.throwex(DB.java:1150)
	at org.sqlite.core.NativeDB.prepare_utf8(Native Method)
	at org.sqlite.core.NativeDB.prepare(NativeDB.java:132)
	at org.sqlite.core.DB.prepare(DB.java:264)
	at org.sqlite.jdbc3.JDBC3Statement.lambda$executeQuery$1(JDBC3Statement.java:86)
	at org.sqlite.jdbc3.JDBC3Statement.withConnectionTimeout(JDBC3Statement.java:454)
	at org.sqlite.jdbc3.JDBC3Statement.executeQuery(JDBC3Statement.java:84)
	at org.l2jmobius.gameserver.data.sql.ClanTable.<init>(ClanTable.java:86)
	at org.l2jmobius.gameserver.data.sql.ClanTable$SingletonHolder.<clinit>(ClanTable.java:506)
	at org.l2jmobius.gameserver.data.sql.ClanTable.getInstance(ClanTable.java:501)
	at org.l2jmobius.gameserver.GameServer.<init>(GameServer.java:302)
	at org.l2jmobius.gameserver.GameServer.main(GameServer.java:479)

Jul 09, 2026 2:12:03 PM org.l2jmobius.gameserver.data.sql.ClanTable restoreClanWars
SEVERE: ClanTable: Error restoring clan wars data.
org.sqlite.SQLiteException: [SQLITE_ERROR] SQL error or missing database (no such table: clan_wars)
	at org.sqlite.core.DB.newSQLException(DB.java:1179)
	at org.sqlite.core.DB.newSQLException(DB.java:1190)
	at org.sqlite.core.DB.throwex(DB.java:1150)
	at org.sqlite.core.NativeDB.prepare_utf8(Native Method)
	at org.sqlite.core.NativeDB.prepare(NativeDB.java:132)
	at org.sqlite.core.DB.prepare(DB.java:264)
	at org.sqlite.jdbc3.JDBC3Statement.lambda$executeQuery$1(JDBC3Statement.java:86)
	at org.sqlite.jdbc3.JDBC3Statement.withConnectionTimeout(JDBC3Statement.java:454)
	at org.sqlite.jdbc3.JDBC3Statement.executeQuery(JDBC3Statement.java:84)
	at org.l2jmobius.gameserver.data.sql.ClanTable.restoreClanWars(ClanTable.java:426)
	at org.l2jmobius.gameserver.data.sql.ClanTable.<init>(ClanTable.java:111)
	at org.l2jmobius.gameserver.data.sql.ClanTable$SingletonHolder.<clinit>(ClanTable.java:506)
	at org.l2jmobius.gameserver.data.sql.ClanTable.getInstance(ClanTable.java:501)
	at org.l2jmobius.gameserver.GameServer.<init>(GameServer.java:302)
	at org.l2jmobius.gameserver.GameServer.main(GameServer.java:479)

Jul 09, 2026 2:12:03 PM org.l2jmobius.gameserver.model.residences.ClanHall load
INFO: Failed loading clan hall
org.sqlite.SQLiteException: [SQLITE_ERROR] SQL error or missing database (no such table: clanhall)
	at org.sqlite.core.DB.newSQLException(DB.java:1179)
	at org.sqlite.core.DB.newSQLException(DB.java:1190)
	at org.sqlite.core.DB.throwex(DB.java:1150)
	at org.sqlite.core.NativeDB.prepare_utf8(Native Method)
	at org.sqlite.core.NativeDB.prepare(NativeDB.java:132)
	at org.sqlite.core.DB.prepare(DB.java:264)
	at org.sqlite.core.CorePreparedStatement.<init>(CorePreparedStatement.java:46)
	at org.sqlite.jdbc3.JDBC3PreparedStatement.<init>(JDBC3PreparedStatement.java:32)
	at org.sqlite.jdbc4.JDBC4PreparedStatement.<init>(JDBC4PreparedStatement.java:25)
	at org.sqlite.jdbc4.JDBC4Connection.prepareStatement(JDBC4Connection.java:34)
	at org.sqlite.jdbc3.JDBC3Connection.prepareStatement(JDBC3Connection.java:225)
	at org.sqlite.jdbc3.JDBC3Connection.prepareStatement(JDBC3Connection.java:205)
	at org.l2jmobius.gameserver.model.residences.ClanHall.load(ClanHall.java:116)
	at org.l2jmobius.gameserver.model.residences.ClanHall.<init>(ClanHall.java:106)
	at org.l2jmobius.gameserver.data.xml.ClanHallData.parseDocument(ClanHallData.java:163)
	at org.l2jmobius.commons.util.IXmlReader.parseFile(IXmlReader.java:102)
	at org.l2jmobius.commons.util.IXmlReader.parseDirectory(IXmlReader.java:208)
	at org.l2jmobius.commons.util.IXmlReader.parseDirectory(IXmlReader.java:204)
	at org.l2jmobius.commons.util.IXmlReader.parseDatapackDirectory(IXmlReader.java:150)
	at org.l2jmobius.gameserver.data.xml.ClanHallData.load(ClanHallData.java:59)
	at org.l2jmobius.gameserver.data.xml.ClanHallData.<init>(ClanHallData.java:53)
	at org.l2jmobius.gameserver.data.xml.ClanHallData$SingletonHolder.<clinit>(ClanHallData.java:238)
	at org.l2jmobius.gameserver.data.xml.ClanHallData.getInstance(ClanHallData.java:233)
	at org.l2jmobius.gameserver.GameServer.<init>(GameServer.java:304)
	at org.l2jmobius.gameserver.GameServer.main(GameServer.java:479)

Jul 09, 2026 2:12:03 PM org.l2jmobius.gameserver.model.residences.AbstractResidence initFunctions
WARNING: Failed to initialize functions for residence: 40
org.sqlite.SQLiteException: [SQLITE_ERROR] SQL error or missing database (no such table: residence_functions)
	at org.sqlite.core.DB.newSQLException(DB.java:1179)
	at org.sqlite.core.DB.newSQLException(DB.java:1190)
	at org.sqlite.core.DB.throwex(DB.java:1150)
	at org.sqlite.core.NativeDB.prepare_utf8(Native Method)
	at org.sqlite.core.NativeDB.prepare(NativeDB.java:132)
	at org.sqlite.core.DB.prepare(DB.java:264)
	at org.sqlite.core.CorePreparedStatement.<init>(CorePreparedStatement.java:46)
	at org.sqlite.jdbc3.JDBC3PreparedStatement.<init>(JDBC3PreparedStatement.java:32)
	at org.sqlite.jdbc4.JDBC4PreparedStatement.<init>(JDBC4PreparedStatement.java:25)
	at org.sqlite.jdbc4.JDBC4Connection.prepareStatement(JDBC4Connection.java:34)
	at org.sqlite.jdbc3.JDBC3Connection.prepareStatement(JDBC3Connection.java:225)
	at org.sqlite.jdbc3.JDBC3Connection.prepareStatement(JDBC3Connection.java:205)
	at org.l2jmobius.gameserver.model.residences.AbstractResidence.initFunctions(AbstractResidence.java:143)
	at org.l2jmobius.gameserver.model.residences.ClanHall.<init>(ClanHall.java:109)
	at org.l2jmobius.gameserver.data.xml.ClanHallData.parseDocument(ClanHallData.java:163)
	at org.l2jmobius.commons.util.IXmlReader.parseFile(IXmlReader.java:102)
	at org.l2jmobius.commons.util.IXmlReader.parseDirectory(IXmlReader.java:208)
	at org.l2jmobius.commons.util.IXmlReader.parseDirectory(IXmlReader.java:204)
	at org.l2jmobius.commons.util.IXmlReader.parseDatapackDirectory(IXmlReader.java:150)
	at org.l2jmobius.gameserver.data.xml.ClanHallData.load(ClanHallData.java:59)
	at org.l2jmobius.gameserver.data.xml.ClanHallData.<init>(ClanHallData.java:53)
	at org.l2jmobius.gameserver.data.xml.ClanHallData$SingletonHolder.<clinit>(ClanHallData.java:238)
	at org.l2jmobius.gameserver.data.xml.ClanHallData.getInstance(ClanHallData.java:233)
	at org.l2jmobius.gameserver.GameServer.<init>(GameServer.java:304)
	at org.l2jmobius.gameserver.GameServer.main(GameServer.java:479)

Jul 09, 2026 2:12:03 PM org.l2jmobius.gameserver.model.residences.ClanHall load
INFO: Failed loading clan hall
org.sqlite.SQLiteException: [SQLITE_ERROR] SQL error or missing database (no such table: clanhall)
	at org.sqlite.core.DB.newSQLException(DB.java:1179)
	at org.sqlite.core.DB.newSQLException(DB.java:1190)
	at org.sqlite.core.DB.throwex(DB.java:1150)
	at org.sqlite.core.NativeDB.prepare_utf8(Native Method)
	at org.sqlite.core.NativeDB.prepare(NativeDB.java:132)
	at org.sqlite.core.DB.prepare(DB.java:264)
	at org.sqlite.core.CorePreparedStatement.<init>(CorePreparedStatement.java:46)
	at org.sqlite.jdbc3.JDBC3PreparedStatement.<init>(JDBC3PreparedStatement.java:32)
	at org.sqlite.jdbc4.JDBC4PreparedStatement.<init>(JDBC4PreparedStatement.java:25)
	at org.sqlite.jdbc4.JDBC4Connection.prepareStatement(JDBC4Connection.java:34)
	at org.sqlite.jdbc3.JDBC3Connection.prepareStatement(JDBC3Connection.java:225)
	at org.sqlite.jdbc3.JDBC3Connection.prepareStatement(JDBC3Connection.java:205)
	at org.l2jmobius.gameserver.model.residences.ClanHall.load(ClanHall.java:116)
	at org.l2jmobius.gameserver.model.residences.ClanHall.<init>(ClanHall.java:106)
	at org.l2jmobius.gameserver.data.xml.ClanHallData.parseDocument(ClanHallData.java:163)
	at org.l2jmobius.commons.util.IXmlReader.parseFile(IXmlReader.java:102)
	at org.l2jmobius.commons.util.IXmlReader.parseDirectory(IXmlReader.java:208)
	at org.l2jmobius.commons.util.IXmlReader.parseDirectory(IXmlReader.java:204)
	at org.l2jmobius.commons.util.IXmlReader.parseDatapackDirectory(IXmlReader.java:150)
	at org.l2jmobius.gameserver.data.xml.ClanHallData.load(ClanHallData.java:59)
	at org.l2jmobius.gameserver.data.xml.ClanHallData.<init>(ClanHallData.java:53)
	at org.l2jmobius.gameserver.data.xml.ClanHallData$SingletonHolder.<clinit>(ClanHallData.java:238)
	at org.l2jmobius.gameserver.data.xml.ClanHallData.getInstance(ClanHallData.java:233)
	at org.l2jmobius.gameserver.GameServer.<init>(GameServer.java:304)
	at org.l2jmobius.gameserver.GameServer.main(GameServer.java:479)

Jul 09, 2026 2:12:03 PM org.l2jmobius.gameserver.model.residences.AbstractResidence initFunctions
WARNING: Failed to initialize functions for residence: 41
org.sqlite.SQLiteException: [SQLITE_ERROR] SQL error or missing database (no such table: residence_functions)
	at org.sqlite.core.DB.newSQLException(DB.java:1179)
	at org.sqlite.core.DB.newSQLException(DB.java:1190)
	at org.sqlite.core.DB.throwex(DB.java:1150)
	at org.sqlite.core.NativeDB.prepare_utf8(Native Method)
	at org.sqlite.core.NativeDB.prepare(NativeDB.java:132)
	at org.sqlite.core.DB.prepare(DB.java:264)
	at org.sqlite.core.CorePreparedStatement.<init>(CorePreparedStatement.java:46)
	at org.sqlite.jdbc3.JDBC3PreparedStatement.<init>(JDBC3PreparedStatement.java:32)
	at org.sqlite.jdbc4.JDBC4PreparedStatement.<init>(JDBC4PreparedStatement.java:25)
	at org.sqlite.jdbc4.JDBC4Connection.prepareStatement(JDBC4Connection.java:34)
	at org.sqlite.jdbc3.JDBC3Connection.prepareStatement(JDBC3Connection.java:225)
	at org.sqlite.jdbc3.JDBC3Connection.prepareStatement(JDBC3Connection.java:205)
	at org.l2jmobius.gameserver.model.residences.AbstractResidence.initFunctions(AbstractResidence.java:143)
	at org.l2jmobius.gameserver.model.residences.ClanHall.<init>(ClanHall.java:109)
	at org.l2jmobius.gameserver.data.xml.ClanHallData.parseDocument(ClanHallData.java:163)
	at org.l2jmobius.commons.util.IXmlReader.parseFile(IXmlReader.java:102)
	at org.l2jmobius.commons.util.IXmlReader.parseDirectory(IXmlReader.java:208)
	at org.l2jmobius.commons.util.IXmlReader.parseDirectory(IXmlReader.java:204)
	at org.l2jmobius.commons.util.IXmlReader.parseDatapackDirectory(IXmlReader.java:150)
	at org.l2jmobius.gameserver.data.xml.ClanHallData.load(ClanHallData.java:59)
	at org.l2jmobius.gameserver.data.xml.ClanHallData.<init>(ClanHallData.java:53)
	at org.l2jmobius.gameserver.data.xml.ClanHallData$SingletonHolder.<clinit>(ClanHallData.java:238)
	at org.l2jmobius.gameserver.data.xml.ClanHallData.getInstance(ClanHallData.java:233)
	at org.l2jmobius.gameserver.GameServer.<init>(GameServer.java:304)
	at org.l2jmobius.gameserver.GameServer.main(GameServer.java:479)

Jul 09, 2026 2:12:03 PM org.l2jmobius.gameserver.model.residences.ClanHall load
INFO: Failed loading clan hall
org.sqlite.SQLiteException: [SQLITE_ERROR] SQL error or missing database (no such table: clanhall)
	at org.sqlite.core.DB.newSQLException(DB.java:1179)
	at org.sqlite.core.DB.newSQLException(DB.java:1190)
	at org.sqlite.core.DB.throwex(DB.java:1150)
	at org.sqlite.core.NativeDB.prepare_utf8(Native Method)
	at org.sqlite.core.NativeDB.prepare(NativeDB.java:132)
	at org.sqlite.core.DB.prepare(DB.java:264)
	at org.sqlite.core.CorePreparedStatement.<init>(CorePreparedStatement.java:46)
	at org.sqlite.jdbc3.JDBC3PreparedStatement.<init>(JDBC3PreparedStatement.java:32)
	at org.sqlite.jdbc4.JDBC4PreparedStatement.<init>(JDBC4PreparedStatement.java:25)
	at org.sqlite.jdbc4.JDBC4Connection.prepareStatement(JDBC4Connection.java:34)
	at org.sqlite.jdbc3.JDBC3Connection.prepareStatement(JDBC3Connection.java:225)
	at org.sqlite.jdbc3.JDBC3Connection.prepareStatement(JDBC3Connection.java:205)
	at org.l2jmobius.gameserver.model.residences.ClanHall.load(ClanHall.java:116)
	at org.l2jmobius.gameserver.model.residences.ClanHall.<init>(ClanHall.java:106)
	at org.l2jmobius.gameserver.data.xml.ClanHallData.parseDocument(ClanHallData.java:163)
	at org.l2jmobius.commons.util.IXmlReader.parseFile(IXmlReader.java:102)
	at org.l2jmobius.commons.util.IXmlReader.parseDirectory(IXmlReader.java:208)
	at org.l2jmobius.commons.util.IXmlReader.parseDirectory(IXmlReader.java:204)
	at org.l2jmobius.commons.util.IXmlReader.parseDatapackDirectory(IXmlReader.java:150)
	at org.l2jmobius.gameserver.data.xml.ClanHallData.load(ClanHallData.java:59)
	at org.l2jmobius.gameserver.data.xml.ClanHallData.<init>(ClanHallData.java:53)
	at org.l2jmobius.gameserver.data.xml.ClanHallData$SingletonHolder.<clinit>(ClanHallData.java:238)
	at org.l2jmobius.gameserver.data.xml.ClanHallData.getInstance(ClanHallData.java:233)
	at org.l2jmobius.gameserver.GameServer.<init>(GameServer.java:304)
	at org.l2jmobius.gameserver.GameServer.main(GameServer.java:479)

Jul 09, 2026 2:12:03 PM org.l2jmobius.gameserver.model.residences.AbstractResidence initFunctions
WARNING: Failed to initialize functions for residence: 39
org.sqlite.SQLiteException: [SQLITE_ERROR] SQL error or missing database (no such table: residence_functions)
	at org.sqlite.core.DB.newSQLException(DB.java:1179)
	at org.sqlite.core.DB.newSQLException(DB.java:1190)
	at org.sqlite.core.DB.throwex(DB.java:1150)
	at org.sqlite.core.NativeDB.prepare_utf8(Native Method)
	at org.sqlite.core.NativeDB.prepare(NativeDB.java:132)
	at org.sqlite.core.DB.prepare(DB.java:264)
	at org.sqlite.core.CorePreparedStatement.<init>(CorePreparedStatement.java:46)
	at org.sqlite.jdbc3.JDBC3PreparedStatement.<init>(JDBC3PreparedStatement.java:32)
	at org.sqlite.jdbc4.JDBC4PreparedStatement.<init>(JDBC4PreparedStatement.java:25)
	at org.sqlite.jdbc4.JDBC4Connection.prepareStatement(JDBC4Connection.java:34)
	at org.sqlite.jdbc3.JDBC3Connection.prepareStatement(JDBC3Connection.java:225)
	at org.sqlite.jdbc3.JDBC3Connection.prepareStatement(JDBC3Connection.java:205)
	at org.l2jmobius.gameserver.model.residences.AbstractResidence.initFunctions(AbstractResidence.java:143)
	at org.l2jmobius.gameserver.model.residences.ClanHall.<init>(ClanHall.java:109)
	at org.l2jmobius.gameserver.data.xml.ClanHallData.parseDocument(ClanHallData.java:163)
	at org.l2jmobius.commons.util.IXmlReader.parseFile(IXmlReader.java:102)
	at org.l2jmobius.commons.util.IXmlReader.parseDirectory(IXmlReader.java:208)
	at org.l2jmobius.commons.util.IXmlReader.parseDirectory(IXmlReader.java:204)
	at org.l2jmobius.commons.util.IXmlReader.parseDatapackDirectory(IXmlReader.java:150)
	at org.l2jmobius.gameserver.data.xml.ClanHallData.load(ClanHallData.java:59)
	at org.l2jmobius.gameserver.data.xml.ClanHallData.<init>(ClanHallData.java:53)
	at org.l2jmobius.gameserver.data.xml.ClanHallData$SingletonHolder.<clinit>(ClanHallData.java:238)
	at org.l2jmobius.gameserver.data.xml.ClanHallData.getInstance(ClanHallData.java:233)
	at org.l2jmobius.gameserver.GameServer.<init>(GameServer.java:304)
	at org.l2jmobius.gameserver.GameServer.main(GameServer.java:479)

Jul 09, 2026 2:12:03 PM org.l2jmobius.gameserver.model.residences.ClanHall load
INFO: Failed loading clan hall
org.sqlite.SQLiteException: [SQLITE_ERROR] SQL error or missing database (no such table: clanhall)
	at org.sqlite.core.DB.newSQLException(DB.java:1179)
	at org.sqlite.core.DB.newSQLException(DB.java:1190)
	at org.sqlite.core.DB.throwex(DB.java:1150)
	at org.sqlite.core.NativeDB.prepare_utf8(Native Method)
	at org.sqlite.core.NativeDB.prepare(NativeDB.java:132)
	at org.sqlite.core.DB.prepare(DB.java:264)
	at org.sqlite.core.CorePreparedStatement.<init>(CorePreparedStatement.java:46)
	at org.sqlite.jdbc3.JDBC3PreparedStatement.<init>(JDBC3PreparedStatement.java:32)
	at org.sqlite.jdbc4.JDBC4PreparedStatement.<init>(JDBC4PreparedStatement.java:25)
	at org.sqlite.jdbc4.JDBC4Connection.prepareStatement(JDBC4Connection.java:34)
	at org.sqlite.jdbc3.JDBC3Connection.prepareStatement(JDBC3Connection.java:225)
	at org.sqlite.jdbc3.JDBC3Connection.prepareStatement(JDBC3Connection.java:205)
	at org.l2jmobius.gameserver.model.residences.ClanHall.load(ClanHall.java:116)
	at org.l2jmobius.gameserver.model.residences.ClanHall.<init>(ClanHall.java:106)
	at org.l2jmobius.gameserver.data.xml.ClanHallData.parseDocument(ClanHallData.java:163)
	at org.l2jmobius.commons.util.IXmlReader.parseFile(IXmlReader.java:102)
	at org.l2jmobius.commons.util.IXmlReader.parseDirectory(IXmlReader.java:208)
	at org.l2jmobius.commons.util.IXmlReader.parseDirectory(IXmlReader.java:204)
	at org.l2jmobius.commons.util.IXmlReader.parseDatapackDirectory(IXmlReader.java:150)
	at org.l2jmobius.gameserver.data.xml.ClanHallData.load(ClanHallData.java:59)
	at org.l2jmobius.gameserver.data.xml.ClanHallData.<init>(ClanHallData.java:53)
	at org.l2jmobius.gameserver.data.xml.ClanHallData$SingletonHolder.<clinit>(ClanHallData.java:238)
	at org.l2jmobius.gameserver.data.xml.ClanHallData.getInstance(ClanHallData.java:233)
	at org.l2jmobius.gameserver.GameServer.<init>(GameServer.java:304)
	at org.l2jmobius.gameserver.GameServer.main(GameServer.java:479)

Jul 09, 2026 2:12:03 PM org.l2jmobius.gameserver.model.residences.AbstractResidence initFunctions
WARNING: Failed to initialize functions for residence: 37
org.sqlite.SQLiteException: [SQLITE_ERROR] SQL error or missing database (no such table: residence_functions)
	at org.sqlite.core.DB.newSQLException(DB.java:1179)
	at org.sqlite.core.DB.newSQLException(DB.java:1190)
	at org.sqlite.core.DB.throwex(DB.java:1150)
	at org.sqlite.core.NativeDB.prepare_utf8(Native Method)
	at org.sqlite.core.NativeDB.prepare(NativeDB.java:132)
	at org.sqlite.core.DB.prepare(DB.java:264)
	at org.sqlite.core.CorePreparedStatement.<init>(CorePreparedStatement.java:46)
	at org.sqlite.jdbc3.JDBC3PreparedStatement.<init>(JDBC3PreparedStatement.java:32)
	at org.sqlite.jdbc4.JDBC4PreparedStatement.<init>(JDBC4PreparedStatement.java:25)
	at org.sqlite.jdbc4.JDBC4Connection.prepareStatement(JDBC4Connection.java:34)
	at org.sqlite.jdbc3.JDBC3Connection.prepareStatement(JDBC3Connection.java:225)
	at org.sqlite.jdbc3.JDBC3Connection.prepareStatement(JDBC3Connection.java:205)
	at org.l2jmobius.gameserver.model.residences.AbstractResidence.initFunctions(AbstractResidence.java:143)
	at org.l2jmobius.gameserver.model.residences.ClanHall.<init>(ClanHall.java:109)
	at org.l2jmobius.gameserver.data.xml.ClanHallData.parseDocument(ClanHallData.java:163)
	at org.l2jmobius.commons.util.IXmlReader.parseFile(IXmlReader.java:102)
	at org.l2jmobius.commons.util.IXmlReader.parseDirectory(IXmlReader.java:208)
	at org.l2jmobius.commons.util.IXmlReader.parseDirectory(IXmlReader.java:204)
	at org.l2jmobius.commons.util.IXmlReader.parseDatapackDirectory(IXmlReader.java:150)
	at org.l2jmobius.gameserver.data.xml.ClanHallData.load(ClanHallData.java:59)
	at org.l2jmobius.gameserver.data.xml.ClanHallData.<init>(ClanHallData.java:53)
	at org.l2jmobius.gameserver.data.xml.ClanHallData$SingletonHolder.<clinit>(ClanHallData.java:238)
	at org.l2jmobius.gameserver.data.xml.ClanHallData.getInstance(ClanHallData.java:233)
	at org.l2jmobius.gameserver.GameServer.<init>(GameServer.java:304)
	at org.l2jmobius.gameserver.GameServer.main(GameServer.java:479)

Jul 09, 2026 2:12:03 PM org.l2jmobius.gameserver.model.residences.ClanHall load
INFO: Failed loading clan hall
org.sqlite.SQLiteException: [SQLITE_ERROR] SQL error or missing database (no such table: clanhall)
	at org.sqlite.core.DB.newSQLException(DB.java:1179)
	at org.sqlite.core.DB.newSQLException(DB.java:1190)
	at org.sqlite.core.DB.throwex(DB.java:1150)
	at org.sqlite.core.NativeDB.prepare_utf8(Native Method)
	at org.sqlite.core.NativeDB.prepare(NativeDB.java:132)
	at org.sqlite.core.DB.prepare(DB.java:264)
	at org.sqlite.core.CorePreparedStatement.<init>(CorePreparedStatement.java:46)
	at org.sqlite.jdbc3.JDBC3PreparedStatement.<init>(JDBC3PreparedStatement.java:32)
	at org.sqlite.jdbc4.JDBC4PreparedStatement.<init>(JDBC4PreparedStatement.java:25)
	at org.sqlite.jdbc4.JDBC4Connection.prepareStatement(JDBC4Connection.java:34)
	at org.sqlite.jdbc3.JDBC3Connection.prepareStatement(JDBC3Connection.java:225)
	at org.sqlite.jdbc3.JDBC3Connection.prepareStatement(JDBC3Connection.java:205)
	at org.l2jmobius.gameserver.model.residences.ClanHall.load(ClanHall.java:116)
	at org.l2jmobius.gameserver.model.residences.ClanHall.<init>(ClanHall.java:106)
	at org.l2jmobius.gameserver.data.xml.ClanHallData.parseDocument(ClanHallData.java:163)
	at org.l2jmobius.commons.util.IXmlReader.parseFile(IXmlReader.java:102)
	at org.l2jmobius.commons.util.IXmlReader.parseDirectory(IXmlReader.java:208)
	at org.l2jmobius.commons.util.IXmlReader.parseDirectory(IXmlReader.java:204)
	at org.l2jmobius.commons.util.IXmlReader.parseDatapackDirectory(IXmlReader.java:150)
	at org.l2jmobius.gameserver.data.xml.ClanHallData.load(ClanHallData.java:59)
	at org.l2jmobius.gameserver.data.xml.ClanHallData.<init>(ClanHallData.java:53)
	at org.l2jmobius.gameserver.data.xml.ClanHallData$SingletonHolder.<clinit>(ClanHallData.java:238)
	at org.l2jmobius.gameserver.data.xml.ClanHallData.getInstance(ClanHallData.java:233)
	at org.l2jmobius.gameserver.GameServer.<init>(GameServer.java:304)
	at org.l2jmobius.gameserver.GameServer.main(GameServer.java:479)

Jul 09, 2026 2:12:03 PM org.l2jmobius.gameserver.model.residences.AbstractResidence initFunctions
WARNING: Failed to initialize functions for residence: 36
org.sqlite.SQLiteException: [SQLITE_ERROR] SQL error or missing database (no such table: residence_functions)
	at org.sqlite.core.DB.newSQLException(DB.java:1179)
	at org.sqlite.core.DB.newSQLException(DB.java:1190)
	at org.sqlite.core.DB.throwex(DB.java:1150)
	at org.sqlite.core.NativeDB.prepare_utf8(Native Method)
	at org.sqlite.core.NativeDB.prepare(NativeDB.java:132)
	at org.sqlite.core.DB.prepare(DB.java:264)
	at org.sqlite.core.CorePreparedStatement.<init>(CorePreparedStatement.java:46)
	at org.sqlite.jdbc3.JDBC3PreparedStatement.<init>(JDBC3PreparedStatement.java:32)
	at org.sqlite.jdbc4.JDBC4PreparedStatement.<init>(JDBC4PreparedStatement.java:25)
	at org.sqlite.jdbc4.JDBC4Connection.prepareStatement(JDBC4Connection.java:34)
	at org.sqlite.jdbc3.JDBC3Connection.prepareStatement(JDBC3Connection.java:225)
	at org.sqlite.jdbc3.JDBC3Connection.prepareStatement(JDBC3Connection.java:205)
	at org.l2jmobius.gameserver.model.residences.AbstractResidence.initFunctions(AbstractResidence.java:143)
	at org.l2jmobius.gameserver.model.residences.ClanHall.<init>(ClanHall.java:109)
	at org.l2jmobius.gameserver.data.xml.ClanHallData.parseDocument(ClanHallData.java:163)
	at org.l2jmobius.commons.util.IXmlReader.parseFile(IXmlReader.java:102)
	at org.l2jmobius.commons.util.IXmlReader.parseDirectory(IXmlReader.java:208)
	at org.l2jmobius.commons.util.IXmlReader.parseDirectory(IXmlReader.java:204)
	at org.l2jmobius.commons.util.IXmlReader.parseDatapackDirectory(IXmlReader.java:150)
	at org.l2jmobius.gameserver.data.xml.ClanHallData.load(ClanHallData.java:59)
	at org.l2jmobius.gameserver.data.xml.ClanHallData.<init>(ClanHallData.java:53)
	at org.l2jmobius.gameserver.data.xml.ClanHallData$SingletonHolder.<clinit>(ClanHallData.java:238)
	at org.l2jmobius.gameserver.data.xml.ClanHallData.getInstance(ClanHallData.java:233)
	at org.l2jmobius.gameserver.GameServer.<init>(GameServer.java:304)
	at org.l2jmobius.gameserver.GameServer.main(GameServer.java:479)

Jul 09, 2026 2:12:03 PM org.l2jmobius.gameserver.model.residences.ClanHall load
INFO: Failed loading clan hall
org.sqlite.SQLiteException: [SQLITE_ERROR] SQL error or missing database (no such table: clanhall)
	at org.sqlite.core.DB.newSQLException(DB.java:1179)
	at org.sqlite.core.DB.newSQLException(DB.java:1190)
	at org.sqlite.core.DB.throwex(DB.java:1150)
	at org.sqlite.core.NativeDB.prepare_utf8(Native Method)
	at org.sqlite.core.NativeDB.prepare(NativeDB.java:132)
	at org.sqlite.core.DB.prepare(DB.java:264)
	at org.sqlite.core.CorePreparedStatement.<init>(CorePreparedStatement.java:46)
	at org.sqlite.jdbc3.JDBC3PreparedStatement.<init>(JDBC3PreparedStatement.java:32)
	at org.sqlite.jdbc4.JDBC4PreparedStatement.<init>(JDBC4PreparedStatement.java:25)
	at org.sqlite.jdbc4.JDBC4Connection.prepareStatement(JDBC4Connection.java:34)
	at org.sqlite.jdbc3.JDBC3Connection.prepareStatement(JDBC3Connection.java:225)
	at org.sqlite.jdbc3.JDBC3Connection.prepareStatement(JDBC3Connection.java:205)
	at org.l2jmobius.gameserver.model.residences.ClanHall.load(ClanHall.java:116)
	at org.l2jmobius.gameserver.model.residences.ClanHall.<init>(ClanHall.java:106)
	at org.l2jmobius.gameserver.data.xml.ClanHallData.parseDocument(ClanHallData.java:163)
	at org.l2jmobius.commons.util.IXmlReader.parseFile(IXmlReader.java:102)
	at org.l2jmobius.commons.util.IXmlReader.parseDirectory(IXmlReader.java:208)
	at org.l2jmobius.commons.util.IXmlReader.parseDirectory(IXmlReader.java:204)
	at org.l2jmobius.commons.util.IXmlReader.parseDatapackDirectory(IXmlReader.java:150)
	at org.l2jmobius.gameserver.data.xml.ClanHallData.load(ClanHallData.java:59)
	at org.l2jmobius.gameserver.data.xml.ClanHallData.<init>(ClanHallData.java:53)
	at org.l2jmobius.gameserver.data.xml.ClanHallData$SingletonHolder.<clinit>(ClanHallData.java:238)
	at org.l2jmobius.gameserver.data.xml.ClanHallData.getInstance(ClanHallData.java:233)
	at org.l2jmobius.gameserver.GameServer.<init>(GameServer.java:304)
	at org.l2jmobius.gameserver.GameServer.main(GameServer.java:479)

Jul 09, 2026 2:12:03 PM org.l2jmobius.gameserver.model.residences.AbstractResidence initFunctions
WARNING: Failed to initialize functions for residence: 38
org.sqlite.SQLiteException: [SQLITE_ERROR] SQL error or missing database (no such table: residence_functions)
	at org.sqlite.core.DB.newSQLException(DB.java:1179)
	at org.sqlite.core.DB.newSQLException(DB.java:1190)
	at org.sqlite.core.DB.throwex(DB.java:1150)
	at org.sqlite.core.NativeDB.prepare_utf8(Native Method)
	at org.sqlite.core.NativeDB.prepare(NativeDB.java:132)
	at org.sqlite.core.DB.prepare(DB.java:264)
	at org.sqlite.core.CorePreparedStatement.<init>(CorePreparedStatement.java:46)
	at org.sqlite.jdbc3.JDBC3PreparedStatement.<init>(JDBC3PreparedStatement.java:32)
	at org.sqlite.jdbc4.JDBC4PreparedStatement.<init>(JDBC4PreparedStatement.java:25)
	at org.sqlite.jdbc4.JDBC4Connection.prepareStatement(JDBC4Connection.java:34)
	at org.sqlite.jdbc3.JDBC3Connection.prepareStatement(JDBC3Connection.java:225)
	at org.sqlite.jdbc3.JDBC3Connection.prepareStatement(JDBC3Connection.java:205)
	at org.l2jmobius.gameserver.model.residences.AbstractResidence.initFunctions(AbstractResidence.java:143)
	at org.l2jmobius.gameserver.model.residences.ClanHall.<init>(ClanHall.java:109)
	at org.l2jmobius.gameserver.data.xml.ClanHallData.parseDocument(ClanHallData.java:163)
	at org.l2jmobius.commons.util.IXmlReader.parseFile(IXmlReader.java:102)
	at org.l2jmobius.commons.util.IXmlReader.parseDirectory(IXmlReader.java:208)
	at org.l2jmobius.commons.util.IXmlReader.parseDirectory(IXmlReader.java:204)
	at org.l2jmobius.commons.util.IXmlReader.parseDatapackDirectory(IXmlReader.java:150)
	at org.l2jmobius.gameserver.data.xml.ClanHallData.load(ClanHallData.java:59)
	at org.l2jmobius.gameserver.data.xml.ClanHallData.<init>(ClanHallData.java:53)
	at org.l2jmobius.gameserver.data.xml.ClanHallData$SingletonHolder.<clinit>(ClanHallData.java:238)
	at org.l2jmobius.gameserver.data.xml.ClanHallData.getInstance(ClanHallData.java:233)
	at org.l2jmobius.gameserver.GameServer.<init>(GameServer.java:304)
	at org.l2jmobius.gameserver.GameServer.main(GameServer.java:479)

Jul 09, 2026 2:12:03 PM org.l2jmobius.gameserver.model.residences.ClanHall load
INFO: Failed loading clan hall
org.sqlite.SQLiteException: [SQLITE_ERROR] SQL error or missing database (no such table: clanhall)
	at org.sqlite.core.DB.newSQLException(DB.java:1179)
	at org.sqlite.core.DB.newSQLException(DB.java:1190)
	at org.sqlite.core.DB.throwex(DB.java:1150)
	at org.sqlite.core.NativeDB.prepare_utf8(Native Method)
	at org.sqlite.core.NativeDB.prepare(NativeDB.java:132)
	at org.sqlite.core.DB.prepare(DB.java:264)
	at org.sqlite.core.CorePreparedStatement.<init>(CorePreparedStatement.java:46)
	at org.sqlite.jdbc3.JDBC3PreparedStatement.<init>(JDBC3PreparedStatement.java:32)
	at org.sqlite.jdbc4.JDBC4PreparedStatement.<init>(JDBC4PreparedStatement.java:25)
	at org.sqlite.jdbc4.JDBC4Connection.prepareStatement(JDBC4Connection.java:34)
	at org.sqlite.jdbc3.JDBC3Connection.prepareStatement(JDBC3Connection.java:225)
	at org.sqlite.jdbc3.JDBC3Connection.prepareStatement(JDBC3Connection.java:205)
	at org.l2jmobius.gameserver.model.residences.ClanHall.load(ClanHall.java:116)
	at org.l2jmobius.gameserver.model.residences.ClanHall.<init>(ClanHall.java:106)
	at org.l2jmobius.gameserver.data.xml.ClanHallData.parseDocument(ClanHallData.java:163)
	at org.l2jmobius.commons.util.IXmlReader.parseFile(IXmlReader.java:102)
	at org.l2jmobius.commons.util.IXmlReader.parseDirectory(IXmlReader.java:208)
	at org.l2jmobius.commons.util.IXmlReader.parseDirectory(IXmlReader.java:204)
	at org.l2jmobius.commons.util.IXmlReader.parseDatapackDirectory(IXmlReader.java:150)
	at org.l2jmobius.gameserver.data.xml.ClanHallData.load(ClanHallData.java:59)
	at org.l2jmobius.gameserver.data.xml.ClanHallData.<init>(ClanHallData.java:53)
	at org.l2jmobius.gameserver.data.xml.ClanHallData$SingletonHolder.<clinit>(ClanHallData.java:238)
	at org.l2jmobius.gameserver.data.xml.ClanHallData.getInstance(ClanHallData.java:233)
	at org.l2jmobius.gameserver.GameServer.<init>(GameServer.java:304)
	at org.l2jmobius.gameserver.GameServer.main(GameServer.java:479)

Jul 09, 2026 2:12:03 PM org.l2jmobius.gameserver.model.residences.AbstractResidence initFunctions
WARNING: Failed to initialize functions for residence: 55
org.sqlite.SQLiteException: [SQLITE_ERROR] SQL error or missing database (no such table: residence_functions)
	at org.sqlite.core.DB.newSQLException(DB.java:1179)
	at org.sqlite.core.DB.newSQLException(DB.java:1190)
	at org.sqlite.core.DB.throwex(DB.java:1150)
	at org.sqlite.core.NativeDB.prepare_utf8(Native Method)
	at org.sqlite.core.NativeDB.prepare(NativeDB.java:132)
	at org.sqlite.core.DB.prepare(DB.java:264)
	at org.sqlite.core.CorePreparedStatement.<init>(CorePreparedStatement.java:46)
	at org.sqlite.jdbc3.JDBC3PreparedStatement.<init>(JDBC3PreparedStatement.java:32)
	at org.sqlite.jdbc4.JDBC4PreparedStatement.<init>(JDBC4PreparedStatement.java:25)
	at org.sqlite.jdbc4.JDBC4Connection.prepareStatement(JDBC4Connection.java:34)
	at org.sqlite.jdbc3.JDBC3Connection.prepareStatement(JDBC3Connection.java:225)
	at org.sqlite.jdbc3.JDBC3Connection.prepareStatement(JDBC3Connection.java:205)
	at org.l2jmobius.gameserver.model.residences.AbstractResidence.initFunctions(AbstractResidence.java:143)
	at org.l2jmobius.gameserver.model.residences.ClanHall.<init>(ClanHall.java:109)
	at org.l2jmobius.gameserver.data.xml.ClanHallData.parseDocument(ClanHallData.java:163)
	at org.l2jmobius.commons.util.IXmlReader.parseFile(IXmlReader.java:102)
	at org.l2jmobius.commons.util.IXmlReader.parseDirectory(IXmlReader.java:208)
	at org.l2jmobius.commons.util.IXmlReader.parseDirectory(IXmlReader.java:204)
	at org.l2jmobius.commons.util.IXmlReader.parseDatapackDirectory(IXmlReader.java:150)
	at org.l2jmobius.gameserver.data.xml.ClanHallData.load(ClanHallData.java:59)
	at org.l2jmobius.gameserver.data.xml.ClanHallData.<init>(ClanHallData.java:53)
	at org.l2jmobius.gameserver.data.xml.ClanHallData$SingletonHolder.<clinit>(ClanHallData.java:238)
	at org.l2jmobius.gameserver.data.xml.ClanHallData.getInstance(ClanHallData.java:233)
	at org.l2jmobius.gameserver.GameServer.<init>(GameServer.java:304)
	at org.l2jmobius.gameserver.GameServer.main(GameServer.java:479)

Jul 09, 2026 2:12:03 PM org.l2jmobius.gameserver.model.residences.ClanHall load
INFO: Failed loading clan hall
org.sqlite.SQLiteException: [SQLITE_ERROR] SQL error or missing database (no such table: clanhall)
	at org.sqlite.core.DB.newSQLException(DB.java:1179)
	at org.sqlite.core.DB.newSQLException(DB.java:1190)
	at org.sqlite.core.DB.throwex(DB.java:1150)
	at org.sqlite.core.NativeDB.prepare_utf8(Native Method)
	at org.sqlite.core.NativeDB.prepare(NativeDB.java:132)
	at org.sqlite.core.DB.prepare(DB.java:264)
	at org.sqlite.core.CorePreparedStatement.<init>(CorePreparedStatement.java:46)
	at org.sqlite.jdbc3.JDBC3PreparedStatement.<init>(JDBC3PreparedStatement.java:32)
	at org.sqlite.jdbc4.JDBC4PreparedStatement.<init>(JDBC4PreparedStatement.java:25)
	at org.sqlite.jdbc4.JDBC4Connection.prepareStatement(JDBC4Connection.java:34)
	at org.sqlite.jdbc3.JDBC3Connection.prepareStatement(JDBC3Connection.java:225)
	at org.sqlite.jdbc3.JDBC3Connection.prepareStatement(JDBC3Connection.java:205)
	at org.l2jmobius.gameserver.model.residences.ClanHall.load(ClanHall.java:116)
	at org.l2jmobius.gameserver.model.residences.ClanHall.<init>(ClanHall.java:106)
	at org.l2jmobius.gameserver.data.xml.ClanHallData.parseDocument(ClanHallData.java:163)
	at org.l2jmobius.commons.util.IXmlReader.parseFile(IXmlReader.java:102)
	at org.l2jmobius.commons.util.IXmlReader.parseDirectory(IXmlReader.java:208)
	at org.l2jmobius.commons.util.IXmlReader.parseDirectory(IXmlReader.java:204)
	at org.l2jmobius.commons.util.IXmlReader.parseDatapackDirectory(IXmlReader.java:150)
	at org.l2jmobius.gameserver.data.xml.ClanHallData.load(ClanHallData.java:59)
	at org.l2jmobius.gameserver.data.xml.ClanHallData.<init>(ClanHallData.java:53)
	at org.l2jmobius.gameserver.data.xml.ClanHallData$SingletonHolder.<clinit>(ClanHallData.java:238)
	at org.l2jmobius.gameserver.data.xml.ClanHallData.getInstance(ClanHallData.java:233)
	at org.l2jmobius.gameserver.GameServer.<init>(GameServer.java:304)
	at org.l2jmobius.gameserver.GameServer.main(GameServer.java:479)

Jul 09, 2026 2:12:03 PM org.l2jmobius.gameserver.model.residences.AbstractResidence initFunctions
WARNING: Failed to initialize functions for residence: 51
org.sqlite.SQLiteException: [SQLITE_ERROR] SQL error or missing database (no such table: residence_functions)
	at org.sqlite.core.DB.newSQLException(DB.java:1179)
	at org.sqlite.core.DB.newSQLException(DB.java:1190)
	at org.sqlite.core.DB.throwex(DB.java:1150)
	at org.sqlite.core.NativeDB.prepare_utf8(Native Method)
	at org.sqlite.core.NativeDB.prepare(NativeDB.java:132)
	at org.sqlite.core.DB.prepare(DB.java:264)
	at org.sqlite.core.CorePreparedStatement.<init>(CorePreparedStatement.java:46)
	at org.sqlite.jdbc3.JDBC3PreparedStatement.<init>(JDBC3PreparedStatement.java:32)
	at org.sqlite.jdbc4.JDBC4PreparedStatement.<init>(JDBC4PreparedStatement.java:25)
	at org.sqlite.jdbc4.JDBC4Connection.prepareStatement(JDBC4Connection.java:34)
	at org.sqlite.jdbc3.JDBC3Connection.prepareStatement(JDBC3Connection.java:225)
	at org.sqlite.jdbc3.JDBC3Connection.prepareStatement(JDBC3Connection.java:205)
	at org.l2jmobius.gameserver.model.residences.AbstractResidence.initFunctions(AbstractResidence.java:143)
	at org.l2jmobius.gameserver.model.residences.ClanHall.<init>(ClanHall.java:109)
	at org.l2jmobius.gameserver.data.xml.ClanHallData.parseDocument(ClanHallData.java:163)
	at org.l2jmobius.commons.util.IXmlReader.parseFile(IXmlReader.java:102)
	at org.l2jmobius.commons.util.IXmlReader.parseDirectory(IXmlReader.java:208)
	at org.l2jmobius.commons.util.IXmlReader.parseDirectory(IXmlReader.java:204)
	at org.l2jmobius.commons.util.IXmlReader.parseDatapackDirectory(IXmlReader.java:150)
	at org.l2jmobius.gameserver.data.xml.ClanHallData.load(ClanHallData.java:59)
	at org.l2jmobius.gameserver.data.xml.ClanHallData.<init>(ClanHallData.java:53)
	at org.l2jmobius.gameserver.data.xml.ClanHallData$SingletonHolder.<clinit>(ClanHallData.java:238)
	at org.l2jmobius.gameserver.data.xml.ClanHallData.getInstance(ClanHallData.java:233)
	at org.l2jmobius.gameserver.GameServer.<init>(GameServer.java:304)
	at org.l2jmobius.gameserver.GameServer.main(GameServer.java:479)

Jul 09, 2026 2:12:03 PM org.l2jmobius.gameserver.model.residences.ClanHall load
INFO: Failed loading clan hall
org.sqlite.SQLiteException: [SQLITE_ERROR] SQL error or missing database (no such table: clanhall)
	at org.sqlite.core.DB.newSQLException(DB.java:1179)
	at org.sqlite.core.DB.newSQLException(DB.java:1190)
	at org.sqlite.core.DB.throwex(DB.java:1150)
	at org.sqlite.core.NativeDB.prepare_utf8(Native Method)
	at org.sqlite.core.NativeDB.prepare(NativeDB.java:132)
	at org.sqlite.core.DB.prepare(DB.java:264)
	at org.sqlite.core.CorePreparedStatement.<init>(CorePreparedStatement.java:46)
	at org.sqlite.jdbc3.JDBC3PreparedStatement.<init>(JDBC3PreparedStatement.java:32)
	at org.sqlite.jdbc4.JDBC4PreparedStatement.<init>(JDBC4PreparedStatement.java:25)
	at org.sqlite.jdbc4.JDBC4Connection.prepareStatement(JDBC4Connection.java:34)
	at org.sqlite.jdbc3.JDBC3Connection.prepareStatement(JDBC3Connection.java:225)
	at org.sqlite.jdbc3.JDBC3Connection.prepareStatement(JDBC3Connection.java:205)
	at org.l2jmobius.gameserver.model.residences.ClanHall.load(ClanHall.java:116)
	at org.l2jmobius.gameserver.model.residences.ClanHall.<init>(ClanHall.java:106)
	at org.l2jmobius.gameserver.data.xml.ClanHallData.parseDocument(ClanHallData.java:163)
	at org.l2jmobius.commons.util.IXmlReader.parseFile(IXmlReader.java:102)
	at org.l2jmobius.commons.util.IXmlReader.parseDirectory(IXmlReader.java:208)
	at org.l2jmobius.commons.util.IXmlReader.parseDirectory(IXmlReader.java:204)
	at org.l2jmobius.commons.util.IXmlReader.parseDatapackDirectory(IXmlReader.java:150)
	at org.l2jmobius.gameserver.data.xml.ClanHallData.load(ClanHallData.java:59)
	at org.l2jmobius.gameserver.data.xml.ClanHallData.<init>(ClanHallData.java:53)
	at org.l2jmobius.gameserver.data.xml.ClanHallData$SingletonHolder.<clinit>(ClanHallData.java:238)
	at org.l2jmobius.gameserver.data.xml.ClanHallData.getInstance(ClanHallData.java:233)
	at org.l2jmobius.gameserver.GameServer.<init>(GameServer.java:304)
	at org.l2jmobius.gameserver.GameServer.main(GameServer.java:479)

Jul 09, 2026 2:12:03 PM org.l2jmobius.gameserver.model.residences.AbstractResidence initFunctions
WARNING: Failed to initialize functions for residence: 53
org.sqlite.SQLiteException: [SQLITE_ERROR] SQL error or missing database (no such table: residence_functions)
	at org.sqlite.core.DB.newSQLException(DB.java:1179)
	at org.sqlite.core.DB.newSQLException(DB.java:1190)
	at org.sqlite.core.DB.throwex(DB.java:1150)
	at org.sqlite.core.NativeDB.prepare_utf8(Native Method)
	at org.sqlite.core.NativeDB.prepare(NativeDB.java:132)
	at org.sqlite.core.DB.prepare(DB.java:264)
	at org.sqlite.core.CorePreparedStatement.<init>(CorePreparedStatement.java:46)
	at org.sqlite.jdbc3.JDBC3PreparedStatement.<init>(JDBC3PreparedStatement.java:32)
	at org.sqlite.jdbc4.JDBC4PreparedStatement.<init>(JDBC4PreparedStatement.java:25)
	at org.sqlite.jdbc4.JDBC4Connection.prepareStatement(JDBC4Connection.java:34)
	at org.sqlite.jdbc3.JDBC3Connection.prepareStatement(JDBC3Connection.java:225)
	at org.sqlite.jdbc3.JDBC3Connection.prepareStatement(JDBC3Connection.java:205)
	at org.l2jmobius.gameserver.model.residences.AbstractResidence.initFunctions(AbstractResidence.java:143)
	at org.l2jmobius.gameserver.model.residences.ClanHall.<init>(ClanHall.java:109)
	at org.l2jmobius.gameserver.data.xml.ClanHallData.parseDocument(ClanHallData.java:163)
	at org.l2jmobius.commons.util.IXmlReader.parseFile(IXmlReader.java:102)
	at org.l2jmobius.commons.util.IXmlReader.parseDirectory(IXmlReader.java:208)
	at org.l2jmobius.commons.util.IXmlReader.parseDirectory(IXmlReader.java:204)
	at org.l2jmobius.commons.util.IXmlReader.parseDatapackDirectory(IXmlReader.java:150)
	at org.l2jmobius.gameserver.data.xml.ClanHallData.load(ClanHallData.java:59)
	at org.l2jmobius.gameserver.data.xml.ClanHallData.<init>(ClanHallData.java:53)
	at org.l2jmobius.gameserver.data.xml.ClanHallData$SingletonHolder.<clinit>(ClanHallData.java:238)
	at org.l2jmobius.gameserver.data.xml.ClanHallData.getInstance(ClanHallData.java:233)
	at org.l2jmobius.gameserver.GameServer.<init>(GameServer.java:304)
	at org.l2jmobius.gameserver.GameServer.main(GameServer.java:479)

Jul 09, 2026 2:12:03 PM org.l2jmobius.gameserver.model.residences.ClanHall load
INFO: Failed loading clan hall
org.sqlite.SQLiteException: [SQLITE_ERROR] SQL error or missing database (no such table: clanhall)
	at org.sqlite.core.DB.newSQLException(DB.java:1179)
	at org.sqlite.core.DB.newSQLException(DB.java:1190)
	at org.sqlite.core.DB.throwex(DB.java:1150)
	at org.sqlite.core.NativeDB.prepare_utf8(Native Method)
	at org.sqlite.core.NativeDB.prepare(NativeDB.java:132)
	at org.sqlite.core.DB.prepare(DB.java:264)
	at org.sqlite.core.CorePreparedStatement.<init>(CorePreparedStatement.java:46)
	at org.sqlite.jdbc3.JDBC3PreparedStatement.<init>(JDBC3PreparedStatement.java:32)
	at org.sqlite.jdbc4.JDBC4PreparedStatement.<init>(JDBC4PreparedStatement.java:25)
	at org.sqlite.jdbc4.JDBC4Connection.prepareStatement(JDBC4Connection.java:34)
	at org.sqlite.jdbc3.JDBC3Connection.prepareStatement(JDBC3Connection.java:225)
	at org.sqlite.jdbc3.JDBC3Connection.prepareStatement(JDBC3Connection.java:205)
	at org.l2jmobius.gameserver.model.residences.ClanHall.load(ClanHall.java:116)
	at org.l2jmobius.gameserver.model.residences.ClanHall.<init>(ClanHall.java:106)
	at org.l2jmobius.gameserver.data.xml.ClanHallData.parseDocument(ClanHallData.java:163)
	at org.l2jmobius.commons.util.IXmlReader.parseFile(IXmlReader.java:102)
	at org.l2jmobius.commons.util.IXmlReader.parseDirectory(IXmlReader.java:208)
	at org.l2jmobius.commons.util.IXmlReader.parseDirectory(IXmlReader.java:204)
	at org.l2jmobius.commons.util.IXmlReader.parseDatapackDirectory(IXmlReader.java:150)
	at org.l2jmobius.gameserver.data.xml.ClanHallData.load(ClanHallData.java:59)
	at org.l2jmobius.gameserver.data.xml.ClanHallData.<init>(ClanHallData.java:53)
	at org.l2jmobius.gameserver.data.xml.ClanHallData$SingletonHolder.<clinit>(ClanHallData.java:238)
	at org.l2jmobius.gameserver.data.xml.ClanHallData.getInstance(ClanHallData.java:233)
	at org.l2jmobius.gameserver.GameServer.<init>(GameServer.java:304)
	at org.l2jmobius.gameserver.GameServer.main(GameServer.java:479)

Jul 09, 2026 2:12:03 PM org.l2jmobius.gameserver.model.residences.AbstractResidence initFunctions
WARNING: Failed to initialize functions for residence: 54
org.sqlite.SQLiteException: [SQLITE_ERROR] SQL error or missing database (no such table: residence_functions)
	at org.sqlite.core.DB.newSQLException(DB.java:1179)
	at org.sqlite.core.DB.newSQLException(DB.java:1190)
	at org.sqlite.core.DB.throwex(DB.java:1150)
	at org.sqlite.core.NativeDB.prepare_utf8(Native Method)
	at org.sqlite.core.NativeDB.prepare(NativeDB.java:132)
	at org.sqlite.core.DB.prepare(DB.java:264)
	at org.sqlite.core.CorePreparedStatement.<init>(CorePreparedStatement.java:46)
	at org.sqlite.jdbc3.JDBC3PreparedStatement.<init>(JDBC3PreparedStatement.java:32)
	at org.sqlite.jdbc4.JDBC4PreparedStatement.<init>(JDBC4PreparedStatement.java:25)
	at org.sqlite.jdbc4.JDBC4Connection.prepareStatement(JDBC4Connection.java:34)
	at org.sqlite.jdbc3.JDBC3Connection.prepareStatement(JDBC3Connection.java:225)
	at org.sqlite.jdbc3.JDBC3Connection.prepareStatement(JDBC3Connection.java:205)
	at org.l2jmobius.gameserver.model.residences.AbstractResidence.initFunctions(AbstractResidence.java:143)
	at org.l2jmobius.gameserver.model.residences.ClanHall.<init>(ClanHall.java:109)
	at org.l2jmobius.gameserver.data.xml.ClanHallData.parseDocument(ClanHallData.java:163)
	at org.l2jmobius.commons.util.IXmlReader.parseFile(IXmlReader.java:102)
	at org.l2jmobius.commons.util.IXmlReader.parseDirectory(IXmlReader.java:208)
	at org.l2jmobius.commons.util.IXmlReader.parseDirectory(IXmlReader.java:204)
	at org.l2jmobius.commons.util.IXmlReader.parseDatapackDirectory(IXmlReader.java:150)
	at org.l2jmobius.gameserver.data.xml.ClanHallData.load(ClanHallData.java:59)
	at org.l2jmobius.gameserver.data.xml.ClanHallData.<init>(ClanHallData.java:53)
	at org.l2jmobius.gameserver.data.xml.ClanHallData$SingletonHolder.<clinit>(ClanHallData.java:238)
	at org.l2jmobius.gameserver.data.xml.ClanHallData.getInstance(ClanHallData.java:233)
	at org.l2jmobius.gameserver.GameServer.<init>(GameServer.java:304)
	at org.l2jmobius.gameserver.GameServer.main(GameServer.java:479)

Jul 09, 2026 2:12:03 PM org.l2jmobius.gameserver.model.residences.ClanHall load
INFO: Failed loading clan hall
org.sqlite.SQLiteException: [SQLITE_ERROR] SQL error or missing database (no such table: clanhall)
	at org.sqlite.core.DB.newSQLException(DB.java:1179)
	at org.sqlite.core.DB.newSQLException(DB.java:1190)
	at org.sqlite.core.DB.throwex(DB.java:1150)
	at org.sqlite.core.NativeDB.prepare_utf8(Native Method)
	at org.sqlite.core.NativeDB.prepare(NativeDB.java:132)
	at org.sqlite.core.DB.prepare(DB.java:264)
	at org.sqlite.core.CorePreparedStatement.<init>(CorePreparedStatement.java:46)
	at org.sqlite.jdbc3.JDBC3PreparedStatement.<init>(JDBC3PreparedStatement.java:32)
	at org.sqlite.jdbc4.JDBC4PreparedStatement.<init>(JDBC4PreparedStatement.java:25)
	at org.sqlite.jdbc4.JDBC4Connection.prepareStatement(JDBC4Connection.java:34)
	at org.sqlite.jdbc3.JDBC3Connection.prepareStatement(JDBC3Connection.java:225)
	at org.sqlite.jdbc3.JDBC3Connection.prepareStatement(JDBC3Connection.java:205)
	at org.l2jmobius.gameserver.model.residences.ClanHall.load(ClanHall.java:116)
	at org.l2jmobius.gameserver.model.residences.ClanHall.<init>(ClanHall.java:106)
	at org.l2jmobius.gameserver.data.xml.ClanHallData.parseDocument(ClanHallData.java:163)
	at org.l2jmobius.commons.util.IXmlReader.parseFile(IXmlReader.java:102)
	at org.l2jmobius.commons.util.IXmlReader.parseDirectory(IXmlReader.java:208)
	at org.l2jmobius.commons.util.IXmlReader.parseDirectory(IXmlReader.java:204)
	at org.l2jmobius.commons.util.IXmlReader.parseDatapackDirectory(IXmlReader.java:150)
	at org.l2jmobius.gameserver.data.xml.ClanHallData.load(ClanHallData.java:59)
	at org.l2jmobius.gameserver.data.xml.ClanHallData.<init>(ClanHallData.java:53)
	at org.l2jmobius.gameserver.data.xml.ClanHallData$SingletonHolder.<clinit>(ClanHallData.java:238)
	at org.l2jmobius.gameserver.data.xml.ClanHallData.getInstance(ClanHallData.java:233)
	at org.l2jmobius.gameserver.GameServer.<init>(GameServer.java:304)
	at org.l2jmobius.gameserver.GameServer.main(GameServer.java:479)

Jul 09, 2026 2:12:03 PM org.l2jmobius.gameserver.model.residences.AbstractResidence initFunctions
WARNING: Failed to initialize functions for residence: 52
org.sqlite.SQLiteException: [SQLITE_ERROR] SQL error or missing database (no such table: residence_functions)
	at org.sqlite.core.DB.newSQLException(DB.java:1179)
	at org.sqlite.core.DB.newSQLException(DB.java:1190)
	at org.sqlite.core.DB.throwex(DB.java:1150)
	at org.sqlite.core.NativeDB.prepare_utf8(Native Method)
	at org.sqlite.core.NativeDB.prepare(NativeDB.java:132)
	at org.sqlite.core.DB.prepare(DB.java:264)
	at org.sqlite.core.CorePreparedStatement.<init>(CorePreparedStatement.java:46)
	at org.sqlite.jdbc3.JDBC3PreparedStatement.<init>(JDBC3PreparedStatement.java:32)
	at org.sqlite.jdbc4.JDBC4PreparedStatement.<init>(JDBC4PreparedStatement.java:25)
	at org.sqlite.jdbc4.JDBC4Connection.prepareStatement(JDBC4Connection.java:34)
	at org.sqlite.jdbc3.JDBC3Connection.prepareStatement(JDBC3Connection.java:225)
	at org.sqlite.jdbc3.JDBC3Connection.prepareStatement(JDBC3Connection.java:205)
	at org.l2jmobius.gameserver.model.residences.AbstractResidence.initFunctions(AbstractResidence.java:143)
	at org.l2jmobius.gameserver.model.residences.ClanHall.<init>(ClanHall.java:109)
	at org.l2jmobius.gameserver.data.xml.ClanHallData.parseDocument(ClanHallData.java:163)
	at org.l2jmobius.commons.util.IXmlReader.parseFile(IXmlReader.java:102)
	at org.l2jmobius.commons.util.IXmlReader.parseDirectory(IXmlReader.java:208)
	at org.l2jmobius.commons.util.IXmlReader.parseDirectory(IXmlReader.java:204)
	at org.l2jmobius.commons.util.IXmlReader.parseDatapackDirectory(IXmlReader.java:150)
	at org.l2jmobius.gameserver.data.xml.ClanHallData.load(ClanHallData.java:59)
	at org.l2jmobius.gameserver.data.xml.ClanHallData.<init>(ClanHallData.java:53)
	at org.l2jmobius.gameserver.data.xml.ClanHallData$SingletonHolder.<clinit>(ClanHallData.java:238)
	at org.l2jmobius.gameserver.data.xml.ClanHallData.getInstance(ClanHallData.java:233)
	at org.l2jmobius.gameserver.GameServer.<init>(GameServer.java:304)
	at org.l2jmobius.gameserver.GameServer.main(GameServer.java:479)

Jul 09, 2026 2:12:03 PM org.l2jmobius.gameserver.model.residences.ClanHall load
INFO: Failed loading clan hall
org.sqlite.SQLiteException: [SQLITE_ERROR] SQL error or missing database (no such table: clanhall)
	at org.sqlite.core.DB.newSQLException(DB.java:1179)
	at org.sqlite.core.DB.newSQLException(DB.java:1190)
	at org.sqlite.core.DB.throwex(DB.java:1150)
	at org.sqlite.core.NativeDB.prepare_utf8(Native Method)
	at org.sqlite.core.NativeDB.prepare(NativeDB.java:132)
	at org.sqlite.core.DB.prepare(DB.java:264)
	at org.sqlite.core.CorePreparedStatement.<init>(CorePreparedStatement.java:46)
	at org.sqlite.jdbc3.JDBC3PreparedStatement.<init>(JDBC3PreparedStatement.java:32)
	at org.sqlite.jdbc4.JDBC4PreparedStatement.<init>(JDBC4PreparedStatement.java:25)
	at org.sqlite.jdbc4.JDBC4Connection.prepareStatement(JDBC4Connection.java:34)
	at org.sqlite.jdbc3.JDBC3Connection.prepareStatement(JDBC3Connection.java:225)
	at org.sqlite.jdbc3.JDBC3Connection.prepareStatement(JDBC3Connection.java:205)
	at org.l2jmobius.gameserver.model.residences.ClanHall.load(ClanHall.java:116)
	at org.l2jmobius.gameserver.model.residences.ClanHall.<init>(ClanHall.java:106)
	at org.l2jmobius.gameserver.data.xml.ClanHallData.parseDocument(ClanHallData.java:163)
	at org.l2jmobius.commons.util.IXmlReader.parseFile(IXmlReader.java:102)
	at org.l2jmobius.commons.util.IXmlReader.parseDirectory(IXmlReader.java:208)
	at org.l2jmobius.commons.util.IXmlReader.parseDirectory(IXmlReader.java:204)
	at org.l2jmobius.commons.util.IXmlReader.parseDatapackDirectory(IXmlReader.java:150)
	at org.l2jmobius.gameserver.data.xml.ClanHallData.load(ClanHallData.java:59)
	at org.l2jmobius.gameserver.data.xml.ClanHallData.<init>(ClanHallData.java:53)
	at org.l2jmobius.gameserver.data.xml.ClanHallData$SingletonHolder.<clinit>(ClanHallData.java:238)
	at org.l2jmobius.gameserver.data.xml.ClanHallData.getInstance(ClanHallData.java:233)
	at org.l2jmobius.gameserver.GameServer.<init>(GameServer.java:304)
	at org.l2jmobius.gameserver.GameServer.main(GameServer.java:479)

Jul 09, 2026 2:12:03 PM org.l2jmobius.gameserver.model.residences.AbstractResidence initFunctions
WARNING: Failed to initialize functions for residence: 57
org.sqlite.SQLiteException: [SQLITE_ERROR] SQL error or missing database (no such table: residence_functions)
	at org.sqlite.core.DB.newSQLException(DB.java:1179)
	at org.sqlite.core.DB.newSQLException(DB.java:1190)
	at org.sqlite.core.DB.throwex(DB.java:1150)
	at org.sqlite.core.NativeDB.prepare_utf8(Native Method)
	at org.sqlite.core.NativeDB.prepare(NativeDB.java:132)
	at org.sqlite.core.DB.prepare(DB.java:264)
	at org.sqlite.core.CorePreparedStatement.<init>(CorePreparedStatement.java:46)
	at org.sqlite.jdbc3.JDBC3PreparedStatement.<init>(JDBC3PreparedStatement.java:32)
	at org.sqlite.jdbc4.JDBC4PreparedStatement.<init>(JDBC4PreparedStatement.java:25)
	at org.sqlite.jdbc4.JDBC4Connection.prepareStatement(JDBC4Connection.java:34)
	at org.sqlite.jdbc3.JDBC3Connection.prepareStatement(JDBC3Connection.java:225)
	at org.sqlite.jdbc3.JDBC3Connection.prepareStatement(JDBC3Connection.java:205)
	at org.l2jmobius.gameserver.model.residences.AbstractResidence.initFunctions(AbstractResidence.java:143)
	at org.l2jmobius.gameserver.model.residences.ClanHall.<init>(ClanHall.java:109)
	at org.l2jmobius.gameserver.data.xml.ClanHallData.parseDocument(ClanHallData.java:163)
	at org.l2jmobius.commons.util.IXmlReader.parseFile(IXmlReader.java:102)
	at org.l2jmobius.commons.util.IXmlReader.parseDirectory(IXmlReader.java:208)
	at org.l2jmobius.commons.util.IXmlReader.parseDirectory(IXmlReader.java:204)
	at org.l2jmobius.commons.util.IXmlReader.parseDatapackDirectory(IXmlReader.java:150)
	at org.l2jmobius.gameserver.data.xml.ClanHallData.load(ClanHallData.java:59)
	at org.l2jmobius.gameserver.data.xml.ClanHallData.<init>(ClanHallData.java:53)
	at org.l2jmobius.gameserver.data.xml.ClanHallData$SingletonHolder.<clinit>(ClanHallData.java:238)
	at org.l2jmobius.gameserver.data.xml.ClanHallData.getInstance(ClanHallData.java:233)
	at org.l2jmobius.gameserver.GameServer.<init>(GameServer.java:304)
	at org.l2jmobius.gameserver.GameServer.main(GameServer.java:479)

Jul 09, 2026 2:12:03 PM org.l2jmobius.gameserver.model.residences.ClanHall load
INFO: Failed loading clan hall
org.sqlite.SQLiteException: [SQLITE_ERROR] SQL error or missing database (no such table: clanhall)
	at org.sqlite.core.DB.newSQLException(DB.java:1179)
	at org.sqlite.core.DB.newSQLException(DB.java:1190)
	at org.sqlite.core.DB.throwex(DB.java:1150)
	at org.sqlite.core.NativeDB.prepare_utf8(Native Method)
	at org.sqlite.core.NativeDB.prepare(NativeDB.java:132)
	at org.sqlite.core.DB.prepare(DB.java:264)
	at org.sqlite.core.CorePreparedStatement.<init>(CorePreparedStatement.java:46)
	at org.sqlite.jdbc3.JDBC3PreparedStatement.<init>(JDBC3PreparedStatement.java:32)
	at org.sqlite.jdbc4.JDBC4PreparedStatement.<init>(JDBC4PreparedStatement.java:25)
	at org.sqlite.jdbc4.JDBC4Connection.prepareStatement(JDBC4Connection.java:34)
	at org.sqlite.jdbc3.JDBC3Connection.prepareStatement(JDBC3Connection.java:225)
	at org.sqlite.jdbc3.JDBC3Connection.prepareStatement(JDBC3Connection.java:205)
	at org.l2jmobius.gameserver.model.residences.ClanHall.load(ClanHall.java:116)
	at org.l2jmobius.gameserver.model.residences.ClanHall.<init>(ClanHall.java:106)
	at org.l2jmobius.gameserver.data.xml.ClanHallData.parseDocument(ClanHallData.java:163)
	at org.l2jmobius.commons.util.IXmlReader.parseFile(IXmlReader.java:102)
	at org.l2jmobius.commons.util.IXmlReader.parseDirectory(IXmlReader.java:208)
	at org.l2jmobius.commons.util.IXmlReader.parseDirectory(IXmlReader.java:204)
	at org.l2jmobius.commons.util.IXmlReader.parseDatapackDirectory(IXmlReader.java:150)
	at org.l2jmobius.gameserver.data.xml.ClanHallData.load(ClanHallData.java:59)
	at org.l2jmobius.gameserver.data.xml.ClanHallData.<init>(ClanHallData.java:53)
	at org.l2jmobius.gameserver.data.xml.ClanHallData$SingletonHolder.<clinit>(ClanHallData.java:238)
	at org.l2jmobius.gameserver.data.xml.ClanHallData.getInstance(ClanHallData.java:233)
	at org.l2jmobius.gameserver.GameServer.<init>(GameServer.java:304)
	at org.l2jmobius.gameserver.GameServer.main(GameServer.java:479)

Jul 09, 2026 2:12:03 PM org.l2jmobius.gameserver.model.residences.AbstractResidence initFunctions
WARNING: Failed to initialize functions for residence: 56
org.sqlite.SQLiteException: [SQLITE_ERROR] SQL error or missing database (no such table: residence_functions)
	at org.sqlite.core.DB.newSQLException(DB.java:1179)
	at org.sqlite.core.DB.newSQLException(DB.java:1190)
	at org.sqlite.core.DB.throwex(DB.java:1150)
	at org.sqlite.core.NativeDB.prepare_utf8(Native Method)
	at org.sqlite.core.NativeDB.prepare(NativeDB.java:132)
	at org.sqlite.core.DB.prepare(DB.java:264)
	at org.sqlite.core.CorePreparedStatement.<init>(CorePreparedStatement.java:46)
	at org.sqlite.jdbc3.JDBC3PreparedStatement.<init>(JDBC3PreparedStatement.java:32)
	at org.sqlite.jdbc4.JDBC4PreparedStatement.<init>(JDBC4PreparedStatement.java:25)
	at org.sqlite.jdbc4.JDBC4Connection.prepareStatement(JDBC4Connection.java:34)
	at org.sqlite.jdbc3.JDBC3Connection.prepareStatement(JDBC3Connection.java:225)
	at org.sqlite.jdbc3.JDBC3Connection.prepareStatement(JDBC3Connection.java:205)
	at org.l2jmobius.gameserver.model.residences.AbstractResidence.initFunctions(AbstractResidence.java:143)
	at org.l2jmobius.gameserver.model.residences.ClanHall.<init>(ClanHall.java:109)
	at org.l2jmobius.gameserver.data.xml.ClanHallData.parseDocument(ClanHallData.java:163)
	at org.l2jmobius.commons.util.IXmlReader.parseFile(IXmlReader.java:102)
	at org.l2jmobius.commons.util.IXmlReader.parseDirectory(IXmlReader.java:208)
	at org.l2jmobius.commons.util.IXmlReader.parseDirectory(IXmlReader.java:204)
	at org.l2jmobius.commons.util.IXmlReader.parseDatapackDirectory(IXmlReader.java:150)
	at org.l2jmobius.gameserver.data.xml.ClanHallData.load(ClanHallData.java:59)
	at org.l2jmobius.gameserver.data.xml.ClanHallData.<init>(ClanHallData.java:53)
	at org.l2jmobius.gameserver.data.xml.ClanHallData$SingletonHolder.<clinit>(ClanHallData.java:238)
	at org.l2jmobius.gameserver.data.xml.ClanHallData.getInstance(ClanHallData.java:233)
	at org.l2jmobius.gameserver.GameServer.<init>(GameServer.java:304)
	at org.l2jmobius.gameserver.GameServer.main(GameServer.java:479)

Jul 09, 2026 2:12:03 PM org.l2jmobius.gameserver.model.residences.ClanHall load
INFO: Failed loading clan hall
org.sqlite.SQLiteException: [SQLITE_ERROR] SQL error or missing database (no such table: clanhall)
	at org.sqlite.core.DB.newSQLException(DB.java:1179)
	at org.sqlite.core.DB.newSQLException(DB.java:1190)
	at org.sqlite.core.DB.throwex(DB.java:1150)
	at org.sqlite.core.NativeDB.prepare_utf8(Native Method)
	at org.sqlite.core.NativeDB.prepare(NativeDB.java:132)
	at org.sqlite.core.DB.prepare(DB.java:264)
	at org.sqlite.core.CorePreparedStatement.<init>(CorePreparedStatement.java:46)
	at org.sqlite.jdbc3.JDBC3PreparedStatement.<init>(JDBC3PreparedStatement.java:32)
	at org.sqlite.jdbc4.JDBC4PreparedStatement.<init>(JDBC4PreparedStatement.java:25)
	at org.sqlite.jdbc4.JDBC4Connection.prepareStatement(JDBC4Connection.java:34)
	at org.sqlite.jdbc3.JDBC3Connection.prepareStatement(JDBC3Connection.java:225)
	at org.sqlite.jdbc3.JDBC3Connection.prepareStatement(JDBC3Connection.java:205)
	at org.l2jmobius.gameserver.model.residences.ClanHall.load(ClanHall.java:116)
	at org.l2jmobius.gameserver.model.residences.ClanHall.<init>(ClanHall.java:106)
	at org.l2jmobius.gameserver.data.xml.ClanHallData.parseDocument(ClanHallData.java:163)
	at org.l2jmobius.commons.util.IXmlReader.parseFile(IXmlReader.java:102)
	at org.l2jmobius.commons.util.IXmlReader.parseDirectory(IXmlReader.java:208)
	at org.l2jmobius.commons.util.IXmlReader.parseDirectory(IXmlReader.java:204)
	at org.l2jmobius.commons.util.IXmlReader.parseDatapackDirectory(IXmlReader.java:150)
	at org.l2jmobius.gameserver.data.xml.ClanHallData.load(ClanHallData.java:59)
	at org.l2jmobius.gameserver.data.xml.ClanHallData.<init>(ClanHallData.java:53)
	at org.l2jmobius.gameserver.data.xml.ClanHallData$SingletonHolder.<clinit>(ClanHallData.java:238)
	at org.l2jmobius.gameserver.data.xml.ClanHallData.getInstance(ClanHallData.java:233)
	at org.l2jmobius.gameserver.GameServer.<init>(GameServer.java:304)
	at org.l2jmobius.gameserver.GameServer.main(GameServer.java:479)

Jul 09, 2026 2:12:03 PM org.l2jmobius.gameserver.model.residences.AbstractResidence initFunctions
WARNING: Failed to initialize functions for residence: 71
org.sqlite.SQLiteException: [SQLITE_ERROR] SQL error or missing database (no such table: residence_functions)
	at org.sqlite.core.DB.newSQLException(DB.java:1179)
	at org.sqlite.core.DB.newSQLException(DB.java:1190)
	at org.sqlite.core.DB.throwex(DB.java:1150)
	at org.sqlite.core.NativeDB.prepare_utf8(Native Method)
	at org.sqlite.core.NativeDB.prepare(NativeDB.java:132)
	at org.sqlite.core.DB.prepare(DB.java:264)
	at org.sqlite.core.CorePreparedStatement.<init>(CorePreparedStatement.java:46)
	at org.sqlite.jdbc3.JDBC3PreparedStatement.<init>(JDBC3PreparedStatement.java:32)
	at org.sqlite.jdbc4.JDBC4PreparedStatement.<init>(JDBC4PreparedStatement.java:25)
	at org.sqlite.jdbc4.JDBC4Connection.prepareStatement(JDBC4Connection.java:34)
	at org.sqlite.jdbc3.JDBC3Connection.prepareStatement(JDBC3Connection.java:225)
	at org.sqlite.jdbc3.JDBC3Connection.prepareStatement(JDBC3Connection.java:205)
	at org.l2jmobius.gameserver.model.residences.AbstractResidence.initFunctions(AbstractResidence.java:143)
	at org.l2jmobius.gameserver.model.residences.ClanHall.<init>(ClanHall.java:109)
	at org.l2jmobius.gameserver.data.xml.ClanHallData.parseDocument(ClanHallData.java:163)
	at org.l2jmobius.commons.util.IXmlReader.parseFile(IXmlReader.java:102)
	at org.l2jmobius.commons.util.IXmlReader.parseDirectory(IXmlReader.java:208)
	at org.l2jmobius.commons.util.IXmlReader.parseDirectory(IXmlReader.java:204)
	at org.l2jmobius.commons.util.IXmlReader.parseDatapackDirectory(IXmlReader.java:150)
	at org.l2jmobius.gameserver.data.xml.ClanHallData.load(ClanHallData.java:59)
	at org.l2jmobius.gameserver.data.xml.ClanHallData.<init>(ClanHallData.java:53)
	at org.l2jmobius.gameserver.data.xml.ClanHallData$SingletonHolder.<clinit>(ClanHallData.java:238)
	at org.l2jmobius.gameserver.data.xml.ClanHallData.getInstance(ClanHallData.java:233)
	at org.l2jmobius.gameserver.GameServer.<init>(GameServer.java:304)
	at org.l2jmobius.gameserver.GameServer.main(GameServer.java:479)

Jul 09, 2026 2:12:03 PM org.l2jmobius.gameserver.model.residences.ClanHall load
INFO: Failed loading clan hall
org.sqlite.SQLiteException: [SQLITE_ERROR] SQL error or missing database (no such table: clanhall)
	at org.sqlite.core.DB.newSQLException(DB.java:1179)
	at org.sqlite.core.DB.newSQLException(DB.java:1190)
	at org.sqlite.core.DB.throwex(DB.java:1150)
	at org.sqlite.core.NativeDB.prepare_utf8(Native Method)
	at org.sqlite.core.NativeDB.prepare(NativeDB.java:132)
	at org.sqlite.core.DB.prepare(DB.java:264)
	at org.sqlite.core.CorePreparedStatement.<init>(CorePreparedStatement.java:46)
	at org.sqlite.jdbc3.JDBC3PreparedStatement.<init>(JDBC3PreparedStatement.java:32)
	at org.sqlite.jdbc4.JDBC4PreparedStatement.<init>(JDBC4PreparedStatement.java:25)
	at org.sqlite.jdbc4.JDBC4Connection.prepareStatement(JDBC4Connection.java:34)
	at org.sqlite.jdbc3.JDBC3Connection.prepareStatement(JDBC3Connection.java:225)
	at org.sqlite.jdbc3.JDBC3Connection.prepareStatement(JDBC3Connection.java:205)
	at org.l2jmobius.gameserver.model.residences.ClanHall.load(ClanHall.java:116)
	at org.l2jmobius.gameserver.model.residences.ClanHall.<init>(ClanHall.java:106)
	at org.l2jmobius.gameserver.data.xml.ClanHallData.parseDocument(ClanHallData.java:163)
	at org.l2jmobius.commons.util.IXmlReader.parseFile(IXmlReader.java:102)
	at org.l2jmobius.commons.util.IXmlReader.parseDirectory(IXmlReader.java:208)
	at org.l2jmobius.commons.util.IXmlReader.parseDirectory(IXmlReader.java:204)
	at org.l2jmobius.commons.util.IXmlReader.parseDatapackDirectory(IXmlReader.java:150)
	at org.l2jmobius.gameserver.data.xml.ClanHallData.load(ClanHallData.java:59)
	at org.l2jmobius.gameserver.data.xml.ClanHallData.<init>(ClanHallData.java:53)
	at org.l2jmobius.gameserver.data.xml.ClanHallData$SingletonHolder.<clinit>(ClanHallData.java:238)
	at org.l2jmobius.gameserver.data.xml.ClanHallData.getInstance(ClanHallData.java:233)
	at org.l2jmobius.gameserver.GameServer.<init>(GameServer.java:304)
	at org.l2jmobius.gameserver.GameServer.main(GameServer.java:479)

Jul 09, 2026 2:12:03 PM org.l2jmobius.gameserver.model.residences.AbstractResidence initFunctions
WARNING: Failed to initialize functions for residence: 32
org.sqlite.SQLiteException: [SQLITE_ERROR] SQL error or missing database (no such table: residence_functions)
	at org.sqlite.core.DB.newSQLException(DB.java:1179)
	at org.sqlite.core.DB.newSQLException(DB.java:1190)
	at org.sqlite.core.DB.throwex(DB.java:1150)
	at org.sqlite.core.NativeDB.prepare_utf8(Native Method)
	at org.sqlite.core.NativeDB.prepare(NativeDB.java:132)
	at org.sqlite.core.DB.prepare(DB.java:264)
	at org.sqlite.core.CorePreparedStatement.<init>(CorePreparedStatement.java:46)
	at org.sqlite.jdbc3.JDBC3PreparedStatement.<init>(JDBC3PreparedStatement.java:32)
	at org.sqlite.jdbc4.JDBC4PreparedStatement.<init>(JDBC4PreparedStatement.java:25)
	at org.sqlite.jdbc4.JDBC4Connection.prepareStatement(JDBC4Connection.java:34)
	at org.sqlite.jdbc3.JDBC3Connection.prepareStatement(JDBC3Connection.java:225)
	at org.sqlite.jdbc3.JDBC3Connection.prepareStatement(JDBC3Connection.java:205)
	at org.l2jmobius.gameserver.model.residences.AbstractResidence.initFunctions(AbstractResidence.java:143)
	at org.l2jmobius.gameserver.model.residences.ClanHall.<init>(ClanHall.java:109)
	at org.l2jmobius.gameserver.data.xml.ClanHallData.parseDocument(ClanHallData.java:163)
	at org.l2jmobius.commons.util.IXmlReader.parseFile(IXmlReader.java:102)
	at org.l2jmobius.commons.util.IXmlReader.parseDirectory(IXmlReader.java:208)
	at org.l2jmobius.commons.util.IXmlReader.parseDirectory(IXmlReader.java:204)
	at org.l2jmobius.commons.util.IXmlReader.parseDatapackDirectory(IXmlReader.java:150)
	at org.l2jmobius.gameserver.data.xml.ClanHallData.load(ClanHallData.java:59)
	at org.l2jmobius.gameserver.data.xml.ClanHallData.<init>(ClanHallData.java:53)
	at org.l2jmobius.gameserver.data.xml.ClanHallData$SingletonHolder.<clinit>(ClanHallData.java:238)
	at org.l2jmobius.gameserver.data.xml.ClanHallData.getInstance(ClanHallData.java:233)
	at org.l2jmobius.gameserver.GameServer.<init>(GameServer.java:304)
	at org.l2jmobius.gameserver.GameServer.main(GameServer.java:479)

Jul 09, 2026 2:12:03 PM org.l2jmobius.gameserver.model.residences.ClanHall load
INFO: Failed loading clan hall
org.sqlite.SQLiteException: [SQLITE_ERROR] SQL error or missing database (no such table: clanhall)
	at org.sqlite.core.DB.newSQLException(DB.java:1179)
	at org.sqlite.core.DB.newSQLException(DB.java:1190)
	at org.sqlite.core.DB.throwex(DB.java:1150)
	at org.sqlite.core.NativeDB.prepare_utf8(Native Method)
	at org.sqlite.core.NativeDB.prepare(NativeDB.java:132)
	at org.sqlite.core.DB.prepare(DB.java:264)
	at org.sqlite.core.CorePreparedStatement.<init>(CorePreparedStatement.java:46)
	at org.sqlite.jdbc3.JDBC3PreparedStatement.<init>(JDBC3PreparedStatement.java:32)
	at org.sqlite.jdbc4.JDBC4PreparedStatement.<init>(JDBC4PreparedStatement.java:25)
	at org.sqlite.jdbc4.JDBC4Connection.prepareStatement(JDBC4Connection.java:34)
	at org.sqlite.jdbc3.JDBC3Connection.prepareStatement(JDBC3Connection.java:225)
	at org.sqlite.jdbc3.JDBC3Connection.prepareStatement(JDBC3Connection.java:205)
	at org.l2jmobius.gameserver.model.residences.ClanHall.load(ClanHall.java:116)
	at org.l2jmobius.gameserver.model.residences.ClanHall.<init>(ClanHall.java:106)
	at org.l2jmobius.gameserver.data.xml.ClanHallData.parseDocument(ClanHallData.java:163)
	at org.l2jmobius.commons.util.IXmlReader.parseFile(IXmlReader.java:102)
	at org.l2jmobius.commons.util.IXmlReader.parseDirectory(IXmlReader.java:208)
	at org.l2jmobius.commons.util.IXmlReader.parseDirectory(IXmlReader.java:204)
	at org.l2jmobius.commons.util.IXmlReader.parseDatapackDirectory(IXmlReader.java:150)
	at org.l2jmobius.gameserver.data.xml.ClanHallData.load(ClanHallData.java:59)
	at org.l2jmobius.gameserver.data.xml.ClanHallData.<init>(ClanHallData.java:53)
	at org.l2jmobius.gameserver.data.xml.ClanHallData$SingletonHolder.<clinit>(ClanHallData.java:238)
	at org.l2jmobius.gameserver.data.xml.ClanHallData.getInstance(ClanHallData.java:233)
	at org.l2jmobius.gameserver.GameServer.<init>(GameServer.java:304)
	at org.l2jmobius.gameserver.GameServer.main(GameServer.java:479)

Jul 09, 2026 2:12:03 PM org.l2jmobius.gameserver.model.residences.AbstractResidence initFunctions
WARNING: Failed to initialize functions for residence: 72
org.sqlite.SQLiteException: [SQLITE_ERROR] SQL error or missing database (no such table: residence_functions)
	at org.sqlite.core.DB.newSQLException(DB.java:1179)
	at org.sqlite.core.DB.newSQLException(DB.java:1190)
	at org.sqlite.core.DB.throwex(DB.java:1150)
	at org.sqlite.core.NativeDB.prepare_utf8(Native Method)
	at org.sqlite.core.NativeDB.prepare(NativeDB.java:132)
	at org.sqlite.core.DB.prepare(DB.java:264)
	at org.sqlite.core.CorePreparedStatement.<init>(CorePreparedStatement.java:46)
	at org.sqlite.jdbc3.JDBC3PreparedStatement.<init>(JDBC3PreparedStatement.java:32)
	at org.sqlite.jdbc4.JDBC4PreparedStatement.<init>(JDBC4PreparedStatement.java:25)
	at org.sqlite.jdbc4.JDBC4Connection.prepareStatement(JDBC4Connection.java:34)
	at org.sqlite.jdbc3.JDBC3Connection.prepareStatement(JDBC3Connection.java:225)
	at org.sqlite.jdbc3.JDBC3Connection.prepareStatement(JDBC3Connection.java:205)
	at org.l2jmobius.gameserver.model.residences.AbstractResidence.initFunctions(AbstractResidence.java:143)
	at org.l2jmobius.gameserver.model.residences.ClanHall.<init>(ClanHall.java:109)
	at org.l2jmobius.gameserver.data.xml.ClanHallData.parseDocument(ClanHallData.java:163)
	at org.l2jmobius.commons.util.IXmlReader.parseFile(IXmlReader.java:102)
	at org.l2jmobius.commons.util.IXmlReader.parseDirectory(IXmlReader.java:208)
	at org.l2jmobius.commons.util.IXmlReader.parseDirectory(IXmlReader.java:204)
	at org.l2jmobius.commons.util.IXmlReader.parseDatapackDirectory(IXmlReader.java:150)
	at org.l2jmobius.gameserver.data.xml.ClanHallData.load(ClanHallData.java:59)
	at org.l2jmobius.gameserver.data.xml.ClanHallData.<init>(ClanHallData.java:53)
	at org.l2jmobius.gameserver.data.xml.ClanHallData$SingletonHolder.<clinit>(ClanHallData.java:238)
	at org.l2jmobius.gameserver.data.xml.ClanHallData.getInstance(ClanHallData.java:233)
	at org.l2jmobius.gameserver.GameServer.<init>(GameServer.java:304)
	at org.l2jmobius.gameserver.GameServer.main(GameServer.java:479)

Jul 09, 2026 2:12:03 PM org.l2jmobius.gameserver.model.residences.ClanHall load
INFO: Failed loading clan hall
org.sqlite.SQLiteException: [SQLITE_ERROR] SQL error or missing database (no such table: clanhall)
	at org.sqlite.core.DB.newSQLException(DB.java:1179)
	at org.sqlite.core.DB.newSQLException(DB.java:1190)
	at org.sqlite.core.DB.throwex(DB.java:1150)
	at org.sqlite.core.NativeDB.prepare_utf8(Native Method)
	at org.sqlite.core.NativeDB.prepare(NativeDB.java:132)
	at org.sqlite.core.DB.prepare(DB.java:264)
	at org.sqlite.core.CorePreparedStatement.<init>(CorePreparedStatement.java:46)
	at org.sqlite.jdbc3.JDBC3PreparedStatement.<init>(JDBC3PreparedStatement.java:32)
	at org.sqlite.jdbc4.JDBC4PreparedStatement.<init>(JDBC4PreparedStatement.java:25)
	at org.sqlite.jdbc4.JDBC4Connection.prepareStatement(JDBC4Connection.java:34)
	at org.sqlite.jdbc3.JDBC3Connection.prepareStatement(JDBC3Connection.java:225)
	at org.sqlite.jdbc3.JDBC3Connection.prepareStatement(JDBC3Connection.java:205)
	at org.l2jmobius.gameserver.model.residences.ClanHall.load(ClanHall.java:116)
	at org.l2jmobius.gameserver.model.residences.ClanHall.<init>(ClanHall.java:106)
	at org.l2jmobius.gameserver.data.xml.ClanHallData.parseDocument(ClanHallData.java:163)
	at org.l2jmobius.commons.util.IXmlReader.parseFile(IXmlReader.java:102)
	at org.l2jmobius.commons.util.IXmlReader.parseDirectory(IXmlReader.java:208)
	at org.l2jmobius.commons.util.IXmlReader.parseDirectory(IXmlReader.java:204)
	at org.l2jmobius.commons.util.IXmlReader.parseDatapackDirectory(IXmlReader.java:150)
	at org.l2jmobius.gameserver.data.xml.ClanHallData.load(ClanHallData.java:59)
	at org.l2jmobius.gameserver.data.xml.ClanHallData.<init>(ClanHallData.java:53)
	at org.l2jmobius.gameserver.data.xml.ClanHallData$SingletonHolder.<clinit>(ClanHallData.java:238)
	at org.l2jmobius.gameserver.data.xml.ClanHallData.getInstance(ClanHallData.java:233)
	at org.l2jmobius.gameserver.GameServer.<init>(GameServer.java:304)
	at org.l2jmobius.gameserver.GameServer.main(GameServer.java:479)

Jul 09, 2026 2:12:03 PM org.l2jmobius.gameserver.model.residences.AbstractResidence initFunctions
WARNING: Failed to initialize functions for residence: 70
org.sqlite.SQLiteException: [SQLITE_ERROR] SQL error or missing database (no such table: residence_functions)
	at org.sqlite.core.DB.newSQLException(DB.java:1179)
	at org.sqlite.core.DB.newSQLException(DB.java:1190)
	at org.sqlite.core.DB.throwex(DB.java:1150)
	at org.sqlite.core.NativeDB.prepare_utf8(Native Method)
	at org.sqlite.core.NativeDB.prepare(NativeDB.java:132)
	at org.sqlite.core.DB.prepare(DB.java:264)
	at org.sqlite.core.CorePreparedStatement.<init>(CorePreparedStatement.java:46)
	at org.sqlite.jdbc3.JDBC3PreparedStatement.<init>(JDBC3PreparedStatement.java:32)
	at org.sqlite.jdbc4.JDBC4PreparedStatement.<init>(JDBC4PreparedStatement.java:25)
	at org.sqlite.jdbc4.JDBC4Connection.prepareStatement(JDBC4Connection.java:34)
	at org.sqlite.jdbc3.JDBC3Connection.prepareStatement(JDBC3Connection.java:225)
	at org.sqlite.jdbc3.JDBC3Connection.prepareStatement(JDBC3Connection.java:205)
	at org.l2jmobius.gameserver.model.residences.AbstractResidence.initFunctions(AbstractResidence.java:143)
	at org.l2jmobius.gameserver.model.residences.ClanHall.<init>(ClanHall.java:109)
	at org.l2jmobius.gameserver.data.xml.ClanHallData.parseDocument(ClanHallData.java:163)
	at org.l2jmobius.commons.util.IXmlReader.parseFile(IXmlReader.java:102)
	at org.l2jmobius.commons.util.IXmlReader.parseDirectory(IXmlReader.java:208)
	at org.l2jmobius.commons.util.IXmlReader.parseDirectory(IXmlReader.java:204)
	at org.l2jmobius.commons.util.IXmlReader.parseDatapackDirectory(IXmlReader.java:150)
	at org.l2jmobius.gameserver.data.xml.ClanHallData.load(ClanHallData.java:59)
	at org.l2jmobius.gameserver.data.xml.ClanHallData.<init>(ClanHallData.java:53)
	at org.l2jmobius.gameserver.data.xml.ClanHallData$SingletonHolder.<clinit>(ClanHallData.java:238)
	at org.l2jmobius.gameserver.data.xml.ClanHallData.getInstance(ClanHallData.java:233)
	at org.l2jmobius.gameserver.GameServer.<init>(GameServer.java:304)
	at org.l2jmobius.gameserver.GameServer.main(GameServer.java:479)

Jul 09, 2026 2:12:03 PM org.l2jmobius.gameserver.model.residences.ClanHall load
INFO: Failed loading clan hall
org.sqlite.SQLiteException: [SQLITE_ERROR] SQL error or missing database (no such table: clanhall)
	at org.sqlite.core.DB.newSQLException(DB.java:1179)
	at org.sqlite.core.DB.newSQLException(DB.java:1190)
	at org.sqlite.core.DB.throwex(DB.java:1150)
	at org.sqlite.core.NativeDB.prepare_utf8(Native Method)
	at org.sqlite.core.NativeDB.prepare(NativeDB.java:132)
	at org.sqlite.core.DB.prepare(DB.java:264)
	at org.sqlite.core.CorePreparedStatement.<init>(CorePreparedStatement.java:46)
	at org.sqlite.jdbc3.JDBC3PreparedStatement.<init>(JDBC3PreparedStatement.java:32)
	at org.sqlite.jdbc4.JDBC4PreparedStatement.<init>(JDBC4PreparedStatement.java:25)
	at org.sqlite.jdbc4.JDBC4Connection.prepareStatement(JDBC4Connection.java:34)
	at org.sqlite.jdbc3.JDBC3Connection.prepareStatement(JDBC3Connection.java:225)
	at org.sqlite.jdbc3.JDBC3Connection.prepareStatement(JDBC3Connection.java:205)
	at org.l2jmobius.gameserver.model.residences.ClanHall.load(ClanHall.java:116)
	at org.l2jmobius.gameserver.model.residences.ClanHall.<init>(ClanHall.java:106)
	at org.l2jmobius.gameserver.data.xml.ClanHallData.parseDocument(ClanHallData.java:163)
	at org.l2jmobius.commons.util.IXmlReader.parseFile(IXmlReader.java:102)
	at org.l2jmobius.commons.util.IXmlReader.parseDirectory(IXmlReader.java:208)
	at org.l2jmobius.commons.util.IXmlReader.parseDirectory(IXmlReader.java:204)
	at org.l2jmobius.commons.util.IXmlReader.parseDatapackDirectory(IXmlReader.java:150)
	at org.l2jmobius.gameserver.data.xml.ClanHallData.load(ClanHallData.java:59)
	at org.l2jmobius.gameserver.data.xml.ClanHallData.<init>(ClanHallData.java:53)
	at org.l2jmobius.gameserver.data.xml.ClanHallData$SingletonHolder.<clinit>(ClanHallData.java:238)
	at org.l2jmobius.gameserver.data.xml.ClanHallData.getInstance(ClanHallData.java:233)
	at org.l2jmobius.gameserver.GameServer.<init>(GameServer.java:304)
	at org.l2jmobius.gameserver.GameServer.main(GameServer.java:479)

Jul 09, 2026 2:12:03 PM org.l2jmobius.gameserver.model.residences.AbstractResidence initFunctions
WARNING: Failed to initialize functions for residence: 69
org.sqlite.SQLiteException: [SQLITE_ERROR] SQL error or missing database (no such table: residence_functions)
	at org.sqlite.core.DB.newSQLException(DB.java:1179)
	at org.sqlite.core.DB.newSQLException(DB.java:1190)
	at org.sqlite.core.DB.throwex(DB.java:1150)
	at org.sqlite.core.NativeDB.prepare_utf8(Native Method)
	at org.sqlite.core.NativeDB.prepare(NativeDB.java:132)
	at org.sqlite.core.DB.prepare(DB.java:264)
	at org.sqlite.core.CorePreparedStatement.<init>(CorePreparedStatement.java:46)
	at org.sqlite.jdbc3.JDBC3PreparedStatement.<init>(JDBC3PreparedStatement.java:32)
	at org.sqlite.jdbc4.JDBC4PreparedStatement.<init>(JDBC4PreparedStatement.java:25)
	at org.sqlite.jdbc4.JDBC4Connection.prepareStatement(JDBC4Connection.java:34)
	at org.sqlite.jdbc3.JDBC3Connection.prepareStatement(JDBC3Connection.java:225)
	at org.sqlite.jdbc3.JDBC3Connection.prepareStatement(JDBC3Connection.java:205)
	at org.l2jmobius.gameserver.model.residences.AbstractResidence.initFunctions(AbstractResidence.java:143)
	at org.l2jmobius.gameserver.model.residences.ClanHall.<init>(ClanHall.java:109)
	at org.l2jmobius.gameserver.data.xml.ClanHallData.parseDocument(ClanHallData.java:163)
	at org.l2jmobius.commons.util.IXmlReader.parseFile(IXmlReader.java:102)
	at org.l2jmobius.commons.util.IXmlReader.parseDirectory(IXmlReader.java:208)
	at org.l2jmobius.commons.util.IXmlReader.parseDirectory(IXmlReader.java:204)
	at org.l2jmobius.commons.util.IXmlReader.parseDatapackDirectory(IXmlReader.java:150)
	at org.l2jmobius.gameserver.data.xml.ClanHallData.load(ClanHallData.java:59)
	at org.l2jmobius.gameserver.data.xml.ClanHallData.<init>(ClanHallData.java:53)
	at org.l2jmobius.gameserver.data.xml.ClanHallData$SingletonHolder.<clinit>(ClanHallData.java:238)
	at org.l2jmobius.gameserver.data.xml.ClanHallData.getInstance(ClanHallData.java:233)
	at org.l2jmobius.gameserver.GameServer.<init>(GameServer.java:304)
	at org.l2jmobius.gameserver.GameServer.main(GameServer.java:479)

Jul 09, 2026 2:12:03 PM org.l2jmobius.gameserver.model.residences.ClanHall load
INFO: Failed loading clan hall
org.sqlite.SQLiteException: [SQLITE_ERROR] SQL error or missing database (no such table: clanhall)
	at org.sqlite.core.DB.newSQLException(DB.java:1179)
	at org.sqlite.core.DB.newSQLException(DB.java:1190)
	at org.sqlite.core.DB.throwex(DB.java:1150)
	at org.sqlite.core.NativeDB.prepare_utf8(Native Method)
	at org.sqlite.core.NativeDB.prepare(NativeDB.java:132)
	at org.sqlite.core.DB.prepare(DB.java:264)
	at org.sqlite.core.CorePreparedStatement.<init>(CorePreparedStatement.java:46)
	at org.sqlite.jdbc3.JDBC3PreparedStatement.<init>(JDBC3PreparedStatement.java:32)
	at org.sqlite.jdbc4.JDBC4PreparedStatement.<init>(JDBC4PreparedStatement.java:25)
	at org.sqlite.jdbc4.JDBC4Connection.prepareStatement(JDBC4Connection.java:34)
	at org.sqlite.jdbc3.JDBC3Connection.prepareStatement(JDBC3Connection.java:225)
	at org.sqlite.jdbc3.JDBC3Connection.prepareStatement(JDBC3Connection.java:205)
	at org.l2jmobius.gameserver.model.residences.ClanHall.load(ClanHall.java:116)
	at org.l2jmobius.gameserver.model.residences.ClanHall.<init>(ClanHall.java:106)
	at org.l2jmobius.gameserver.data.xml.ClanHallData.parseDocument(ClanHallData.java:163)
	at org.l2jmobius.commons.util.IXmlReader.parseFile(IXmlReader.java:102)
	at org.l2jmobius.commons.util.IXmlReader.parseDirectory(IXmlReader.java:208)
	at org.l2jmobius.commons.util.IXmlReader.parseDirectory(IXmlReader.java:204)
	at org.l2jmobius.commons.util.IXmlReader.parseDatapackDirectory(IXmlReader.java:150)
	at org.l2jmobius.gameserver.data.xml.ClanHallData.load(ClanHallData.java:59)
	at org.l2jmobius.gameserver.data.xml.ClanHallData.<init>(ClanHallData.java:53)
	at org.l2jmobius.gameserver.data.xml.ClanHallData$SingletonHolder.<clinit>(ClanHallData.java:238)
	at org.l2jmobius.gameserver.data.xml.ClanHallData.getInstance(ClanHallData.java:233)
	at org.l2jmobius.gameserver.GameServer.<init>(GameServer.java:304)
	at org.l2jmobius.gameserver.GameServer.main(GameServer.java:479)

Jul 09, 2026 2:12:03 PM org.l2jmobius.gameserver.model.residences.AbstractResidence initFunctions
WARNING: Failed to initialize functions for residence: 33
org.sqlite.SQLiteException: [SQLITE_ERROR] SQL error or missing database (no such table: residence_functions)
	at org.sqlite.core.DB.newSQLException(DB.java:1179)
	at org.sqlite.core.DB.newSQLException(DB.java:1190)
	at org.sqlite.core.DB.throwex(DB.java:1150)
	at org.sqlite.core.NativeDB.prepare_utf8(Native Method)
	at org.sqlite.core.NativeDB.prepare(NativeDB.java:132)
	at org.sqlite.core.DB.prepare(DB.java:264)
	at org.sqlite.core.CorePreparedStatement.<init>(CorePreparedStatement.java:46)
	at org.sqlite.jdbc3.JDBC3PreparedStatement.<init>(JDBC3PreparedStatement.java:32)
	at org.sqlite.jdbc4.JDBC4PreparedStatement.<init>(JDBC4PreparedStatement.java:25)
	at org.sqlite.jdbc4.JDBC4Connection.prepareStatement(JDBC4Connection.java:34)
	at org.sqlite.jdbc3.JDBC3Connection.prepareStatement(JDBC3Connection.java:225)
	at org.sqlite.jdbc3.JDBC3Connection.prepareStatement(JDBC3Connection.java:205)
	at org.l2jmobius.gameserver.model.residences.AbstractResidence.initFunctions(AbstractResidence.java:143)
	at org.l2jmobius.gameserver.model.residences.ClanHall.<init>(ClanHall.java:109)
	at org.l2jmobius.gameserver.data.xml.ClanHallData.parseDocument(ClanHallData.java:163)
	at org.l2jmobius.commons.util.IXmlReader.parseFile(IXmlReader.java:102)
	at org.l2jmobius.commons.util.IXmlReader.parseDirectory(IXmlReader.java:208)
	at org.l2jmobius.commons.util.IXmlReader.parseDirectory(IXmlReader.java:204)
	at org.l2jmobius.commons.util.IXmlReader.parseDatapackDirectory(IXmlReader.java:150)
	at org.l2jmobius.gameserver.data.xml.ClanHallData.load(ClanHallData.java:59)
	at org.l2jmobius.gameserver.data.xml.ClanHallData.<init>(ClanHallData.java:53)
	at org.l2jmobius.gameserver.data.xml.ClanHallData$SingletonHolder.<clinit>(ClanHallData.java:238)
	at org.l2jmobius.gameserver.data.xml.ClanHallData.getInstance(ClanHallData.java:233)
	at org.l2jmobius.gameserver.GameServer.<init>(GameServer.java:304)
	at org.l2jmobius.gameserver.GameServer.main(GameServer.java:479)

Jul 09, 2026 2:12:03 PM org.l2jmobius.gameserver.model.residences.ClanHall load
INFO: Failed loading clan hall
org.sqlite.SQLiteException: [SQLITE_ERROR] SQL error or missing database (no such table: clanhall)
	at org.sqlite.core.DB.newSQLException(DB.java:1179)
	at org.sqlite.core.DB.newSQLException(DB.java:1190)
	at org.sqlite.core.DB.throwex(DB.java:1150)
	at org.sqlite.core.NativeDB.prepare_utf8(Native Method)
	at org.sqlite.core.NativeDB.prepare(NativeDB.java:132)
	at org.sqlite.core.DB.prepare(DB.java:264)
	at org.sqlite.core.CorePreparedStatement.<init>(CorePreparedStatement.java:46)
	at org.sqlite.jdbc3.JDBC3PreparedStatement.<init>(JDBC3PreparedStatement.java:32)
	at org.sqlite.jdbc4.JDBC4PreparedStatement.<init>(JDBC4PreparedStatement.java:25)
	at org.sqlite.jdbc4.JDBC4Connection.prepareStatement(JDBC4Connection.java:34)
	at org.sqlite.jdbc3.JDBC3Connection.prepareStatement(JDBC3Connection.java:225)
	at org.sqlite.jdbc3.JDBC3Connection.prepareStatement(JDBC3Connection.java:205)
	at org.l2jmobius.gameserver.model.residences.ClanHall.load(ClanHall.java:116)
	at org.l2jmobius.gameserver.model.residences.ClanHall.<init>(ClanHall.java:106)
	at org.l2jmobius.gameserver.data.xml.ClanHallData.parseDocument(ClanHallData.java:163)
	at org.l2jmobius.commons.util.IXmlReader.parseFile(IXmlReader.java:102)
	at org.l2jmobius.commons.util.IXmlReader.parseDirectory(IXmlReader.java:208)
	at org.l2jmobius.commons.util.IXmlReader.parseDirectory(IXmlReader.java:204)
	at org.l2jmobius.commons.util.IXmlReader.parseDatapackDirectory(IXmlReader.java:150)
	at org.l2jmobius.gameserver.data.xml.ClanHallData.load(ClanHallData.java:59)
	at org.l2jmobius.gameserver.data.xml.ClanHallData.<init>(ClanHallData.java:53)
	at org.l2jmobius.gameserver.data.xml.ClanHallData$SingletonHolder.<clinit>(ClanHallData.java:238)
	at org.l2jmobius.gameserver.data.xml.ClanHallData.getInstance(ClanHallData.java:233)
	at org.l2jmobius.gameserver.GameServer.<init>(GameServer.java:304)
	at org.l2jmobius.gameserver.GameServer.main(GameServer.java:479)

Jul 09, 2026 2:12:03 PM org.l2jmobius.gameserver.model.residences.AbstractResidence initFunctions
WARNING: Failed to initialize functions for residence: 31
org.sqlite.SQLiteException: [SQLITE_ERROR] SQL error or missing database (no such table: residence_functions)
	at org.sqlite.core.DB.newSQLException(DB.java:1179)
	at org.sqlite.core.DB.newSQLException(DB.java:1190)
	at org.sqlite.core.DB.throwex(DB.java:1150)
	at org.sqlite.core.NativeDB.prepare_utf8(Native Method)
	at org.sqlite.core.NativeDB.prepare(NativeDB.java:132)
	at org.sqlite.core.DB.prepare(DB.java:264)
	at org.sqlite.core.CorePreparedStatement.<init>(CorePreparedStatement.java:46)
	at org.sqlite.jdbc3.JDBC3PreparedStatement.<init>(JDBC3PreparedStatement.java:32)
	at org.sqlite.jdbc4.JDBC4PreparedStatement.<init>(JDBC4PreparedStatement.java:25)
	at org.sqlite.jdbc4.JDBC4Connection.prepareStatement(JDBC4Connection.java:34)
	at org.sqlite.jdbc3.JDBC3Connection.prepareStatement(JDBC3Connection.java:225)
	at org.sqlite.jdbc3.JDBC3Connection.prepareStatement(JDBC3Connection.java:205)
	at org.l2jmobius.gameserver.model.residences.AbstractResidence.initFunctions(AbstractResidence.java:143)
	at org.l2jmobius.gameserver.model.residences.ClanHall.<init>(ClanHall.java:109)
	at org.l2jmobius.gameserver.data.xml.ClanHallData.parseDocument(ClanHallData.java:163)
	at org.l2jmobius.commons.util.IXmlReader.parseFile(IXmlReader.java:102)
	at org.l2jmobius.commons.util.IXmlReader.parseDirectory(IXmlReader.java:208)
	at org.l2jmobius.commons.util.IXmlReader.parseDirectory(IXmlReader.java:204)
	at org.l2jmobius.commons.util.IXmlReader.parseDatapackDirectory(IXmlReader.java:150)
	at org.l2jmobius.gameserver.data.xml.ClanHallData.load(ClanHallData.java:59)
	at org.l2jmobius.gameserver.data.xml.ClanHallData.<init>(ClanHallData.java:53)
	at org.l2jmobius.gameserver.data.xml.ClanHallData$SingletonHolder.<clinit>(ClanHallData.java:238)
	at org.l2jmobius.gameserver.data.xml.ClanHallData.getInstance(ClanHallData.java:233)
	at org.l2jmobius.gameserver.GameServer.<init>(GameServer.java:304)
	at org.l2jmobius.gameserver.GameServer.main(GameServer.java:479)

Jul 09, 2026 2:12:03 PM org.l2jmobius.gameserver.model.residences.ClanHall load
INFO: Failed loading clan hall
org.sqlite.SQLiteException: [SQLITE_ERROR] SQL error or missing database (no such table: clanhall)
	at org.sqlite.core.DB.newSQLException(DB.java:1179)
	at org.sqlite.core.DB.newSQLException(DB.java:1190)
	at org.sqlite.core.DB.throwex(DB.java:1150)
	at org.sqlite.core.NativeDB.prepare_utf8(Native Method)
	at org.sqlite.core.NativeDB.prepare(NativeDB.java:132)
	at org.sqlite.core.DB.prepare(DB.java:264)
	at org.sqlite.core.CorePreparedStatement.<init>(CorePreparedStatement.java:46)
	at org.sqlite.jdbc3.JDBC3PreparedStatement.<init>(JDBC3PreparedStatement.java:32)
	at org.sqlite.jdbc4.JDBC4PreparedStatement.<init>(JDBC4PreparedStatement.java:25)
	at org.sqlite.jdbc4.JDBC4Connection.prepareStatement(JDBC4Connection.java:34)
	at org.sqlite.jdbc3.JDBC3Connection.prepareStatement(JDBC3Connection.java:225)
	at org.sqlite.jdbc3.JDBC3Connection.prepareStatement(JDBC3Connection.java:205)
	at org.l2jmobius.gameserver.model.residences.ClanHall.load(ClanHall.java:116)
	at org.l2jmobius.gameserver.model.residences.ClanHall.<init>(ClanHall.java:106)
	at org.l2jmobius.gameserver.data.xml.ClanHallData.parseDocument(ClanHallData.java:163)
	at org.l2jmobius.commons.util.IXmlReader.parseFile(IXmlReader.java:102)
	at org.l2jmobius.commons.util.IXmlReader.parseDirectory(IXmlReader.java:208)
	at org.l2jmobius.commons.util.IXmlReader.parseDirectory(IXmlReader.java:204)
	at org.l2jmobius.commons.util.IXmlReader.parseDatapackDirectory(IXmlReader.java:150)
	at org.l2jmobius.gameserver.data.xml.ClanHallData.load(ClanHallData.java:59)
	at org.l2jmobius.gameserver.data.xml.ClanHallData.<init>(ClanHallData.java:53)
	at org.l2jmobius.gameserver.data.xml.ClanHallData$SingletonHolder.<clinit>(ClanHallData.java:238)
	at org.l2jmobius.gameserver.data.xml.ClanHallData.getInstance(ClanHallData.java:233)
	at org.l2jmobius.gameserver.GameServer.<init>(GameServer.java:304)
	at org.l2jmobius.gameserver.GameServer.main(GameServer.java:479)

Jul 09, 2026 2:12:03 PM org.l2jmobius.gameserver.model.residences.AbstractResidence initFunctions
WARNING: Failed to initialize functions for residence: 45
org.sqlite.SQLiteException: [SQLITE_ERROR] SQL error or missing database (no such table: residence_functions)
	at org.sqlite.core.DB.newSQLException(DB.java:1179)
	at org.sqlite.core.DB.newSQLException(DB.java:1190)
	at org.sqlite.core.DB.throwex(DB.java:1150)
	at org.sqlite.core.NativeDB.prepare_utf8(Native Method)
	at org.sqlite.core.NativeDB.prepare(NativeDB.java:132)
	at org.sqlite.core.DB.prepare(DB.java:264)
	at org.sqlite.core.CorePreparedStatement.<init>(CorePreparedStatement.java:46)
	at org.sqlite.jdbc3.JDBC3PreparedStatement.<init>(JDBC3PreparedStatement.java:32)
	at org.sqlite.jdbc4.JDBC4PreparedStatement.<init>(JDBC4PreparedStatement.java:25)
	at org.sqlite.jdbc4.JDBC4Connection.prepareStatement(JDBC4Connection.java:34)
	at org.sqlite.jdbc3.JDBC3Connection.prepareStatement(JDBC3Connection.java:225)
	at org.sqlite.jdbc3.JDBC3Connection.prepareStatement(JDBC3Connection.java:205)
	at org.l2jmobius.gameserver.model.residences.AbstractResidence.initFunctions(AbstractResidence.java:143)
	at org.l2jmobius.gameserver.model.residences.ClanHall.<init>(ClanHall.java:109)
	at org.l2jmobius.gameserver.data.xml.ClanHallData.parseDocument(ClanHallData.java:163)
	at org.l2jmobius.commons.util.IXmlReader.parseFile(IXmlReader.java:102)
	at org.l2jmobius.commons.util.IXmlReader.parseDirectory(IXmlReader.java:208)
	at org.l2jmobius.commons.util.IXmlReader.parseDirectory(IXmlReader.java:204)
	at org.l2jmobius.commons.util.IXmlReader.parseDatapackDirectory(IXmlReader.java:150)
	at org.l2jmobius.gameserver.data.xml.ClanHallData.load(ClanHallData.java:59)
	at org.l2jmobius.gameserver.data.xml.ClanHallData.<init>(ClanHallData.java:53)
	at org.l2jmobius.gameserver.data.xml.ClanHallData$SingletonHolder.<clinit>(ClanHallData.java:238)
	at org.l2jmobius.gameserver.data.xml.ClanHallData.getInstance(ClanHallData.java:233)
	at org.l2jmobius.gameserver.GameServer.<init>(GameServer.java:304)
	at org.l2jmobius.gameserver.GameServer.main(GameServer.java:479)

Jul 09, 2026 2:12:03 PM org.l2jmobius.gameserver.model.residences.ClanHall load
INFO: Failed loading clan hall
org.sqlite.SQLiteException: [SQLITE_ERROR] SQL error or missing database (no such table: clanhall)
	at org.sqlite.core.DB.newSQLException(DB.java:1179)
	at org.sqlite.core.DB.newSQLException(DB.java:1190)
	at org.sqlite.core.DB.throwex(DB.java:1150)
	at org.sqlite.core.NativeDB.prepare_utf8(Native Method)
	at org.sqlite.core.NativeDB.prepare(NativeDB.java:132)
	at org.sqlite.core.DB.prepare(DB.java:264)
	at org.sqlite.core.CorePreparedStatement.<init>(CorePreparedStatement.java:46)
	at org.sqlite.jdbc3.JDBC3PreparedStatement.<init>(JDBC3PreparedStatement.java:32)
	at org.sqlite.jdbc4.JDBC4PreparedStatement.<init>(JDBC4PreparedStatement.java:25)
	at org.sqlite.jdbc4.JDBC4Connection.prepareStatement(JDBC4Connection.java:34)
	at org.sqlite.jdbc3.JDBC3Connection.prepareStatement(JDBC3Connection.java:225)
	at org.sqlite.jdbc3.JDBC3Connection.prepareStatement(JDBC3Connection.java:205)
	at org.l2jmobius.gameserver.model.residences.ClanHall.load(ClanHall.java:116)
	at org.l2jmobius.gameserver.model.residences.ClanHall.<init>(ClanHall.java:106)
	at org.l2jmobius.gameserver.data.xml.ClanHallData.parseDocument(ClanHallData.java:163)
	at org.l2jmobius.commons.util.IXmlReader.parseFile(IXmlReader.java:102)
	at org.l2jmobius.commons.util.IXmlReader.parseDirectory(IXmlReader.java:208)
	at org.l2jmobius.commons.util.IXmlReader.parseDirectory(IXmlReader.java:204)
	at org.l2jmobius.commons.util.IXmlReader.parseDatapackDirectory(IXmlReader.java:150)
	at org.l2jmobius.gameserver.data.xml.ClanHallData.load(ClanHallData.java:59)
	at org.l2jmobius.gameserver.data.xml.ClanHallData.<init>(ClanHallData.java:53)
	at org.l2jmobius.gameserver.data.xml.ClanHallData$SingletonHolder.<clinit>(ClanHallData.java:238)
	at org.l2jmobius.gameserver.data.xml.ClanHallData.getInstance(ClanHallData.java:233)
	at org.l2jmobius.gameserver.GameServer.<init>(GameServer.java:304)
	at org.l2jmobius.gameserver.GameServer.main(GameServer.java:479)

Jul 09, 2026 2:12:03 PM org.l2jmobius.gameserver.model.residences.AbstractResidence initFunctions
WARNING: Failed to initialize functions for residence: 46
org.sqlite.SQLiteException: [SQLITE_ERROR] SQL error or missing database (no such table: residence_functions)
	at org.sqlite.core.DB.newSQLException(DB.java:1179)
	at org.sqlite.core.DB.newSQLException(DB.java:1190)
	at org.sqlite.core.DB.throwex(DB.java:1150)
	at org.sqlite.core.NativeDB.prepare_utf8(Native Method)
	at org.sqlite.core.NativeDB.prepare(NativeDB.java:132)
	at org.sqlite.core.DB.prepare(DB.java:264)
	at org.sqlite.core.CorePreparedStatement.<init>(CorePreparedStatement.java:46)
	at org.sqlite.jdbc3.JDBC3PreparedStatement.<init>(JDBC3PreparedStatement.java:32)
	at org.sqlite.jdbc4.JDBC4PreparedStatement.<init>(JDBC4PreparedStatement.java:25)
	at org.sqlite.jdbc4.JDBC4Connection.prepareStatement(JDBC4Connection.java:34)
	at org.sqlite.jdbc3.JDBC3Connection.prepareStatement(JDBC3Connection.java:225)
	at org.sqlite.jdbc3.JDBC3Connection.prepareStatement(JDBC3Connection.java:205)
	at org.l2jmobius.gameserver.model.residences.AbstractResidence.initFunctions(AbstractResidence.java:143)
	at org.l2jmobius.gameserver.model.residences.ClanHall.<init>(ClanHall.java:109)
	at org.l2jmobius.gameserver.data.xml.ClanHallData.parseDocument(ClanHallData.java:163)
	at org.l2jmobius.commons.util.IXmlReader.parseFile(IXmlReader.java:102)
	at org.l2jmobius.commons.util.IXmlReader.parseDirectory(IXmlReader.java:208)
	at org.l2jmobius.commons.util.IXmlReader.parseDirectory(IXmlReader.java:204)
	at org.l2jmobius.commons.util.IXmlReader.parseDatapackDirectory(IXmlReader.java:150)
	at org.l2jmobius.gameserver.data.xml.ClanHallData.load(ClanHallData.java:59)
	at org.l2jmobius.gameserver.data.xml.ClanHallData.<init>(ClanHallData.java:53)
	at org.l2jmobius.gameserver.data.xml.ClanHallData$SingletonHolder.<clinit>(ClanHallData.java:238)
	at org.l2jmobius.gameserver.data.xml.ClanHallData.getInstance(ClanHallData.java:233)
	at org.l2jmobius.gameserver.GameServer.<init>(GameServer.java:304)
	at org.l2jmobius.gameserver.GameServer.main(GameServer.java:479)

Jul 09, 2026 2:12:03 PM org.l2jmobius.gameserver.model.residences.ClanHall load
INFO: Failed loading clan hall
org.sqlite.SQLiteException: [SQLITE_ERROR] SQL error or missing database (no such table: clanhall)
	at org.sqlite.core.DB.newSQLException(DB.java:1179)
	at org.sqlite.core.DB.newSQLException(DB.java:1190)
	at org.sqlite.core.DB.throwex(DB.java:1150)
	at org.sqlite.core.NativeDB.prepare_utf8(Native Method)
	at org.sqlite.core.NativeDB.prepare(NativeDB.java:132)
	at org.sqlite.core.DB.prepare(DB.java:264)
	at org.sqlite.core.CorePreparedStatement.<init>(CorePreparedStatement.java:46)
	at org.sqlite.jdbc3.JDBC3PreparedStatement.<init>(JDBC3PreparedStatement.java:32)
	at org.sqlite.jdbc4.JDBC4PreparedStatement.<init>(JDBC4PreparedStatement.java:25)
	at org.sqlite.jdbc4.JDBC4Connection.prepareStatement(JDBC4Connection.java:34)
	at org.sqlite.jdbc3.JDBC3Connection.prepareStatement(JDBC3Connection.java:225)
	at org.sqlite.jdbc3.JDBC3Connection.prepareStatement(JDBC3Connection.java:205)
	at org.l2jmobius.gameserver.model.residences.ClanHall.load(ClanHall.java:116)
	at org.l2jmobius.gameserver.model.residences.ClanHall.<init>(ClanHall.java:106)
	at org.l2jmobius.gameserver.data.xml.ClanHallData.parseDocument(ClanHallData.java:163)
	at org.l2jmobius.commons.util.IXmlReader.parseFile(IXmlReader.java:102)
	at org.l2jmobius.commons.util.IXmlReader.parseDirectory(IXmlReader.java:208)
	at org.l2jmobius.commons.util.IXmlReader.parseDirectory(IXmlReader.java:204)
	at org.l2jmobius.commons.util.IXmlReader.parseDatapackDirectory(IXmlReader.java:150)
	at org.l2jmobius.gameserver.data.xml.ClanHallData.load(ClanHallData.java:59)
	at org.l2jmobius.gameserver.data.xml.ClanHallData.<init>(ClanHallData.java:53)
	at org.l2jmobius.gameserver.data.xml.ClanHallData$SingletonHolder.<clinit>(ClanHallData.java:238)
	at org.l2jmobius.gameserver.data.xml.ClanHallData.getInstance(ClanHallData.java:233)
	at org.l2jmobius.gameserver.GameServer.<init>(GameServer.java:304)
	at org.l2jmobius.gameserver.GameServer.main(GameServer.java:479)

Jul 09, 2026 2:12:03 PM org.l2jmobius.gameserver.model.residences.AbstractResidence initFunctions
WARNING: Failed to initialize functions for residence: 43
org.sqlite.SQLiteException: [SQLITE_ERROR] SQL error or missing database (no such table: residence_functions)
	at org.sqlite.core.DB.newSQLException(DB.java:1179)
	at org.sqlite.core.DB.newSQLException(DB.java:1190)
	at org.sqlite.core.DB.throwex(DB.java:1150)
	at org.sqlite.core.NativeDB.prepare_utf8(Native Method)
	at org.sqlite.core.NativeDB.prepare(NativeDB.java:132)
	at org.sqlite.core.DB.prepare(DB.java:264)
	at org.sqlite.core.CorePreparedStatement.<init>(CorePreparedStatement.java:46)
	at org.sqlite.jdbc3.JDBC3PreparedStatement.<init>(JDBC3PreparedStatement.java:32)
	at org.sqlite.jdbc4.JDBC4PreparedStatement.<init>(JDBC4PreparedStatement.java:25)
	at org.sqlite.jdbc4.JDBC4Connection.prepareStatement(JDBC4Connection.java:34)
	at org.sqlite.jdbc3.JDBC3Connection.prepareStatement(JDBC3Connection.java:225)
	at org.sqlite.jdbc3.JDBC3Connection.prepareStatement(JDBC3Connection.java:205)
	at org.l2jmobius.gameserver.model.residences.AbstractResidence.initFunctions(AbstractResidence.java:143)
	at org.l2jmobius.gameserver.model.residences.ClanHall.<init>(ClanHall.java:109)
	at org.l2jmobius.gameserver.data.xml.ClanHallData.parseDocument(ClanHallData.java:163)
	at org.l2jmobius.commons.util.IXmlReader.parseFile(IXmlReader.java:102)
	at org.l2jmobius.commons.util.IXmlReader.parseDirectory(IXmlReader.java:208)
	at org.l2jmobius.commons.util.IXmlReader.parseDirectory(IXmlReader.java:204)
	at org.l2jmobius.commons.util.IXmlReader.parseDatapackDirectory(IXmlReader.java:150)
	at org.l2jmobius.gameserver.data.xml.ClanHallData.load(ClanHallData.java:59)
	at org.l2jmobius.gameserver.data.xml.ClanHallData.<init>(ClanHallData.java:53)
	at org.l2jmobius.gameserver.data.xml.ClanHallData$SingletonHolder.<clinit>(ClanHallData.java:238)
	at org.l2jmobius.gameserver.data.xml.ClanHallData.getInstance(ClanHallData.java:233)
	at org.l2jmobius.gameserver.GameServer.<init>(GameServer.java:304)
	at org.l2jmobius.gameserver.GameServer.main(GameServer.java:479)

Jul 09, 2026 2:12:03 PM org.l2jmobius.gameserver.model.residences.ClanHall load
INFO: Failed loading clan hall
org.sqlite.SQLiteException: [SQLITE_ERROR] SQL error or missing database (no such table: clanhall)
	at org.sqlite.core.DB.newSQLException(DB.java:1179)
	at org.sqlite.core.DB.newSQLException(DB.java:1190)
	at org.sqlite.core.DB.throwex(DB.java:1150)
	at org.sqlite.core.NativeDB.prepare_utf8(Native Method)
	at org.sqlite.core.NativeDB.prepare(NativeDB.java:132)
	at org.sqlite.core.DB.prepare(DB.java:264)
	at org.sqlite.core.CorePreparedStatement.<init>(CorePreparedStatement.java:46)
	at org.sqlite.jdbc3.JDBC3PreparedStatement.<init>(JDBC3PreparedStatement.java:32)
	at org.sqlite.jdbc4.JDBC4PreparedStatement.<init>(JDBC4PreparedStatement.java:25)
	at org.sqlite.jdbc4.JDBC4Connection.prepareStatement(JDBC4Connection.java:34)
	at org.sqlite.jdbc3.JDBC3Connection.prepareStatement(JDBC3Connection.java:225)
	at org.sqlite.jdbc3.JDBC3Connection.prepareStatement(JDBC3Connection.java:205)
	at org.l2jmobius.gameserver.model.residences.ClanHall.load(ClanHall.java:116)
	at org.l2jmobius.gameserver.model.residences.ClanHall.<init>(ClanHall.java:106)
	at org.l2jmobius.gameserver.data.xml.ClanHallData.parseDocument(ClanHallData.java:163)
	at org.l2jmobius.commons.util.IXmlReader.parseFile(IXmlReader.java:102)
	at org.l2jmobius.commons.util.IXmlReader.parseDirectory(IXmlReader.java:208)
	at org.l2jmobius.commons.util.IXmlReader.parseDirectory(IXmlReader.java:204)
	at org.l2jmobius.commons.util.IXmlReader.parseDatapackDirectory(IXmlReader.java:150)
	at org.l2jmobius.gameserver.data.xml.ClanHallData.load(ClanHallData.java:59)
	at org.l2jmobius.gameserver.data.xml.ClanHallData.<init>(ClanHallData.java:53)
	at org.l2jmobius.gameserver.data.xml.ClanHallData$SingletonHolder.<clinit>(ClanHallData.java:238)
	at org.l2jmobius.gameserver.data.xml.ClanHallData.getInstance(ClanHallData.java:233)
	at org.l2jmobius.gameserver.GameServer.<init>(GameServer.java:304)
	at org.l2jmobius.gameserver.GameServer.main(GameServer.java:479)

Jul 09, 2026 2:12:03 PM org.l2jmobius.gameserver.model.residences.AbstractResidence initFunctions
WARNING: Failed to initialize functions for residence: 42
org.sqlite.SQLiteException: [SQLITE_ERROR] SQL error or missing database (no such table: residence_functions)
	at org.sqlite.core.DB.newSQLException(DB.java:1179)
	at org.sqlite.core.DB.newSQLException(DB.java:1190)
	at org.sqlite.core.DB.throwex(DB.java:1150)
	at org.sqlite.core.NativeDB.prepare_utf8(Native Method)
	at org.sqlite.core.NativeDB.prepare(NativeDB.java:132)
	at org.sqlite.core.DB.prepare(DB.java:264)
	at org.sqlite.core.CorePreparedStatement.<init>(CorePreparedStatement.java:46)
	at org.sqlite.jdbc3.JDBC3PreparedStatement.<init>(JDBC3PreparedStatement.java:32)
	at org.sqlite.jdbc4.JDBC4PreparedStatement.<init>(JDBC4PreparedStatement.java:25)
	at org.sqlite.jdbc4.JDBC4Connection.prepareStatement(JDBC4Connection.java:34)
	at org.sqlite.jdbc3.JDBC3Connection.prepareStatement(JDBC3Connection.java:225)
	at org.sqlite.jdbc3.JDBC3Connection.prepareStatement(JDBC3Connection.java:205)
	at org.l2jmobius.gameserver.model.residences.AbstractResidence.initFunctions(AbstractResidence.java:143)
	at org.l2jmobius.gameserver.model.residences.ClanHall.<init>(ClanHall.java:109)
	at org.l2jmobius.gameserver.data.xml.ClanHallData.parseDocument(ClanHallData.java:163)
	at org.l2jmobius.commons.util.IXmlReader.parseFile(IXmlReader.java:102)
	at org.l2jmobius.commons.util.IXmlReader.parseDirectory(IXmlReader.java:208)
	at org.l2jmobius.commons.util.IXmlReader.parseDirectory(IXmlReader.java:204)
	at org.l2jmobius.commons.util.IXmlReader.parseDatapackDirectory(IXmlReader.java:150)
	at org.l2jmobius.gameserver.data.xml.ClanHallData.load(ClanHallData.java:59)
	at org.l2jmobius.gameserver.data.xml.ClanHallData.<init>(ClanHallData.java:53)
	at org.l2jmobius.gameserver.data.xml.ClanHallData$SingletonHolder.<clinit>(ClanHallData.java:238)
	at org.l2jmobius.gameserver.data.xml.ClanHallData.getInstance(ClanHallData.java:233)
	at org.l2jmobius.gameserver.GameServer.<init>(GameServer.java:304)
	at org.l2jmobius.gameserver.GameServer.main(GameServer.java:479)

Jul 09, 2026 2:12:03 PM org.l2jmobius.gameserver.model.residences.ClanHall load
INFO: Failed loading clan hall
org.sqlite.SQLiteException: [SQLITE_ERROR] SQL error or missing database (no such table: clanhall)
	at org.sqlite.core.DB.newSQLException(DB.java:1179)
	at org.sqlite.core.DB.newSQLException(DB.java:1190)
	at org.sqlite.core.DB.throwex(DB.java:1150)
	at org.sqlite.core.NativeDB.prepare_utf8(Native Method)
	at org.sqlite.core.NativeDB.prepare(NativeDB.java:132)
	at org.sqlite.core.DB.prepare(DB.java:264)
	at org.sqlite.core.CorePreparedStatement.<init>(CorePreparedStatement.java:46)
	at org.sqlite.jdbc3.JDBC3PreparedStatement.<init>(JDBC3PreparedStatement.java:32)
	at org.sqlite.jdbc4.JDBC4PreparedStatement.<init>(JDBC4PreparedStatement.java:25)
	at org.sqlite.jdbc4.JDBC4Connection.prepareStatement(JDBC4Connection.java:34)
	at org.sqlite.jdbc3.JDBC3Connection.prepareStatement(JDBC3Connection.java:225)
	at org.sqlite.jdbc3.JDBC3Connection.prepareStatement(JDBC3Connection.java:205)
	at org.l2jmobius.gameserver.model.residences.ClanHall.load(ClanHall.java:116)
	at org.l2jmobius.gameserver.model.residences.ClanHall.<init>(ClanHall.java:106)
	at org.l2jmobius.gameserver.data.xml.ClanHallData.parseDocument(ClanHallData.java:163)
	at org.l2jmobius.commons.util.IXmlReader.parseFile(IXmlReader.java:102)
	at org.l2jmobius.commons.util.IXmlReader.parseDirectory(IXmlReader.java:208)
	at org.l2jmobius.commons.util.IXmlReader.parseDirectory(IXmlReader.java:204)
	at org.l2jmobius.commons.util.IXmlReader.parseDatapackDirectory(IXmlReader.java:150)
	at org.l2jmobius.gameserver.data.xml.ClanHallData.load(ClanHallData.java:59)
	at org.l2jmobius.gameserver.data.xml.ClanHallData.<init>(ClanHallData.java:53)
	at org.l2jmobius.gameserver.data.xml.ClanHallData$SingletonHolder.<clinit>(ClanHallData.java:238)
	at org.l2jmobius.gameserver.data.xml.ClanHallData.getInstance(ClanHallData.java:233)
	at org.l2jmobius.gameserver.GameServer.<init>(GameServer.java:304)
	at org.l2jmobius.gameserver.GameServer.main(GameServer.java:479)

Jul 09, 2026 2:12:03 PM org.l2jmobius.gameserver.model.residences.AbstractResidence initFunctions
WARNING: Failed to initialize functions for residence: 44
org.sqlite.SQLiteException: [SQLITE_ERROR] SQL error or missing database (no such table: residence_functions)
	at org.sqlite.core.DB.newSQLException(DB.java:1179)
	at org.sqlite.core.DB.newSQLException(DB.java:1190)
	at org.sqlite.core.DB.throwex(DB.java:1150)
	at org.sqlite.core.NativeDB.prepare_utf8(Native Method)
	at org.sqlite.core.NativeDB.prepare(NativeDB.java:132)
	at org.sqlite.core.DB.prepare(DB.java:264)
	at org.sqlite.core.CorePreparedStatement.<init>(CorePreparedStatement.java:46)
	at org.sqlite.jdbc3.JDBC3PreparedStatement.<init>(JDBC3PreparedStatement.java:32)
	at org.sqlite.jdbc4.JDBC4PreparedStatement.<init>(JDBC4PreparedStatement.java:25)
	at org.sqlite.jdbc4.JDBC4Connection.prepareStatement(JDBC4Connection.java:34)
	at org.sqlite.jdbc3.JDBC3Connection.prepareStatement(JDBC3Connection.java:225)
	at org.sqlite.jdbc3.JDBC3Connection.prepareStatement(JDBC3Connection.java:205)
	at org.l2jmobius.gameserver.model.residences.AbstractResidence.initFunctions(AbstractResidence.java:143)
	at org.l2jmobius.gameserver.model.residences.ClanHall.<init>(ClanHall.java:109)
	at org.l2jmobius.gameserver.data.xml.ClanHallData.parseDocument(ClanHallData.java:163)
	at org.l2jmobius.commons.util.IXmlReader.parseFile(IXmlReader.java:102)
	at org.l2jmobius.commons.util.IXmlReader.parseDirectory(IXmlReader.java:208)
	at org.l2jmobius.commons.util.IXmlReader.parseDirectory(IXmlReader.java:204)
	at org.l2jmobius.commons.util.IXmlReader.parseDatapackDirectory(IXmlReader.java:150)
	at org.l2jmobius.gameserver.data.xml.ClanHallData.load(ClanHallData.java:59)
	at org.l2jmobius.gameserver.data.xml.ClanHallData.<init>(ClanHallData.java:53)
	at org.l2jmobius.gameserver.data.xml.ClanHallData$SingletonHolder.<clinit>(ClanHallData.java:238)
	at org.l2jmobius.gameserver.data.xml.ClanHallData.getInstance(ClanHallData.java:233)
	at org.l2jmobius.gameserver.GameServer.<init>(GameServer.java:304)
	at org.l2jmobius.gameserver.GameServer.main(GameServer.java:479)

Jul 09, 2026 2:12:03 PM org.l2jmobius.gameserver.model.residences.ClanHall load
INFO: Failed loading clan hall
org.sqlite.SQLiteException: [SQLITE_ERROR] SQL error or missing database (no such table: clanhall)
	at org.sqlite.core.DB.newSQLException(DB.java:1179)
	at org.sqlite.core.DB.newSQLException(DB.java:1190)
	at org.sqlite.core.DB.throwex(DB.java:1150)
	at org.sqlite.core.NativeDB.prepare_utf8(Native Method)
	at org.sqlite.core.NativeDB.prepare(NativeDB.java:132)
	at org.sqlite.core.DB.prepare(DB.java:264)
	at org.sqlite.core.CorePreparedStatement.<init>(CorePreparedStatement.java:46)
	at org.sqlite.jdbc3.JDBC3PreparedStatement.<init>(JDBC3PreparedStatement.java:32)
	at org.sqlite.jdbc4.JDBC4PreparedStatement.<init>(JDBC4PreparedStatement.java:25)
	at org.sqlite.jdbc4.JDBC4Connection.prepareStatement(JDBC4Connection.java:34)
	at org.sqlite.jdbc3.JDBC3Connection.prepareStatement(JDBC3Connection.java:225)
	at org.sqlite.jdbc3.JDBC3Connection.prepareStatement(JDBC3Connection.java:205)
	at org.l2jmobius.gameserver.model.residences.ClanHall.load(ClanHall.java:116)
	at org.l2jmobius.gameserver.model.residences.ClanHall.<init>(ClanHall.java:106)
	at org.l2jmobius.gameserver.data.xml.ClanHallData.parseDocument(ClanHallData.java:163)
	at org.l2jmobius.commons.util.IXmlReader.parseFile(IXmlReader.java:102)
	at org.l2jmobius.commons.util.IXmlReader.parseDirectory(IXmlReader.java:208)
	at org.l2jmobius.commons.util.IXmlReader.parseDirectory(IXmlReader.java:204)
	at org.l2jmobius.commons.util.IXmlReader.parseDatapackDirectory(IXmlReader.java:150)
	at org.l2jmobius.gameserver.data.xml.ClanHallData.load(ClanHallData.java:59)
	at org.l2jmobius.gameserver.data.xml.ClanHallData.<init>(ClanHallData.java:53)
	at org.l2jmobius.gameserver.data.xml.ClanHallData$SingletonHolder.<clinit>(ClanHallData.java:238)
	at org.l2jmobius.gameserver.data.xml.ClanHallData.getInstance(ClanHallData.java:233)
	at org.l2jmobius.gameserver.GameServer.<init>(GameServer.java:304)
	at org.l2jmobius.gameserver.GameServer.main(GameServer.java:479)

Jul 09, 2026 2:12:03 PM org.l2jmobius.gameserver.model.residences.AbstractResidence initFunctions
WARNING: Failed to initialize functions for residence: 60
org.sqlite.SQLiteException: [SQLITE_ERROR] SQL error or missing database (no such table: residence_functions)
	at org.sqlite.core.DB.newSQLException(DB.java:1179)
	at org.sqlite.core.DB.newSQLException(DB.java:1190)
	at org.sqlite.core.DB.throwex(DB.java:1150)
	at org.sqlite.core.NativeDB.prepare_utf8(Native Method)
	at org.sqlite.core.NativeDB.prepare(NativeDB.java:132)
	at org.sqlite.core.DB.prepare(DB.java:264)
	at org.sqlite.core.CorePreparedStatement.<init>(CorePreparedStatement.java:46)
	at org.sqlite.jdbc3.JDBC3PreparedStatement.<init>(JDBC3PreparedStatement.java:32)
	at org.sqlite.jdbc4.JDBC4PreparedStatement.<init>(JDBC4PreparedStatement.java:25)
	at org.sqlite.jdbc4.JDBC4Connection.prepareStatement(JDBC4Connection.java:34)
	at org.sqlite.jdbc3.JDBC3Connection.prepareStatement(JDBC3Connection.java:225)
	at org.sqlite.jdbc3.JDBC3Connection.prepareStatement(JDBC3Connection.java:205)
	at org.l2jmobius.gameserver.model.residences.AbstractResidence.initFunctions(AbstractResidence.java:143)
	at org.l2jmobius.gameserver.model.residences.ClanHall.<init>(ClanHall.java:109)
	at org.l2jmobius.gameserver.data.xml.ClanHallData.parseDocument(ClanHallData.java:163)
	at org.l2jmobius.commons.util.IXmlReader.parseFile(IXmlReader.java:102)
	at org.l2jmobius.commons.util.IXmlReader.parseDirectory(IXmlReader.java:208)
	at org.l2jmobius.commons.util.IXmlReader.parseDirectory(IXmlReader.java:204)
	at org.l2jmobius.commons.util.IXmlReader.parseDatapackDirectory(IXmlReader.java:150)
	at org.l2jmobius.gameserver.data.xml.ClanHallData.load(ClanHallData.java:59)
	at org.l2jmobius.gameserver.data.xml.ClanHallData.<init>(ClanHallData.java:53)
	at org.l2jmobius.gameserver.data.xml.ClanHallData$SingletonHolder.<clinit>(ClanHallData.java:238)
	at org.l2jmobius.gameserver.data.xml.ClanHallData.getInstance(ClanHallData.java:233)
	at org.l2jmobius.gameserver.GameServer.<init>(GameServer.java:304)
	at org.l2jmobius.gameserver.GameServer.main(GameServer.java:479)

Jul 09, 2026 2:12:03 PM org.l2jmobius.gameserver.model.residences.ClanHall load
INFO: Failed loading clan hall
org.sqlite.SQLiteException: [SQLITE_ERROR] SQL error or missing database (no such table: clanhall)
	at org.sqlite.core.DB.newSQLException(DB.java:1179)
	at org.sqlite.core.DB.newSQLException(DB.java:1190)
	at org.sqlite.core.DB.throwex(DB.java:1150)
	at org.sqlite.core.NativeDB.prepare_utf8(Native Method)
	at org.sqlite.core.NativeDB.prepare(NativeDB.java:132)
	at org.sqlite.core.DB.prepare(DB.java:264)
	at org.sqlite.core.CorePreparedStatement.<init>(CorePreparedStatement.java:46)
	at org.sqlite.jdbc3.JDBC3PreparedStatement.<init>(JDBC3PreparedStatement.java:32)
	at org.sqlite.jdbc4.JDBC4PreparedStatement.<init>(JDBC4PreparedStatement.java:25)
	at org.sqlite.jdbc4.JDBC4Connection.prepareStatement(JDBC4Connection.java:34)
	at org.sqlite.jdbc3.JDBC3Connection.prepareStatement(JDBC3Connection.java:225)
	at org.sqlite.jdbc3.JDBC3Connection.prepareStatement(JDBC3Connection.java:205)
	at org.l2jmobius.gameserver.model.residences.ClanHall.load(ClanHall.java:116)
	at org.l2jmobius.gameserver.model.residences.ClanHall.<init>(ClanHall.java:106)
	at org.l2jmobius.gameserver.data.xml.ClanHallData.parseDocument(ClanHallData.java:163)
	at org.l2jmobius.commons.util.IXmlReader.parseFile(IXmlReader.java:102)
	at org.l2jmobius.commons.util.IXmlReader.parseDirectory(IXmlReader.java:208)
	at org.l2jmobius.commons.util.IXmlReader.parseDirectory(IXmlReader.java:204)
	at org.l2jmobius.commons.util.IXmlReader.parseDatapackDirectory(IXmlReader.java:150)
	at org.l2jmobius.gameserver.data.xml.ClanHallData.load(ClanHallData.java:59)
	at org.l2jmobius.gameserver.data.xml.ClanHallData.<init>(ClanHallData.java:53)
	at org.l2jmobius.gameserver.data.xml.ClanHallData$SingletonHolder.<clinit>(ClanHallData.java:238)
	at org.l2jmobius.gameserver.data.xml.ClanHallData.getInstance(ClanHallData.java:233)
	at org.l2jmobius.gameserver.GameServer.<init>(GameServer.java:304)
	at org.l2jmobius.gameserver.GameServer.main(GameServer.java:479)

Jul 09, 2026 2:12:03 PM org.l2jmobius.gameserver.model.residences.AbstractResidence initFunctions
WARNING: Failed to initialize functions for residence: 59
org.sqlite.SQLiteException: [SQLITE_ERROR] SQL error or missing database (no such table: residence_functions)
	at org.sqlite.core.DB.newSQLException(DB.java:1179)
	at org.sqlite.core.DB.newSQLException(DB.java:1190)
	at org.sqlite.core.DB.throwex(DB.java:1150)
	at org.sqlite.core.NativeDB.prepare_utf8(Native Method)
	at org.sqlite.core.NativeDB.prepare(NativeDB.java:132)
	at org.sqlite.core.DB.prepare(DB.java:264)
	at org.sqlite.core.CorePreparedStatement.<init>(CorePreparedStatement.java:46)
	at org.sqlite.jdbc3.JDBC3PreparedStatement.<init>(JDBC3PreparedStatement.java:32)
	at org.sqlite.jdbc4.JDBC4PreparedStatement.<init>(JDBC4PreparedStatement.java:25)
	at org.sqlite.jdbc4.JDBC4Connection.prepareStatement(JDBC4Connection.java:34)
	at org.sqlite.jdbc3.JDBC3Connection.prepareStatement(JDBC3Connection.java:225)
	at org.sqlite.jdbc3.JDBC3Connection.prepareStatement(JDBC3Connection.java:205)
	at org.l2jmobius.gameserver.model.residences.AbstractResidence.initFunctions(AbstractResidence.java:143)
	at org.l2jmobius.gameserver.model.residences.ClanHall.<init>(ClanHall.java:109)
	at org.l2jmobius.gameserver.data.xml.ClanHallData.parseDocument(ClanHallData.java:163)
	at org.l2jmobius.commons.util.IXmlReader.parseFile(IXmlReader.java:102)
	at org.l2jmobius.commons.util.IXmlReader.parseDirectory(IXmlReader.java:208)
	at org.l2jmobius.commons.util.IXmlReader.parseDirectory(IXmlReader.java:204)
	at org.l2jmobius.commons.util.IXmlReader.parseDatapackDirectory(IXmlReader.java:150)
	at org.l2jmobius.gameserver.data.xml.ClanHallData.load(ClanHallData.java:59)
	at org.l2jmobius.gameserver.data.xml.ClanHallData.<init>(ClanHallData.java:53)
	at org.l2jmobius.gameserver.data.xml.ClanHallData$SingletonHolder.<clinit>(ClanHallData.java:238)
	at org.l2jmobius.gameserver.data.xml.ClanHallData.getInstance(ClanHallData.java:233)
	at org.l2jmobius.gameserver.GameServer.<init>(GameServer.java:304)
	at org.l2jmobius.gameserver.GameServer.main(GameServer.java:479)

Jul 09, 2026 2:12:03 PM org.l2jmobius.gameserver.model.residences.ClanHall load
INFO: Failed loading clan hall
org.sqlite.SQLiteException: [SQLITE_ERROR] SQL error or missing database (no such table: clanhall)
	at org.sqlite.core.DB.newSQLException(DB.java:1179)
	at org.sqlite.core.DB.newSQLException(DB.java:1190)
	at org.sqlite.core.DB.throwex(DB.java:1150)
	at org.sqlite.core.NativeDB.prepare_utf8(Native Method)
	at org.sqlite.core.NativeDB.prepare(NativeDB.java:132)
	at org.sqlite.core.DB.prepare(DB.java:264)
	at org.sqlite.core.CorePreparedStatement.<init>(CorePreparedStatement.java:46)
	at org.sqlite.jdbc3.JDBC3PreparedStatement.<init>(JDBC3PreparedStatement.java:32)
	at org.sqlite.jdbc4.JDBC4PreparedStatement.<init>(JDBC4PreparedStatement.java:25)
	at org.sqlite.jdbc4.JDBC4Connection.prepareStatement(JDBC4Connection.java:34)
	at org.sqlite.jdbc3.JDBC3Connection.prepareStatement(JDBC3Connection.java:225)
	at org.sqlite.jdbc3.JDBC3Connection.prepareStatement(JDBC3Connection.java:205)
	at org.l2jmobius.gameserver.model.residences.ClanHall.load(ClanHall.java:116)
	at org.l2jmobius.gameserver.model.residences.ClanHall.<init>(ClanHall.java:106)
	at org.l2jmobius.gameserver.data.xml.ClanHallData.parseDocument(ClanHallData.java:163)
	at org.l2jmobius.commons.util.IXmlReader.parseFile(IXmlReader.java:102)
	at org.l2jmobius.commons.util.IXmlReader.parseDirectory(IXmlReader.java:208)
	at org.l2jmobius.commons.util.IXmlReader.parseDirectory(IXmlReader.java:204)
	at org.l2jmobius.commons.util.IXmlReader.parseDatapackDirectory(IXmlReader.java:150)
	at org.l2jmobius.gameserver.data.xml.ClanHallData.load(ClanHallData.java:59)
	at org.l2jmobius.gameserver.data.xml.ClanHallData.<init>(ClanHallData.java:53)
	at org.l2jmobius.gameserver.data.xml.ClanHallData$SingletonHolder.<clinit>(ClanHallData.java:238)
	at org.l2jmobius.gameserver.data.xml.ClanHallData.getInstance(ClanHallData.java:233)
	at org.l2jmobius.gameserver.GameServer.<init>(GameServer.java:304)
	at org.l2jmobius.gameserver.GameServer.main(GameServer.java:479)

Jul 09, 2026 2:12:03 PM org.l2jmobius.gameserver.model.residences.AbstractResidence initFunctions
WARNING: Failed to initialize functions for residence: 61
org.sqlite.SQLiteException: [SQLITE_ERROR] SQL error or missing database (no such table: residence_functions)
	at org.sqlite.core.DB.newSQLException(DB.java:1179)
	at org.sqlite.core.DB.newSQLException(DB.java:1190)
	at org.sqlite.core.DB.throwex(DB.java:1150)
	at org.sqlite.core.NativeDB.prepare_utf8(Native Method)
	at org.sqlite.core.NativeDB.prepare(NativeDB.java:132)
	at org.sqlite.core.DB.prepare(DB.java:264)
	at org.sqlite.core.CorePreparedStatement.<init>(CorePreparedStatement.java:46)
	at org.sqlite.jdbc3.JDBC3PreparedStatement.<init>(JDBC3PreparedStatement.java:32)
	at org.sqlite.jdbc4.JDBC4PreparedStatement.<init>(JDBC4PreparedStatement.java:25)
	at org.sqlite.jdbc4.JDBC4Connection.prepareStatement(JDBC4Connection.java:34)
	at org.sqlite.jdbc3.JDBC3Connection.prepareStatement(JDBC3Connection.java:225)
	at org.sqlite.jdbc3.JDBC3Connection.prepareStatement(JDBC3Connection.java:205)
	at org.l2jmobius.gameserver.model.residences.AbstractResidence.initFunctions(AbstractResidence.java:143)
	at org.l2jmobius.gameserver.model.residences.ClanHall.<init>(ClanHall.java:109)
	at org.l2jmobius.gameserver.data.xml.ClanHallData.parseDocument(ClanHallData.java:163)
	at org.l2jmobius.commons.util.IXmlReader.parseFile(IXmlReader.java:102)
	at org.l2jmobius.commons.util.IXmlReader.parseDirectory(IXmlReader.java:208)
	at org.l2jmobius.commons.util.IXmlReader.parseDirectory(IXmlReader.java:204)
	at org.l2jmobius.commons.util.IXmlReader.parseDatapackDirectory(IXmlReader.java:150)
	at org.l2jmobius.gameserver.data.xml.ClanHallData.load(ClanHallData.java:59)
	at org.l2jmobius.gameserver.data.xml.ClanHallData.<init>(ClanHallData.java:53)
	at org.l2jmobius.gameserver.data.xml.ClanHallData$SingletonHolder.<clinit>(ClanHallData.java:238)
	at org.l2jmobius.gameserver.data.xml.ClanHallData.getInstance(ClanHallData.java:233)
	at org.l2jmobius.gameserver.GameServer.<init>(GameServer.java:304)
	at org.l2jmobius.gameserver.GameServer.main(GameServer.java:479)

Jul 09, 2026 2:12:03 PM org.l2jmobius.gameserver.model.residences.ClanHall load
INFO: Failed loading clan hall
org.sqlite.SQLiteException: [SQLITE_ERROR] SQL error or missing database (no such table: clanhall)
	at org.sqlite.core.DB.newSQLException(DB.java:1179)
	at org.sqlite.core.DB.newSQLException(DB.java:1190)
	at org.sqlite.core.DB.throwex(DB.java:1150)
	at org.sqlite.core.NativeDB.prepare_utf8(Native Method)
	at org.sqlite.core.NativeDB.prepare(NativeDB.java:132)
	at org.sqlite.core.DB.prepare(DB.java:264)
	at org.sqlite.core.CorePreparedStatement.<init>(CorePreparedStatement.java:46)
	at org.sqlite.jdbc3.JDBC3PreparedStatement.<init>(JDBC3PreparedStatement.java:32)
	at org.sqlite.jdbc4.JDBC4PreparedStatement.<init>(JDBC4PreparedStatement.java:25)
	at org.sqlite.jdbc4.JDBC4Connection.prepareStatement(JDBC4Connection.java:34)
	at org.sqlite.jdbc3.JDBC3Connection.prepareStatement(JDBC3Connection.java:225)
	at org.sqlite.jdbc3.JDBC3Connection.prepareStatement(JDBC3Connection.java:205)
	at org.l2jmobius.gameserver.model.residences.ClanHall.load(ClanHall.java:116)
	at org.l2jmobius.gameserver.model.residences.ClanHall.<init>(ClanHall.java:106)
	at org.l2jmobius.gameserver.data.xml.ClanHallData.parseDocument(ClanHallData.java:163)
	at org.l2jmobius.commons.util.IXmlReader.parseFile(IXmlReader.java:102)
	at org.l2jmobius.commons.util.IXmlReader.parseDirectory(IXmlReader.java:208)
	at org.l2jmobius.commons.util.IXmlReader.parseDirectory(IXmlReader.java:204)
	at org.l2jmobius.commons.util.IXmlReader.parseDatapackDirectory(IXmlReader.java:150)
	at org.l2jmobius.gameserver.data.xml.ClanHallData.load(ClanHallData.java:59)
	at org.l2jmobius.gameserver.data.xml.ClanHallData.<init>(ClanHallData.java:53)
	at org.l2jmobius.gameserver.data.xml.ClanHallData$SingletonHolder.<clinit>(ClanHallData.java:238)
	at org.l2jmobius.gameserver.data.xml.ClanHallData.getInstance(ClanHallData.java:233)
	at org.l2jmobius.gameserver.GameServer.<init>(GameServer.java:304)
	at org.l2jmobius.gameserver.GameServer.main(GameServer.java:479)

Jul 09, 2026 2:12:03 PM org.l2jmobius.gameserver.model.residences.AbstractResidence initFunctions
WARNING: Failed to initialize functions for residence: 58
org.sqlite.SQLiteException: [SQLITE_ERROR] SQL error or missing database (no such table: residence_functions)
	at org.sqlite.core.DB.newSQLException(DB.java:1179)
	at org.sqlite.core.DB.newSQLException(DB.java:1190)
	at org.sqlite.core.DB.throwex(DB.java:1150)
	at org.sqlite.core.NativeDB.prepare_utf8(Native Method)
	at org.sqlite.core.NativeDB.prepare(NativeDB.java:132)
	at org.sqlite.core.DB.prepare(DB.java:264)
	at org.sqlite.core.CorePreparedStatement.<init>(CorePreparedStatement.java:46)
	at org.sqlite.jdbc3.JDBC3PreparedStatement.<init>(JDBC3PreparedStatement.java:32)
	at org.sqlite.jdbc4.JDBC4PreparedStatement.<init>(JDBC4PreparedStatement.java:25)
	at org.sqlite.jdbc4.JDBC4Connection.prepareStatement(JDBC4Connection.java:34)
	at org.sqlite.jdbc3.JDBC3Connection.prepareStatement(JDBC3Connection.java:225)
	at org.sqlite.jdbc3.JDBC3Connection.prepareStatement(JDBC3Connection.java:205)
	at org.l2jmobius.gameserver.model.residences.AbstractResidence.initFunctions(AbstractResidence.java:143)
	at org.l2jmobius.gameserver.model.residences.ClanHall.<init>(ClanHall.java:109)
	at org.l2jmobius.gameserver.data.xml.ClanHallData.parseDocument(ClanHallData.java:163)
	at org.l2jmobius.commons.util.IXmlReader.parseFile(IXmlReader.java:102)
	at org.l2jmobius.commons.util.IXmlReader.parseDirectory(IXmlReader.java:208)
	at org.l2jmobius.commons.util.IXmlReader.parseDirectory(IXmlReader.java:204)
	at org.l2jmobius.commons.util.IXmlReader.parseDatapackDirectory(IXmlReader.java:150)
	at org.l2jmobius.gameserver.data.xml.ClanHallData.load(ClanHallData.java:59)
	at org.l2jmobius.gameserver.data.xml.ClanHallData.<init>(ClanHallData.java:53)
	at org.l2jmobius.gameserver.data.xml.ClanHallData$SingletonHolder.<clinit>(ClanHallData.java:238)
	at org.l2jmobius.gameserver.data.xml.ClanHallData.getInstance(ClanHallData.java:233)
	at org.l2jmobius.gameserver.GameServer.<init>(GameServer.java:304)
	at org.l2jmobius.gameserver.GameServer.main(GameServer.java:479)

Jul 09, 2026 2:12:03 PM org.l2jmobius.gameserver.model.residences.ClanHall load
INFO: Failed loading clan hall
org.sqlite.SQLiteException: [SQLITE_ERROR] SQL error or missing database (no such table: clanhall)
	at org.sqlite.core.DB.newSQLException(DB.java:1179)
	at org.sqlite.core.DB.newSQLException(DB.java:1190)
	at org.sqlite.core.DB.throwex(DB.java:1150)
	at org.sqlite.core.NativeDB.prepare_utf8(Native Method)
	at org.sqlite.core.NativeDB.prepare(NativeDB.java:132)
	at org.sqlite.core.DB.prepare(DB.java:264)
	at org.sqlite.core.CorePreparedStatement.<init>(CorePreparedStatement.java:46)
	at org.sqlite.jdbc3.JDBC3PreparedStatement.<init>(JDBC3PreparedStatement.java:32)
	at org.sqlite.jdbc4.JDBC4PreparedStatement.<init>(JDBC4PreparedStatement.java:25)
	at org.sqlite.jdbc4.JDBC4Connection.prepareStatement(JDBC4Connection.java:34)
	at org.sqlite.jdbc3.JDBC3Connection.prepareStatement(JDBC3Connection.java:225)
	at org.sqlite.jdbc3.JDBC3Connection.prepareStatement(JDBC3Connection.java:205)
	at org.l2jmobius.gameserver.model.residences.ClanHall.load(ClanHall.java:116)
	at org.l2jmobius.gameserver.model.residences.ClanHall.<init>(ClanHall.java:106)
	at org.l2jmobius.gameserver.data.xml.ClanHallData.parseDocument(ClanHallData.java:163)
	at org.l2jmobius.commons.util.IXmlReader.parseFile(IXmlReader.java:102)
	at org.l2jmobius.commons.util.IXmlReader.parseDirectory(IXmlReader.java:208)
	at org.l2jmobius.commons.util.IXmlReader.parseDirectory(IXmlReader.java:204)
	at org.l2jmobius.commons.util.IXmlReader.parseDatapackDirectory(IXmlReader.java:150)
	at org.l2jmobius.gameserver.data.xml.ClanHallData.load(ClanHallData.java:59)
	at org.l2jmobius.gameserver.data.xml.ClanHallData.<init>(ClanHallData.java:53)
	at org.l2jmobius.gameserver.data.xml.ClanHallData$SingletonHolder.<clinit>(ClanHallData.java:238)
	at org.l2jmobius.gameserver.data.xml.ClanHallData.getInstance(ClanHallData.java:233)
	at org.l2jmobius.gameserver.GameServer.<init>(GameServer.java:304)
	at org.l2jmobius.gameserver.GameServer.main(GameServer.java:479)

Jul 09, 2026 2:12:03 PM org.l2jmobius.gameserver.model.residences.AbstractResidence initFunctions
WARNING: Failed to initialize functions for residence: 65
org.sqlite.SQLiteException: [SQLITE_ERROR] SQL error or missing database (no such table: residence_functions)
	at org.sqlite.core.DB.newSQLException(DB.java:1179)
	at org.sqlite.core.DB.newSQLException(DB.java:1190)
	at org.sqlite.core.DB.throwex(DB.java:1150)
	at org.sqlite.core.NativeDB.prepare_utf8(Native Method)
	at org.sqlite.core.NativeDB.prepare(NativeDB.java:132)
	at org.sqlite.core.DB.prepare(DB.java:264)
	at org.sqlite.core.CorePreparedStatement.<init>(CorePreparedStatement.java:46)
	at org.sqlite.jdbc3.JDBC3PreparedStatement.<init>(JDBC3PreparedStatement.java:32)
	at org.sqlite.jdbc4.JDBC4PreparedStatement.<init>(JDBC4PreparedStatement.java:25)
	at org.sqlite.jdbc4.JDBC4Connection.prepareStatement(JDBC4Connection.java:34)
	at org.sqlite.jdbc3.JDBC3Connection.prepareStatement(JDBC3Connection.java:225)
	at org.sqlite.jdbc3.JDBC3Connection.prepareStatement(JDBC3Connection.java:205)
	at org.l2jmobius.gameserver.model.residences.AbstractResidence.initFunctions(AbstractResidence.java:143)
	at org.l2jmobius.gameserver.model.residences.ClanHall.<init>(ClanHall.java:109)
	at org.l2jmobius.gameserver.data.xml.ClanHallData.parseDocument(ClanHallData.java:163)
	at org.l2jmobius.commons.util.IXmlReader.parseFile(IXmlReader.java:102)
	at org.l2jmobius.commons.util.IXmlReader.parseDirectory(IXmlReader.java:208)
	at org.l2jmobius.commons.util.IXmlReader.parseDirectory(IXmlReader.java:204)
	at org.l2jmobius.commons.util.IXmlReader.parseDatapackDirectory(IXmlReader.java:150)
	at org.l2jmobius.gameserver.data.xml.ClanHallData.load(ClanHallData.java:59)
	at org.l2jmobius.gameserver.data.xml.ClanHallData.<init>(ClanHallData.java:53)
	at org.l2jmobius.gameserver.data.xml.ClanHallData$SingletonHolder.<clinit>(ClanHallData.java:238)
	at org.l2jmobius.gameserver.data.xml.ClanHallData.getInstance(ClanHallData.java:233)
	at org.l2jmobius.gameserver.GameServer.<init>(GameServer.java:304)
	at org.l2jmobius.gameserver.GameServer.main(GameServer.java:479)

Jul 09, 2026 2:12:03 PM org.l2jmobius.gameserver.model.residences.ClanHall load
INFO: Failed loading clan hall
org.sqlite.SQLiteException: [SQLITE_ERROR] SQL error or missing database (no such table: clanhall)
	at org.sqlite.core.DB.newSQLException(DB.java:1179)
	at org.sqlite.core.DB.newSQLException(DB.java:1190)
	at org.sqlite.core.DB.throwex(DB.java:1150)
	at org.sqlite.core.NativeDB.prepare_utf8(Native Method)
	at org.sqlite.core.NativeDB.prepare(NativeDB.java:132)
	at org.sqlite.core.DB.prepare(DB.java:264)
	at org.sqlite.core.CorePreparedStatement.<init>(CorePreparedStatement.java:46)
	at org.sqlite.jdbc3.JDBC3PreparedStatement.<init>(JDBC3PreparedStatement.java:32)
	at org.sqlite.jdbc4.JDBC4PreparedStatement.<init>(JDBC4PreparedStatement.java:25)
	at org.sqlite.jdbc4.JDBC4Connection.prepareStatement(JDBC4Connection.java:34)
	at org.sqlite.jdbc3.JDBC3Connection.prepareStatement(JDBC3Connection.java:225)
	at org.sqlite.jdbc3.JDBC3Connection.prepareStatement(JDBC3Connection.java:205)
	at org.l2jmobius.gameserver.model.residences.ClanHall.load(ClanHall.java:116)
	at org.l2jmobius.gameserver.model.residences.ClanHall.<init>(ClanHall.java:106)
	at org.l2jmobius.gameserver.data.xml.ClanHallData.parseDocument(ClanHallData.java:163)
	at org.l2jmobius.commons.util.IXmlReader.parseFile(IXmlReader.java:102)
	at org.l2jmobius.commons.util.IXmlReader.parseDirectory(IXmlReader.java:208)
	at org.l2jmobius.commons.util.IXmlReader.parseDirectory(IXmlReader.java:204)
	at org.l2jmobius.commons.util.IXmlReader.parseDatapackDirectory(IXmlReader.java:150)
	at org.l2jmobius.gameserver.data.xml.ClanHallData.load(ClanHallData.java:59)
	at org.l2jmobius.gameserver.data.xml.ClanHallData.<init>(ClanHallData.java:53)
	at org.l2jmobius.gameserver.data.xml.ClanHallData$SingletonHolder.<clinit>(ClanHallData.java:238)
	at org.l2jmobius.gameserver.data.xml.ClanHallData.getInstance(ClanHallData.java:233)
	at org.l2jmobius.gameserver.GameServer.<init>(GameServer.java:304)
	at org.l2jmobius.gameserver.GameServer.main(GameServer.java:479)

Jul 09, 2026 2:12:03 PM org.l2jmobius.gameserver.model.residences.AbstractResidence initFunctions
WARNING: Failed to initialize functions for residence: 68
org.sqlite.SQLiteException: [SQLITE_ERROR] SQL error or missing database (no such table: residence_functions)
	at org.sqlite.core.DB.newSQLException(DB.java:1179)
	at org.sqlite.core.DB.newSQLException(DB.java:1190)
	at org.sqlite.core.DB.throwex(DB.java:1150)
	at org.sqlite.core.NativeDB.prepare_utf8(Native Method)
	at org.sqlite.core.NativeDB.prepare(NativeDB.java:132)
	at org.sqlite.core.DB.prepare(DB.java:264)
	at org.sqlite.core.CorePreparedStatement.<init>(CorePreparedStatement.java:46)
	at org.sqlite.jdbc3.JDBC3PreparedStatement.<init>(JDBC3PreparedStatement.java:32)
	at org.sqlite.jdbc4.JDBC4PreparedStatement.<init>(JDBC4PreparedStatement.java:25)
	at org.sqlite.jdbc4.JDBC4Connection.prepareStatement(JDBC4Connection.java:34)
	at org.sqlite.jdbc3.JDBC3Connection.prepareStatement(JDBC3Connection.java:225)
	at org.sqlite.jdbc3.JDBC3Connection.prepareStatement(JDBC3Connection.java:205)
	at org.l2jmobius.gameserver.model.residences.AbstractResidence.initFunctions(AbstractResidence.java:143)
	at org.l2jmobius.gameserver.model.residences.ClanHall.<init>(ClanHall.java:109)
	at org.l2jmobius.gameserver.data.xml.ClanHallData.parseDocument(ClanHallData.java:163)
	at org.l2jmobius.commons.util.IXmlReader.parseFile(IXmlReader.java:102)
	at org.l2jmobius.commons.util.IXmlReader.parseDirectory(IXmlReader.java:208)
	at org.l2jmobius.commons.util.IXmlReader.parseDirectory(IXmlReader.java:204)
	at org.l2jmobius.commons.util.IXmlReader.parseDatapackDirectory(IXmlReader.java:150)
	at org.l2jmobius.gameserver.data.xml.ClanHallData.load(ClanHallData.java:59)
	at org.l2jmobius.gameserver.data.xml.ClanHallData.<init>(ClanHallData.java:53)
	at org.l2jmobius.gameserver.data.xml.ClanHallData$SingletonHolder.<clinit>(ClanHallData.java:238)
	at org.l2jmobius.gameserver.data.xml.ClanHallData.getInstance(ClanHallData.java:233)
	at org.l2jmobius.gameserver.GameServer.<init>(GameServer.java:304)
	at org.l2jmobius.gameserver.GameServer.main(GameServer.java:479)

Jul 09, 2026 2:12:03 PM org.l2jmobius.gameserver.model.residences.ClanHall load
INFO: Failed loading clan hall
org.sqlite.SQLiteException: [SQLITE_ERROR] SQL error or missing database (no such table: clanhall)
	at org.sqlite.core.DB.newSQLException(DB.java:1179)
	at org.sqlite.core.DB.newSQLException(DB.java:1190)
	at org.sqlite.core.DB.throwex(DB.java:1150)
	at org.sqlite.core.NativeDB.prepare_utf8(Native Method)
	at org.sqlite.core.NativeDB.prepare(NativeDB.java:132)
	at org.sqlite.core.DB.prepare(DB.java:264)
	at org.sqlite.core.CorePreparedStatement.<init>(CorePreparedStatement.java:46)
	at org.sqlite.jdbc3.JDBC3PreparedStatement.<init>(JDBC3PreparedStatement.java:32)
	at org.sqlite.jdbc4.JDBC4PreparedStatement.<init>(JDBC4PreparedStatement.java:25)
	at org.sqlite.jdbc4.JDBC4Connection.prepareStatement(JDBC4Connection.java:34)
	at org.sqlite.jdbc3.JDBC3Connection.prepareStatement(JDBC3Connection.java:225)
	at org.sqlite.jdbc3.JDBC3Connection.prepareStatement(JDBC3Connection.java:205)
	at org.l2jmobius.gameserver.model.residences.ClanHall.load(ClanHall.java:116)
	at org.l2jmobius.gameserver.model.residences.ClanHall.<init>(ClanHall.java:106)
	at org.l2jmobius.gameserver.data.xml.ClanHallData.parseDocument(ClanHallData.java:163)
	at org.l2jmobius.commons.util.IXmlReader.parseFile(IXmlReader.java:102)
	at org.l2jmobius.commons.util.IXmlReader.parseDirectory(IXmlReader.java:208)
	at org.l2jmobius.commons.util.IXmlReader.parseDirectory(IXmlReader.java:204)
	at org.l2jmobius.commons.util.IXmlReader.parseDatapackDirectory(IXmlReader.java:150)
	at org.l2jmobius.gameserver.data.xml.ClanHallData.load(ClanHallData.java:59)
	at org.l2jmobius.gameserver.data.xml.ClanHallData.<init>(ClanHallData.java:53)
	at org.l2jmobius.gameserver.data.xml.ClanHallData$SingletonHolder.<clinit>(ClanHallData.java:238)
	at org.l2jmobius.gameserver.data.xml.ClanHallData.getInstance(ClanHallData.java:233)
	at org.l2jmobius.gameserver.GameServer.<init>(GameServer.java:304)
	at org.l2jmobius.gameserver.GameServer.main(GameServer.java:479)

Jul 09, 2026 2:12:03 PM org.l2jmobius.gameserver.model.residences.AbstractResidence initFunctions
WARNING: Failed to initialize functions for residence: 66
org.sqlite.SQLiteException: [SQLITE_ERROR] SQL error or missing database (no such table: residence_functions)
	at org.sqlite.core.DB.newSQLException(DB.java:1179)
	at org.sqlite.core.DB.newSQLException(DB.java:1190)
	at org.sqlite.core.DB.throwex(DB.java:1150)
	at org.sqlite.core.NativeDB.prepare_utf8(Native Method)
	at org.sqlite.core.NativeDB.prepare(NativeDB.java:132)
	at org.sqlite.core.DB.prepare(DB.java:264)
	at org.sqlite.core.CorePreparedStatement.<init>(CorePreparedStatement.java:46)
	at org.sqlite.jdbc3.JDBC3PreparedStatement.<init>(JDBC3PreparedStatement.java:32)
	at org.sqlite.jdbc4.JDBC4PreparedStatement.<init>(JDBC4PreparedStatement.java:25)
	at org.sqlite.jdbc4.JDBC4Connection.prepareStatement(JDBC4Connection.java:34)
	at org.sqlite.jdbc3.JDBC3Connection.prepareStatement(JDBC3Connection.java:225)
	at org.sqlite.jdbc3.JDBC3Connection.prepareStatement(JDBC3Connection.java:205)
	at org.l2jmobius.gameserver.model.residences.AbstractResidence.initFunctions(AbstractResidence.java:143)
	at org.l2jmobius.gameserver.model.residences.ClanHall.<init>(ClanHall.java:109)
	at org.l2jmobius.gameserver.data.xml.ClanHallData.parseDocument(ClanHallData.java:163)
	at org.l2jmobius.commons.util.IXmlReader.parseFile(IXmlReader.java:102)
	at org.l2jmobius.commons.util.IXmlReader.parseDirectory(IXmlReader.java:208)
	at org.l2jmobius.commons.util.IXmlReader.parseDirectory(IXmlReader.java:204)
	at org.l2jmobius.commons.util.IXmlReader.parseDatapackDirectory(IXmlReader.java:150)
	at org.l2jmobius.gameserver.data.xml.ClanHallData.load(ClanHallData.java:59)
	at org.l2jmobius.gameserver.data.xml.ClanHallData.<init>(ClanHallData.java:53)
	at org.l2jmobius.gameserver.data.xml.ClanHallData$SingletonHolder.<clinit>(ClanHallData.java:238)
	at org.l2jmobius.gameserver.data.xml.ClanHallData.getInstance(ClanHallData.java:233)
	at org.l2jmobius.gameserver.GameServer.<init>(GameServer.java:304)
	at org.l2jmobius.gameserver.GameServer.main(GameServer.java:479)

Jul 09, 2026 2:12:03 PM org.l2jmobius.gameserver.model.residences.ClanHall load
INFO: Failed loading clan hall
org.sqlite.SQLiteException: [SQLITE_ERROR] SQL error or missing database (no such table: clanhall)
	at org.sqlite.core.DB.newSQLException(DB.java:1179)
	at org.sqlite.core.DB.newSQLException(DB.java:1190)
	at org.sqlite.core.DB.throwex(DB.java:1150)
	at org.sqlite.core.NativeDB.prepare_utf8(Native Method)
	at org.sqlite.core.NativeDB.prepare(NativeDB.java:132)
	at org.sqlite.core.DB.prepare(DB.java:264)
	at org.sqlite.core.CorePreparedStatement.<init>(CorePreparedStatement.java:46)
	at org.sqlite.jdbc3.JDBC3PreparedStatement.<init>(JDBC3PreparedStatement.java:32)
	at org.sqlite.jdbc4.JDBC4PreparedStatement.<init>(JDBC4PreparedStatement.java:25)
	at org.sqlite.jdbc4.JDBC4Connection.prepareStatement(JDBC4Connection.java:34)
	at org.sqlite.jdbc3.JDBC3Connection.prepareStatement(JDBC3Connection.java:225)
	at org.sqlite.jdbc3.JDBC3Connection.prepareStatement(JDBC3Connection.java:205)
	at org.l2jmobius.gameserver.model.residences.ClanHall.load(ClanHall.java:116)
	at org.l2jmobius.gameserver.model.residences.ClanHall.<init>(ClanHall.java:106)
	at org.l2jmobius.gameserver.data.xml.ClanHallData.parseDocument(ClanHallData.java:163)
	at org.l2jmobius.commons.util.IXmlReader.parseFile(IXmlReader.java:102)
	at org.l2jmobius.commons.util.IXmlReader.parseDirectory(IXmlReader.java:208)
	at org.l2jmobius.commons.util.IXmlReader.parseDirectory(IXmlReader.java:204)
	at org.l2jmobius.commons.util.IXmlReader.parseDatapackDirectory(IXmlReader.java:150)
	at org.l2jmobius.gameserver.data.xml.ClanHallData.load(ClanHallData.java:59)
	at org.l2jmobius.gameserver.data.xml.ClanHallData.<init>(ClanHallData.java:53)
	at org.l2jmobius.gameserver.data.xml.ClanHallData$SingletonHolder.<clinit>(ClanHallData.java:238)
	at org.l2jmobius.gameserver.data.xml.ClanHallData.getInstance(ClanHallData.java:233)
	at org.l2jmobius.gameserver.GameServer.<init>(GameServer.java:304)
	at org.l2jmobius.gameserver.GameServer.main(GameServer.java:479)

Jul 09, 2026 2:12:03 PM org.l2jmobius.gameserver.model.residences.AbstractResidence initFunctions
WARNING: Failed to initialize functions for residence: 23
org.sqlite.SQLiteException: [SQLITE_ERROR] SQL error or missing database (no such table: residence_functions)
	at org.sqlite.core.DB.newSQLException(DB.java:1179)
	at org.sqlite.core.DB.newSQLException(DB.java:1190)
	at org.sqlite.core.DB.throwex(DB.java:1150)
	at org.sqlite.core.NativeDB.prepare_utf8(Native Method)
	at org.sqlite.core.NativeDB.prepare(NativeDB.java:132)
	at org.sqlite.core.DB.prepare(DB.java:264)
	at org.sqlite.core.CorePreparedStatement.<init>(CorePreparedStatement.java:46)
	at org.sqlite.jdbc3.JDBC3PreparedStatement.<init>(JDBC3PreparedStatement.java:32)
	at org.sqlite.jdbc4.JDBC4PreparedStatement.<init>(JDBC4PreparedStatement.java:25)
	at org.sqlite.jdbc4.JDBC4Connection.prepareStatement(JDBC4Connection.java:34)
	at org.sqlite.jdbc3.JDBC3Connection.prepareStatement(JDBC3Connection.java:225)
	at org.sqlite.jdbc3.JDBC3Connection.prepareStatement(JDBC3Connection.java:205)
	at org.l2jmobius.gameserver.model.residences.AbstractResidence.initFunctions(AbstractResidence.java:143)
	at org.l2jmobius.gameserver.model.residences.ClanHall.<init>(ClanHall.java:109)
	at org.l2jmobius.gameserver.data.xml.ClanHallData.parseDocument(ClanHallData.java:163)
	at org.l2jmobius.commons.util.IXmlReader.parseFile(IXmlReader.java:102)
	at org.l2jmobius.commons.util.IXmlReader.parseDirectory(IXmlReader.java:208)
	at org.l2jmobius.commons.util.IXmlReader.parseDirectory(IXmlReader.java:204)
	at org.l2jmobius.commons.util.IXmlReader.parseDatapackDirectory(IXmlReader.java:150)
	at org.l2jmobius.gameserver.data.xml.ClanHallData.load(ClanHallData.java:59)
	at org.l2jmobius.gameserver.data.xml.ClanHallData.<init>(ClanHallData.java:53)
	at org.l2jmobius.gameserver.data.xml.ClanHallData$SingletonHolder.<clinit>(ClanHallData.java:238)
	at org.l2jmobius.gameserver.data.xml.ClanHallData.getInstance(ClanHallData.java:233)
	at org.l2jmobius.gameserver.GameServer.<init>(GameServer.java:304)
	at org.l2jmobius.gameserver.GameServer.main(GameServer.java:479)

Jul 09, 2026 2:12:03 PM org.l2jmobius.gameserver.model.residences.ClanHall load
INFO: Failed loading clan hall
org.sqlite.SQLiteException: [SQLITE_ERROR] SQL error or missing database (no such table: clanhall)
	at org.sqlite.core.DB.newSQLException(DB.java:1179)
	at org.sqlite.core.DB.newSQLException(DB.java:1190)
	at org.sqlite.core.DB.throwex(DB.java:1150)
	at org.sqlite.core.NativeDB.prepare_utf8(Native Method)
	at org.sqlite.core.NativeDB.prepare(NativeDB.java:132)
	at org.sqlite.core.DB.prepare(DB.java:264)
	at org.sqlite.core.CorePreparedStatement.<init>(CorePreparedStatement.java:46)
	at org.sqlite.jdbc3.JDBC3PreparedStatement.<init>(JDBC3PreparedStatement.java:32)
	at org.sqlite.jdbc4.JDBC4PreparedStatement.<init>(JDBC4PreparedStatement.java:25)
	at org.sqlite.jdbc4.JDBC4Connection.prepareStatement(JDBC4Connection.java:34)
	at org.sqlite.jdbc3.JDBC3Connection.prepareStatement(JDBC3Connection.java:225)
	at org.sqlite.jdbc3.JDBC3Connection.prepareStatement(JDBC3Connection.java:205)
	at org.l2jmobius.gameserver.model.residences.ClanHall.load(ClanHall.java:116)
	at org.l2jmobius.gameserver.model.residences.ClanHall.<init>(ClanHall.java:106)
	at org.l2jmobius.gameserver.data.xml.ClanHallData.parseDocument(ClanHallData.java:163)
	at org.l2jmobius.commons.util.IXmlReader.parseFile(IXmlReader.java:102)
	at org.l2jmobius.commons.util.IXmlReader.parseDirectory(IXmlReader.java:208)
	at org.l2jmobius.commons.util.IXmlReader.parseDirectory(IXmlReader.java:204)
	at org.l2jmobius.commons.util.IXmlReader.parseDatapackDirectory(IXmlReader.java:150)
	at org.l2jmobius.gameserver.data.xml.ClanHallData.load(ClanHallData.java:59)
	at org.l2jmobius.gameserver.data.xml.ClanHallData.<init>(ClanHallData.java:53)
	at org.l2jmobius.gameserver.data.xml.ClanHallData$SingletonHolder.<clinit>(ClanHallData.java:238)
	at org.l2jmobius.gameserver.data.xml.ClanHallData.getInstance(ClanHallData.java:233)
	at org.l2jmobius.gameserver.GameServer.<init>(GameServer.java:304)
	at org.l2jmobius.gameserver.GameServer.main(GameServer.java:479)

Jul 09, 2026 2:12:03 PM org.l2jmobius.gameserver.model.residences.AbstractResidence initFunctions
WARNING: Failed to initialize functions for residence: 67
org.sqlite.SQLiteException: [SQLITE_ERROR] SQL error or missing database (no such table: residence_functions)
	at org.sqlite.core.DB.newSQLException(DB.java:1179)
	at org.sqlite.core.DB.newSQLException(DB.java:1190)
	at org.sqlite.core.DB.throwex(DB.java:1150)
	at org.sqlite.core.NativeDB.prepare_utf8(Native Method)
	at org.sqlite.core.NativeDB.prepare(NativeDB.java:132)
	at org.sqlite.core.DB.prepare(DB.java:264)
	at org.sqlite.core.CorePreparedStatement.<init>(CorePreparedStatement.java:46)
	at org.sqlite.jdbc3.JDBC3PreparedStatement.<init>(JDBC3PreparedStatement.java:32)
	at org.sqlite.jdbc4.JDBC4PreparedStatement.<init>(JDBC4PreparedStatement.java:25)
	at org.sqlite.jdbc4.JDBC4Connection.prepareStatement(JDBC4Connection.java:34)
	at org.sqlite.jdbc3.JDBC3Connection.prepareStatement(JDBC3Connection.java:225)
	at org.sqlite.jdbc3.JDBC3Connection.prepareStatement(JDBC3Connection.java:205)
	at org.l2jmobius.gameserver.model.residences.AbstractResidence.initFunctions(AbstractResidence.java:143)
	at org.l2jmobius.gameserver.model.residences.ClanHall.<init>(ClanHall.java:109)
	at org.l2jmobius.gameserver.data.xml.ClanHallData.parseDocument(ClanHallData.java:163)
	at org.l2jmobius.commons.util.IXmlReader.parseFile(IXmlReader.java:102)
	at org.l2jmobius.commons.util.IXmlReader.parseDirectory(IXmlReader.java:208)
	at org.l2jmobius.commons.util.IXmlReader.parseDirectory(IXmlReader.java:204)
	at org.l2jmobius.commons.util.IXmlReader.parseDatapackDirectory(IXmlReader.java:150)
	at org.l2jmobius.gameserver.data.xml.ClanHallData.load(ClanHallData.java:59)
	at org.l2jmobius.gameserver.data.xml.ClanHallData.<init>(ClanHallData.java:53)
	at org.l2jmobius.gameserver.data.xml.ClanHallData$SingletonHolder.<clinit>(ClanHallData.java:238)
	at org.l2jmobius.gameserver.data.xml.ClanHallData.getInstance(ClanHallData.java:233)
	at org.l2jmobius.gameserver.GameServer.<init>(GameServer.java:304)
	at org.l2jmobius.gameserver.GameServer.main(GameServer.java:479)

Jul 09, 2026 2:12:03 PM org.l2jmobius.gameserver.model.residences.ClanHall load
INFO: Failed loading clan hall
org.sqlite.SQLiteException: [SQLITE_ERROR] SQL error or missing database (no such table: clanhall)
	at org.sqlite.core.DB.newSQLException(DB.java:1179)
	at org.sqlite.core.DB.newSQLException(DB.java:1190)
	at org.sqlite.core.DB.throwex(DB.java:1150)
	at org.sqlite.core.NativeDB.prepare_utf8(Native Method)
	at org.sqlite.core.NativeDB.prepare(NativeDB.java:132)
	at org.sqlite.core.DB.prepare(DB.java:264)
	at org.sqlite.core.CorePreparedStatement.<init>(CorePreparedStatement.java:46)
	at org.sqlite.jdbc3.JDBC3PreparedStatement.<init>(JDBC3PreparedStatement.java:32)
	at org.sqlite.jdbc4.JDBC4PreparedStatement.<init>(JDBC4PreparedStatement.java:25)
	at org.sqlite.jdbc4.JDBC4Connection.prepareStatement(JDBC4Connection.java:34)
	at org.sqlite.jdbc3.JDBC3Connection.prepareStatement(JDBC3Connection.java:225)
	at org.sqlite.jdbc3.JDBC3Connection.prepareStatement(JDBC3Connection.java:205)
	at org.l2jmobius.gameserver.model.residences.ClanHall.load(ClanHall.java:116)
	at org.l2jmobius.gameserver.model.residences.ClanHall.<init>(ClanHall.java:106)
	at org.l2jmobius.gameserver.data.xml.ClanHallData.parseDocument(ClanHallData.java:163)
	at org.l2jmobius.commons.util.IXmlReader.parseFile(IXmlReader.java:102)
	at org.l2jmobius.commons.util.IXmlReader.parseDirectory(IXmlReader.java:208)
	at org.l2jmobius.commons.util.IXmlReader.parseDirectory(IXmlReader.java:204)
	at org.l2jmobius.commons.util.IXmlReader.parseDatapackDirectory(IXmlReader.java:150)
	at org.l2jmobius.gameserver.data.xml.ClanHallData.load(ClanHallData.java:59)
	at org.l2jmobius.gameserver.data.xml.ClanHallData.<init>(ClanHallData.java:53)
	at org.l2jmobius.gameserver.data.xml.ClanHallData$SingletonHolder.<clinit>(ClanHallData.java:238)
	at org.l2jmobius.gameserver.data.xml.ClanHallData.getInstance(ClanHallData.java:233)
	at org.l2jmobius.gameserver.GameServer.<init>(GameServer.java:304)
	at org.l2jmobius.gameserver.GameServer.main(GameServer.java:479)

Jul 09, 2026 2:12:03 PM org.l2jmobius.gameserver.model.residences.AbstractResidence initFunctions
WARNING: Failed to initialize functions for residence: 24
org.sqlite.SQLiteException: [SQLITE_ERROR] SQL error or missing database (no such table: residence_functions)
	at org.sqlite.core.DB.newSQLException(DB.java:1179)
	at org.sqlite.core.DB.newSQLException(DB.java:1190)
	at org.sqlite.core.DB.throwex(DB.java:1150)
	at org.sqlite.core.NativeDB.prepare_utf8(Native Method)
	at org.sqlite.core.NativeDB.prepare(NativeDB.java:132)
	at org.sqlite.core.DB.prepare(DB.java:264)
	at org.sqlite.core.CorePreparedStatement.<init>(CorePreparedStatement.java:46)
	at org.sqlite.jdbc3.JDBC3PreparedStatement.<init>(JDBC3PreparedStatement.java:32)
	at org.sqlite.jdbc4.JDBC4PreparedStatement.<init>(JDBC4PreparedStatement.java:25)
	at org.sqlite.jdbc4.JDBC4Connection.prepareStatement(JDBC4Connection.java:34)
	at org.sqlite.jdbc3.JDBC3Connection.prepareStatement(JDBC3Connection.java:225)
	at org.sqlite.jdbc3.JDBC3Connection.prepareStatement(JDBC3Connection.java:205)
	at org.l2jmobius.gameserver.model.residences.AbstractResidence.initFunctions(AbstractResidence.java:143)
	at org.l2jmobius.gameserver.model.residences.ClanHall.<init>(ClanHall.java:109)
	at org.l2jmobius.gameserver.data.xml.ClanHallData.parseDocument(ClanHallData.java:163)
	at org.l2jmobius.commons.util.IXmlReader.parseFile(IXmlReader.java:102)
	at org.l2jmobius.commons.util.IXmlReader.parseDirectory(IXmlReader.java:208)
	at org.l2jmobius.commons.util.IXmlReader.parseDirectory(IXmlReader.java:204)
	at org.l2jmobius.commons.util.IXmlReader.parseDatapackDirectory(IXmlReader.java:150)
	at org.l2jmobius.gameserver.data.xml.ClanHallData.load(ClanHallData.java:59)
	at org.l2jmobius.gameserver.data.xml.ClanHallData.<init>(ClanHallData.java:53)
	at org.l2jmobius.gameserver.data.xml.ClanHallData$SingletonHolder.<clinit>(ClanHallData.java:238)
	at org.l2jmobius.gameserver.data.xml.ClanHallData.getInstance(ClanHallData.java:233)
	at org.l2jmobius.gameserver.GameServer.<init>(GameServer.java:304)
	at org.l2jmobius.gameserver.GameServer.main(GameServer.java:479)

Jul 09, 2026 2:12:03 PM org.l2jmobius.gameserver.model.residences.ClanHall load
INFO: Failed loading clan hall
org.sqlite.SQLiteException: [SQLITE_ERROR] SQL error or missing database (no such table: clanhall)
	at org.sqlite.core.DB.newSQLException(DB.java:1179)
	at org.sqlite.core.DB.newSQLException(DB.java:1190)
	at org.sqlite.core.DB.throwex(DB.java:1150)
	at org.sqlite.core.NativeDB.prepare_utf8(Native Method)
	at org.sqlite.core.NativeDB.prepare(NativeDB.java:132)
	at org.sqlite.core.DB.prepare(DB.java:264)
	at org.sqlite.core.CorePreparedStatement.<init>(CorePreparedStatement.java:46)
	at org.sqlite.jdbc3.JDBC3PreparedStatement.<init>(JDBC3PreparedStatement.java:32)
	at org.sqlite.jdbc4.JDBC4PreparedStatement.<init>(JDBC4PreparedStatement.java:25)
	at org.sqlite.jdbc4.JDBC4Connection.prepareStatement(JDBC4Connection.java:34)
	at org.sqlite.jdbc3.JDBC3Connection.prepareStatement(JDBC3Connection.java:225)
	at org.sqlite.jdbc3.JDBC3Connection.prepareStatement(JDBC3Connection.java:205)
	at org.l2jmobius.gameserver.model.residences.ClanHall.load(ClanHall.java:116)
	at org.l2jmobius.gameserver.model.residences.ClanHall.<init>(ClanHall.java:106)
	at org.l2jmobius.gameserver.data.xml.ClanHallData.parseDocument(ClanHallData.java:163)
	at org.l2jmobius.commons.util.IXmlReader.parseFile(IXmlReader.java:102)
	at org.l2jmobius.commons.util.IXmlReader.parseDirectory(IXmlReader.java:208)
	at org.l2jmobius.commons.util.IXmlReader.parseDirectory(IXmlReader.java:204)
	at org.l2jmobius.commons.util.IXmlReader.parseDatapackDirectory(IXmlReader.java:150)
	at org.l2jmobius.gameserver.data.xml.ClanHallData.load(ClanHallData.java:59)
	at org.l2jmobius.gameserver.data.xml.ClanHallData.<init>(ClanHallData.java:53)
	at org.l2jmobius.gameserver.data.xml.ClanHallData$SingletonHolder.<clinit>(ClanHallData.java:238)
	at org.l2jmobius.gameserver.data.xml.ClanHallData.getInstance(ClanHallData.java:233)
	at org.l2jmobius.gameserver.GameServer.<init>(GameServer.java:304)
	at org.l2jmobius.gameserver.GameServer.main(GameServer.java:479)

Jul 09, 2026 2:12:03 PM org.l2jmobius.gameserver.model.residences.AbstractResidence initFunctions
WARNING: Failed to initialize functions for residence: 25
org.sqlite.SQLiteException: [SQLITE_ERROR] SQL error or missing database (no such table: residence_functions)
	at org.sqlite.core.DB.newSQLException(DB.java:1179)
	at org.sqlite.core.DB.newSQLException(DB.java:1190)
	at org.sqlite.core.DB.throwex(DB.java:1150)
	at org.sqlite.core.NativeDB.prepare_utf8(Native Method)
	at org.sqlite.core.NativeDB.prepare(NativeDB.java:132)
	at org.sqlite.core.DB.prepare(DB.java:264)
	at org.sqlite.core.CorePreparedStatement.<init>(CorePreparedStatement.java:46)
	at org.sqlite.jdbc3.JDBC3PreparedStatement.<init>(JDBC3PreparedStatement.java:32)
	at org.sqlite.jdbc4.JDBC4PreparedStatement.<init>(JDBC4PreparedStatement.java:25)
	at org.sqlite.jdbc4.JDBC4Connection.prepareStatement(JDBC4Connection.java:34)
	at org.sqlite.jdbc3.JDBC3Connection.prepareStatement(JDBC3Connection.java:225)
	at org.sqlite.jdbc3.JDBC3Connection.prepareStatement(JDBC3Connection.java:205)
	at org.l2jmobius.gameserver.model.residences.AbstractResidence.initFunctions(AbstractResidence.java:143)
	at org.l2jmobius.gameserver.model.residences.ClanHall.<init>(ClanHall.java:109)
	at org.l2jmobius.gameserver.data.xml.ClanHallData.parseDocument(ClanHallData.java:163)
	at org.l2jmobius.commons.util.IXmlReader.parseFile(IXmlReader.java:102)
	at org.l2jmobius.commons.util.IXmlReader.parseDirectory(IXmlReader.java:208)
	at org.l2jmobius.commons.util.IXmlReader.parseDirectory(IXmlReader.java:204)
	at org.l2jmobius.commons.util.IXmlReader.parseDatapackDirectory(IXmlReader.java:150)
	at org.l2jmobius.gameserver.data.xml.ClanHallData.load(ClanHallData.java:59)
	at org.l2jmobius.gameserver.data.xml.ClanHallData.<init>(ClanHallData.java:53)
	at org.l2jmobius.gameserver.data.xml.ClanHallData$SingletonHolder.<clinit>(ClanHallData.java:238)
	at org.l2jmobius.gameserver.data.xml.ClanHallData.getInstance(ClanHallData.java:233)
	at org.l2jmobius.gameserver.GameServer.<init>(GameServer.java:304)
	at org.l2jmobius.gameserver.GameServer.main(GameServer.java:479)

Jul 09, 2026 2:12:03 PM org.l2jmobius.gameserver.model.residences.ClanHall load
INFO: Failed loading clan hall
org.sqlite.SQLiteException: [SQLITE_ERROR] SQL error or missing database (no such table: clanhall)
	at org.sqlite.core.DB.newSQLException(DB.java:1179)
	at org.sqlite.core.DB.newSQLException(DB.java:1190)
	at org.sqlite.core.DB.throwex(DB.java:1150)
	at org.sqlite.core.NativeDB.prepare_utf8(Native Method)
	at org.sqlite.core.NativeDB.prepare(NativeDB.java:132)
	at org.sqlite.core.DB.prepare(DB.java:264)
	at org.sqlite.core.CorePreparedStatement.<init>(CorePreparedStatement.java:46)
	at org.sqlite.jdbc3.JDBC3PreparedStatement.<init>(JDBC3PreparedStatement.java:32)
	at org.sqlite.jdbc4.JDBC4PreparedStatement.<init>(JDBC4PreparedStatement.java:25)
	at org.sqlite.jdbc4.JDBC4Connection.prepareStatement(JDBC4Connection.java:34)
	at org.sqlite.jdbc3.JDBC3Connection.prepareStatement(JDBC3Connection.java:225)
	at org.sqlite.jdbc3.JDBC3Connection.prepareStatement(JDBC3Connection.java:205)
	at org.l2jmobius.gameserver.model.residences.ClanHall.load(ClanHall.java:116)
	at org.l2jmobius.gameserver.model.residences.ClanHall.<init>(ClanHall.java:106)
	at org.l2jmobius.gameserver.data.xml.ClanHallData.parseDocument(ClanHallData.java:163)
	at org.l2jmobius.commons.util.IXmlReader.parseFile(IXmlReader.java:102)
	at org.l2jmobius.commons.util.IXmlReader.parseDirectory(IXmlReader.java:208)
	at org.l2jmobius.commons.util.IXmlReader.parseDirectory(IXmlReader.java:204)
	at org.l2jmobius.commons.util.IXmlReader.parseDatapackDirectory(IXmlReader.java:150)
	at org.l2jmobius.gameserver.data.xml.ClanHallData.load(ClanHallData.java:59)
	at org.l2jmobius.gameserver.data.xml.ClanHallData.<init>(ClanHallData.java:53)
	at org.l2jmobius.gameserver.data.xml.ClanHallData$SingletonHolder.<clinit>(ClanHallData.java:238)
	at org.l2jmobius.gameserver.data.xml.ClanHallData.getInstance(ClanHallData.java:233)
	at org.l2jmobius.gameserver.GameServer.<init>(GameServer.java:304)
	at org.l2jmobius.gameserver.GameServer.main(GameServer.java:479)

Jul 09, 2026 2:12:03 PM org.l2jmobius.gameserver.model.residences.AbstractResidence initFunctions
WARNING: Failed to initialize functions for residence: 22
org.sqlite.SQLiteException: [SQLITE_ERROR] SQL error or missing database (no such table: residence_functions)
	at org.sqlite.core.DB.newSQLException(DB.java:1179)
	at org.sqlite.core.DB.newSQLException(DB.java:1190)
	at org.sqlite.core.DB.throwex(DB.java:1150)
	at org.sqlite.core.NativeDB.prepare_utf8(Native Method)
	at org.sqlite.core.NativeDB.prepare(NativeDB.java:132)
	at org.sqlite.core.DB.prepare(DB.java:264)
	at org.sqlite.core.CorePreparedStatement.<init>(CorePreparedStatement.java:46)
	at org.sqlite.jdbc3.JDBC3PreparedStatement.<init>(JDBC3PreparedStatement.java:32)
	at org.sqlite.jdbc4.JDBC4PreparedStatement.<init>(JDBC4PreparedStatement.java:25)
	at org.sqlite.jdbc4.JDBC4Connection.prepareStatement(JDBC4Connection.java:34)
	at org.sqlite.jdbc3.JDBC3Connection.prepareStatement(JDBC3Connection.java:225)
	at org.sqlite.jdbc3.JDBC3Connection.prepareStatement(JDBC3Connection.java:205)
	at org.l2jmobius.gameserver.model.residences.AbstractResidence.initFunctions(AbstractResidence.java:143)
	at org.l2jmobius.gameserver.model.residences.ClanHall.<init>(ClanHall.java:109)
	at org.l2jmobius.gameserver.data.xml.ClanHallData.parseDocument(ClanHallData.java:163)
	at org.l2jmobius.commons.util.IXmlReader.parseFile(IXmlReader.java:102)
	at org.l2jmobius.commons.util.IXmlReader.parseDirectory(IXmlReader.java:208)
	at org.l2jmobius.commons.util.IXmlReader.parseDirectory(IXmlReader.java:204)
	at org.l2jmobius.commons.util.IXmlReader.parseDatapackDirectory(IXmlReader.java:150)
	at org.l2jmobius.gameserver.data.xml.ClanHallData.load(ClanHallData.java:59)
	at org.l2jmobius.gameserver.data.xml.ClanHallData.<init>(ClanHallData.java:53)
	at org.l2jmobius.gameserver.data.xml.ClanHallData$SingletonHolder.<clinit>(ClanHallData.java:238)
	at org.l2jmobius.gameserver.data.xml.ClanHallData.getInstance(ClanHallData.java:233)
	at org.l2jmobius.gameserver.GameServer.<init>(GameServer.java:304)
	at org.l2jmobius.gameserver.GameServer.main(GameServer.java:479)

Jul 09, 2026 2:12:03 PM org.l2jmobius.gameserver.model.residences.ClanHall load
INFO: Failed loading clan hall
org.sqlite.SQLiteException: [SQLITE_ERROR] SQL error or missing database (no such table: clanhall)
	at org.sqlite.core.DB.newSQLException(DB.java:1179)
	at org.sqlite.core.DB.newSQLException(DB.java:1190)
	at org.sqlite.core.DB.throwex(DB.java:1150)
	at org.sqlite.core.NativeDB.prepare_utf8(Native Method)
	at org.sqlite.core.NativeDB.prepare(NativeDB.java:132)
	at org.sqlite.core.DB.prepare(DB.java:264)
	at org.sqlite.core.CorePreparedStatement.<init>(CorePreparedStatement.java:46)
	at org.sqlite.jdbc3.JDBC3PreparedStatement.<init>(JDBC3PreparedStatement.java:32)
	at org.sqlite.jdbc4.JDBC4PreparedStatement.<init>(JDBC4PreparedStatement.java:25)
	at org.sqlite.jdbc4.JDBC4Connection.prepareStatement(JDBC4Connection.java:34)
	at org.sqlite.jdbc3.JDBC3Connection.prepareStatement(JDBC3Connection.java:225)
	at org.sqlite.jdbc3.JDBC3Connection.prepareStatement(JDBC3Connection.java:205)
	at org.l2jmobius.gameserver.model.residences.ClanHall.load(ClanHall.java:116)
	at org.l2jmobius.gameserver.model.residences.ClanHall.<init>(ClanHall.java:106)
	at org.l2jmobius.gameserver.data.xml.ClanHallData.parseDocument(ClanHallData.java:163)
	at org.l2jmobius.commons.util.IXmlReader.parseFile(IXmlReader.java:102)
	at org.l2jmobius.commons.util.IXmlReader.parseDirectory(IXmlReader.java:208)
	at org.l2jmobius.commons.util.IXmlReader.parseDirectory(IXmlReader.java:204)
	at org.l2jmobius.commons.util.IXmlReader.parseDatapackDirectory(IXmlReader.java:150)
	at org.l2jmobius.gameserver.data.xml.ClanHallData.load(ClanHallData.java:59)
	at org.l2jmobius.gameserver.data.xml.ClanHallData.<init>(ClanHallData.java:53)
	at org.l2jmobius.gameserver.data.xml.ClanHallData$SingletonHolder.<clinit>(ClanHallData.java:238)
	at org.l2jmobius.gameserver.data.xml.ClanHallData.getInstance(ClanHallData.java:233)
	at org.l2jmobius.gameserver.GameServer.<init>(GameServer.java:304)
	at org.l2jmobius.gameserver.GameServer.main(GameServer.java:479)

Jul 09, 2026 2:12:03 PM org.l2jmobius.gameserver.model.residences.AbstractResidence initFunctions
WARNING: Failed to initialize functions for residence: 49
org.sqlite.SQLiteException: [SQLITE_ERROR] SQL error or missing database (no such table: residence_functions)
	at org.sqlite.core.DB.newSQLException(DB.java:1179)
	at org.sqlite.core.DB.newSQLException(DB.java:1190)
	at org.sqlite.core.DB.throwex(DB.java:1150)
	at org.sqlite.core.NativeDB.prepare_utf8(Native Method)
	at org.sqlite.core.NativeDB.prepare(NativeDB.java:132)
	at org.sqlite.core.DB.prepare(DB.java:264)
	at org.sqlite.core.CorePreparedStatement.<init>(CorePreparedStatement.java:46)
	at org.sqlite.jdbc3.JDBC3PreparedStatement.<init>(JDBC3PreparedStatement.java:32)
	at org.sqlite.jdbc4.JDBC4PreparedStatement.<init>(JDBC4PreparedStatement.java:25)
	at org.sqlite.jdbc4.JDBC4Connection.prepareStatement(JDBC4Connection.java:34)
	at org.sqlite.jdbc3.JDBC3Connection.prepareStatement(JDBC3Connection.java:225)
	at org.sqlite.jdbc3.JDBC3Connection.prepareStatement(JDBC3Connection.java:205)
	at org.l2jmobius.gameserver.model.residences.AbstractResidence.initFunctions(AbstractResidence.java:143)
	at org.l2jmobius.gameserver.model.residences.ClanHall.<init>(ClanHall.java:109)
	at org.l2jmobius.gameserver.data.xml.ClanHallData.parseDocument(ClanHallData.java:163)
	at org.l2jmobius.commons.util.IXmlReader.parseFile(IXmlReader.java:102)
	at org.l2jmobius.commons.util.IXmlReader.parseDirectory(IXmlReader.java:208)
	at org.l2jmobius.commons.util.IXmlReader.parseDirectory(IXmlReader.java:204)
	at org.l2jmobius.commons.util.IXmlReader.parseDatapackDirectory(IXmlReader.java:150)
	at org.l2jmobius.gameserver.data.xml.ClanHallData.load(ClanHallData.java:59)
	at org.l2jmobius.gameserver.data.xml.ClanHallData.<init>(ClanHallData.java:53)
	at org.l2jmobius.gameserver.data.xml.ClanHallData$SingletonHolder.<clinit>(ClanHallData.java:238)
	at org.l2jmobius.gameserver.data.xml.ClanHallData.getInstance(ClanHallData.java:233)
	at org.l2jmobius.gameserver.GameServer.<init>(GameServer.java:304)
	at org.l2jmobius.gameserver.GameServer.main(GameServer.java:479)

Jul 09, 2026 2:12:03 PM org.l2jmobius.gameserver.model.residences.ClanHall load
INFO: Failed loading clan hall
org.sqlite.SQLiteException: [SQLITE_ERROR] SQL error or missing database (no such table: clanhall)
	at org.sqlite.core.DB.newSQLException(DB.java:1179)
	at org.sqlite.core.DB.newSQLException(DB.java:1190)
	at org.sqlite.core.DB.throwex(DB.java:1150)
	at org.sqlite.core.NativeDB.prepare_utf8(Native Method)
	at org.sqlite.core.NativeDB.prepare(NativeDB.java:132)
	at org.sqlite.core.DB.prepare(DB.java:264)
	at org.sqlite.core.CorePreparedStatement.<init>(CorePreparedStatement.java:46)
	at org.sqlite.jdbc3.JDBC3PreparedStatement.<init>(JDBC3PreparedStatement.java:32)
	at org.sqlite.jdbc4.JDBC4PreparedStatement.<init>(JDBC4PreparedStatement.java:25)
	at org.sqlite.jdbc4.JDBC4Connection.prepareStatement(JDBC4Connection.java:34)
	at org.sqlite.jdbc3.JDBC3Connection.prepareStatement(JDBC3Connection.java:225)
	at org.sqlite.jdbc3.JDBC3Connection.prepareStatement(JDBC3Connection.java:205)
	at org.l2jmobius.gameserver.model.residences.ClanHall.load(ClanHall.java:116)
	at org.l2jmobius.gameserver.model.residences.ClanHall.<init>(ClanHall.java:106)
	at org.l2jmobius.gameserver.data.xml.ClanHallData.parseDocument(ClanHallData.java:163)
	at org.l2jmobius.commons.util.IXmlReader.parseFile(IXmlReader.java:102)
	at org.l2jmobius.commons.util.IXmlReader.parseDirectory(IXmlReader.java:208)
	at org.l2jmobius.commons.util.IXmlReader.parseDirectory(IXmlReader.java:204)
	at org.l2jmobius.commons.util.IXmlReader.parseDatapackDirectory(IXmlReader.java:150)
	at org.l2jmobius.gameserver.data.xml.ClanHallData.load(ClanHallData.java:59)
	at org.l2jmobius.gameserver.data.xml.ClanHallData.<init>(ClanHallData.java:53)
	at org.l2jmobius.gameserver.data.xml.ClanHallData$SingletonHolder.<clinit>(ClanHallData.java:238)
	at org.l2jmobius.gameserver.data.xml.ClanHallData.getInstance(ClanHallData.java:233)
	at org.l2jmobius.gameserver.GameServer.<init>(GameServer.java:304)
	at org.l2jmobius.gameserver.GameServer.main(GameServer.java:479)

Jul 09, 2026 2:12:03 PM org.l2jmobius.gameserver.model.residences.AbstractResidence initFunctions
WARNING: Failed to initialize functions for residence: 48
org.sqlite.SQLiteException: [SQLITE_ERROR] SQL error or missing database (no such table: residence_functions)
	at org.sqlite.core.DB.newSQLException(DB.java:1179)
	at org.sqlite.core.DB.newSQLException(DB.java:1190)
	at org.sqlite.core.DB.throwex(DB.java:1150)
	at org.sqlite.core.NativeDB.prepare_utf8(Native Method)
	at org.sqlite.core.NativeDB.prepare(NativeDB.java:132)
	at org.sqlite.core.DB.prepare(DB.java:264)
	at org.sqlite.core.CorePreparedStatement.<init>(CorePreparedStatement.java:46)
	at org.sqlite.jdbc3.JDBC3PreparedStatement.<init>(JDBC3PreparedStatement.java:32)
	at org.sqlite.jdbc4.JDBC4PreparedStatement.<init>(JDBC4PreparedStatement.java:25)
	at org.sqlite.jdbc4.JDBC4Connection.prepareStatement(JDBC4Connection.java:34)
	at org.sqlite.jdbc3.JDBC3Connection.prepareStatement(JDBC3Connection.java:225)
	at org.sqlite.jdbc3.JDBC3Connection.prepareStatement(JDBC3Connection.java:205)
	at org.l2jmobius.gameserver.model.residences.AbstractResidence.initFunctions(AbstractResidence.java:143)
	at org.l2jmobius.gameserver.model.residences.ClanHall.<init>(ClanHall.java:109)
	at org.l2jmobius.gameserver.data.xml.ClanHallData.parseDocument(ClanHallData.java:163)
	at org.l2jmobius.commons.util.IXmlReader.parseFile(IXmlReader.java:102)
	at org.l2jmobius.commons.util.IXmlReader.parseDirectory(IXmlReader.java:208)
	at org.l2jmobius.commons.util.IXmlReader.parseDirectory(IXmlReader.java:204)
	at org.l2jmobius.commons.util.IXmlReader.parseDatapackDirectory(IXmlReader.java:150)
	at org.l2jmobius.gameserver.data.xml.ClanHallData.load(ClanHallData.java:59)
	at org.l2jmobius.gameserver.data.xml.ClanHallData.<init>(ClanHallData.java:53)
	at org.l2jmobius.gameserver.data.xml.ClanHallData$SingletonHolder.<clinit>(ClanHallData.java:238)
	at org.l2jmobius.gameserver.data.xml.ClanHallData.getInstance(ClanHallData.java:233)
	at org.l2jmobius.gameserver.GameServer.<init>(GameServer.java:304)
	at org.l2jmobius.gameserver.GameServer.main(GameServer.java:479)

Jul 09, 2026 2:12:03 PM org.l2jmobius.gameserver.model.residences.ClanHall load
INFO: Failed loading clan hall
org.sqlite.SQLiteException: [SQLITE_ERROR] SQL error or missing database (no such table: clanhall)
	at org.sqlite.core.DB.newSQLException(DB.java:1179)
	at org.sqlite.core.DB.newSQLException(DB.java:1190)
	at org.sqlite.core.DB.throwex(DB.java:1150)
	at org.sqlite.core.NativeDB.prepare_utf8(Native Method)
	at org.sqlite.core.NativeDB.prepare(NativeDB.java:132)
	at org.sqlite.core.DB.prepare(DB.java:264)
	at org.sqlite.core.CorePreparedStatement.<init>(CorePreparedStatement.java:46)
	at org.sqlite.jdbc3.JDBC3PreparedStatement.<init>(JDBC3PreparedStatement.java:32)
	at org.sqlite.jdbc4.JDBC4PreparedStatement.<init>(JDBC4PreparedStatement.java:25)
	at org.sqlite.jdbc4.JDBC4Connection.prepareStatement(JDBC4Connection.java:34)
	at org.sqlite.jdbc3.JDBC3Connection.prepareStatement(JDBC3Connection.java:225)
	at org.sqlite.jdbc3.JDBC3Connection.prepareStatement(JDBC3Connection.java:205)
	at org.l2jmobius.gameserver.model.residences.ClanHall.load(ClanHall.java:116)
	at org.l2jmobius.gameserver.model.residences.ClanHall.<init>(ClanHall.java:106)
	at org.l2jmobius.gameserver.data.xml.ClanHallData.parseDocument(ClanHallData.java:163)
	at org.l2jmobius.commons.util.IXmlReader.parseFile(IXmlReader.java:102)
	at org.l2jmobius.commons.util.IXmlReader.parseDirectory(IXmlReader.java:208)
	at org.l2jmobius.commons.util.IXmlReader.parseDirectory(IXmlReader.java:204)
	at org.l2jmobius.commons.util.IXmlReader.parseDatapackDirectory(IXmlReader.java:150)
	at org.l2jmobius.gameserver.data.xml.ClanHallData.load(ClanHallData.java:59)
	at org.l2jmobius.gameserver.data.xml.ClanHallData.<init>(ClanHallData.java:53)
	at org.l2jmobius.gameserver.data.xml.ClanHallData$SingletonHolder.<clinit>(ClanHallData.java:238)
	at org.l2jmobius.gameserver.data.xml.ClanHallData.getInstance(ClanHallData.java:233)
	at org.l2jmobius.gameserver.GameServer.<init>(GameServer.java:304)
	at org.l2jmobius.gameserver.GameServer.main(GameServer.java:479)

Jul 09, 2026 2:12:03 PM org.l2jmobius.gameserver.model.residences.AbstractResidence initFunctions
WARNING: Failed to initialize functions for residence: 50
org.sqlite.SQLiteException: [SQLITE_ERROR] SQL error or missing database (no such table: residence_functions)
	at org.sqlite.core.DB.newSQLException(DB.java:1179)
	at org.sqlite.core.DB.newSQLException(DB.java:1190)
	at org.sqlite.core.DB.throwex(DB.java:1150)
	at org.sqlite.core.NativeDB.prepare_utf8(Native Method)
	at org.sqlite.core.NativeDB.prepare(NativeDB.java:132)
	at org.sqlite.core.DB.prepare(DB.java:264)
	at org.sqlite.core.CorePreparedStatement.<init>(CorePreparedStatement.java:46)
	at org.sqlite.jdbc3.JDBC3PreparedStatement.<init>(JDBC3PreparedStatement.java:32)
	at org.sqlite.jdbc4.JDBC4PreparedStatement.<init>(JDBC4PreparedStatement.java:25)
	at org.sqlite.jdbc4.JDBC4Connection.prepareStatement(JDBC4Connection.java:34)
	at org.sqlite.jdbc3.JDBC3Connection.prepareStatement(JDBC3Connection.java:225)
	at org.sqlite.jdbc3.JDBC3Connection.prepareStatement(JDBC3Connection.java:205)
	at org.l2jmobius.gameserver.model.residences.AbstractResidence.initFunctions(AbstractResidence.java:143)
	at org.l2jmobius.gameserver.model.residences.ClanHall.<init>(ClanHall.java:109)
	at org.l2jmobius.gameserver.data.xml.ClanHallData.parseDocument(ClanHallData.java:163)
	at org.l2jmobius.commons.util.IXmlReader.parseFile(IXmlReader.java:102)
	at org.l2jmobius.commons.util.IXmlReader.parseDirectory(IXmlReader.java:208)
	at org.l2jmobius.commons.util.IXmlReader.parseDirectory(IXmlReader.java:204)
	at org.l2jmobius.commons.util.IXmlReader.parseDatapackDirectory(IXmlReader.java:150)
	at org.l2jmobius.gameserver.data.xml.ClanHallData.load(ClanHallData.java:59)
	at org.l2jmobius.gameserver.data.xml.ClanHallData.<init>(ClanHallData.java:53)
	at org.l2jmobius.gameserver.data.xml.ClanHallData$SingletonHolder.<clinit>(ClanHallData.java:238)
	at org.l2jmobius.gameserver.data.xml.ClanHallData.getInstance(ClanHallData.java:233)
	at org.l2jmobius.gameserver.GameServer.<init>(GameServer.java:304)
	at org.l2jmobius.gameserver.GameServer.main(GameServer.java:479)

Jul 09, 2026 2:12:03 PM org.l2jmobius.gameserver.model.residences.ClanHall load
INFO: Failed loading clan hall
org.sqlite.SQLiteException: [SQLITE_ERROR] SQL error or missing database (no such table: clanhall)
	at org.sqlite.core.DB.newSQLException(DB.java:1179)
	at org.sqlite.core.DB.newSQLException(DB.java:1190)
	at org.sqlite.core.DB.throwex(DB.java:1150)
	at org.sqlite.core.NativeDB.prepare_utf8(Native Method)
	at org.sqlite.core.NativeDB.prepare(NativeDB.java:132)
	at org.sqlite.core.DB.prepare(DB.java:264)
	at org.sqlite.core.CorePreparedStatement.<init>(CorePreparedStatement.java:46)
	at org.sqlite.jdbc3.JDBC3PreparedStatement.<init>(JDBC3PreparedStatement.java:32)
	at org.sqlite.jdbc4.JDBC4PreparedStatement.<init>(JDBC4PreparedStatement.java:25)
	at org.sqlite.jdbc4.JDBC4Connection.prepareStatement(JDBC4Connection.java:34)
	at org.sqlite.jdbc3.JDBC3Connection.prepareStatement(JDBC3Connection.java:225)
	at org.sqlite.jdbc3.JDBC3Connection.prepareStatement(JDBC3Connection.java:205)
	at org.l2jmobius.gameserver.model.residences.ClanHall.load(ClanHall.java:116)
	at org.l2jmobius.gameserver.model.residences.ClanHall.<init>(ClanHall.java:106)
	at org.l2jmobius.gameserver.data.xml.ClanHallData.parseDocument(ClanHallData.java:163)
	at org.l2jmobius.commons.util.IXmlReader.parseFile(IXmlReader.java:102)
	at org.l2jmobius.commons.util.IXmlReader.parseDirectory(IXmlReader.java:208)
	at org.l2jmobius.commons.util.IXmlReader.parseDirectory(IXmlReader.java:204)
	at org.l2jmobius.commons.util.IXmlReader.parseDatapackDirectory(IXmlReader.java:150)
	at org.l2jmobius.gameserver.data.xml.ClanHallData.load(ClanHallData.java:59)
	at org.l2jmobius.gameserver.data.xml.ClanHallData.<init>(ClanHallData.java:53)
	at org.l2jmobius.gameserver.data.xml.ClanHallData$SingletonHolder.<clinit>(ClanHallData.java:238)
	at org.l2jmobius.gameserver.data.xml.ClanHallData.getInstance(ClanHallData.java:233)
	at org.l2jmobius.gameserver.GameServer.<init>(GameServer.java:304)
	at org.l2jmobius.gameserver.GameServer.main(GameServer.java:479)

Jul 09, 2026 2:12:03 PM org.l2jmobius.gameserver.model.residences.AbstractResidence initFunctions
WARNING: Failed to initialize functions for residence: 47
org.sqlite.SQLiteException: [SQLITE_ERROR] SQL error or missing database (no such table: residence_functions)
	at org.sqlite.core.DB.newSQLException(DB.java:1179)
	at org.sqlite.core.DB.newSQLException(DB.java:1190)
	at org.sqlite.core.DB.throwex(DB.java:1150)
	at org.sqlite.core.NativeDB.prepare_utf8(Native Method)
	at org.sqlite.core.NativeDB.prepare(NativeDB.java:132)
	at org.sqlite.core.DB.prepare(DB.java:264)
	at org.sqlite.core.CorePreparedStatement.<init>(CorePreparedStatement.java:46)
	at org.sqlite.jdbc3.JDBC3PreparedStatement.<init>(JDBC3PreparedStatement.java:32)
	at org.sqlite.jdbc4.JDBC4PreparedStatement.<init>(JDBC4PreparedStatement.java:25)
	at org.sqlite.jdbc4.JDBC4Connection.prepareStatement(JDBC4Connection.java:34)
	at org.sqlite.jdbc3.JDBC3Connection.prepareStatement(JDBC3Connection.java:225)
	at org.sqlite.jdbc3.JDBC3Connection.prepareStatement(JDBC3Connection.java:205)
	at org.l2jmobius.gameserver.model.residences.AbstractResidence.initFunctions(AbstractResidence.java:143)
	at org.l2jmobius.gameserver.model.residences.ClanHall.<init>(ClanHall.java:109)
	at org.l2jmobius.gameserver.data.xml.ClanHallData.parseDocument(ClanHallData.java:163)
	at org.l2jmobius.commons.util.IXmlReader.parseFile(IXmlReader.java:102)
	at org.l2jmobius.commons.util.IXmlReader.parseDirectory(IXmlReader.java:208)
	at org.l2jmobius.commons.util.IXmlReader.parseDirectory(IXmlReader.java:204)
	at org.l2jmobius.commons.util.IXmlReader.parseDatapackDirectory(IXmlReader.java:150)
	at org.l2jmobius.gameserver.data.xml.ClanHallData.load(ClanHallData.java:59)
	at org.l2jmobius.gameserver.data.xml.ClanHallData.<init>(ClanHallData.java:53)
	at org.l2jmobius.gameserver.data.xml.ClanHallData$SingletonHolder.<clinit>(ClanHallData.java:238)
	at org.l2jmobius.gameserver.data.xml.ClanHallData.getInstance(ClanHallData.java:233)
	at org.l2jmobius.gameserver.GameServer.<init>(GameServer.java:304)
	at org.l2jmobius.gameserver.GameServer.main(GameServer.java:479)

Jul 09, 2026 2:12:03 PM org.l2jmobius.gameserver.model.residences.ClanHall load
INFO: Failed loading clan hall
org.sqlite.SQLiteException: [SQLITE_ERROR] SQL error or missing database (no such table: clanhall)
	at org.sqlite.core.DB.newSQLException(DB.java:1179)
	at org.sqlite.core.DB.newSQLException(DB.java:1190)
	at org.sqlite.core.DB.throwex(DB.java:1150)
	at org.sqlite.core.NativeDB.prepare_utf8(Native Method)
	at org.sqlite.core.NativeDB.prepare(NativeDB.java:132)
	at org.sqlite.core.DB.prepare(DB.java:264)
	at org.sqlite.core.CorePreparedStatement.<init>(CorePreparedStatement.java:46)
	at org.sqlite.jdbc3.JDBC3PreparedStatement.<init>(JDBC3PreparedStatement.java:32)
	at org.sqlite.jdbc4.JDBC4PreparedStatement.<init>(JDBC4PreparedStatement.java:25)
	at org.sqlite.jdbc4.JDBC4Connection.prepareStatement(JDBC4Connection.java:34)
	at org.sqlite.jdbc3.JDBC3Connection.prepareStatement(JDBC3Connection.java:225)
	at org.sqlite.jdbc3.JDBC3Connection.prepareStatement(JDBC3Connection.java:205)
	at org.l2jmobius.gameserver.model.residences.ClanHall.load(ClanHall.java:116)
	at org.l2jmobius.gameserver.model.residences.ClanHall.<init>(ClanHall.java:106)
	at org.l2jmobius.gameserver.data.xml.ClanHallData.parseDocument(ClanHallData.java:163)
	at org.l2jmobius.commons.util.IXmlReader.parseFile(IXmlReader.java:102)
	at org.l2jmobius.commons.util.IXmlReader.parseDirectory(IXmlReader.java:208)
	at org.l2jmobius.commons.util.IXmlReader.parseDirectory(IXmlReader.java:204)
	at org.l2jmobius.commons.util.IXmlReader.parseDatapackDirectory(IXmlReader.java:150)
	at org.l2jmobius.gameserver.data.xml.ClanHallData.load(ClanHallData.java:59)
	at org.l2jmobius.gameserver.data.xml.ClanHallData.<init>(ClanHallData.java:53)
	at org.l2jmobius.gameserver.data.xml.ClanHallData$SingletonHolder.<clinit>(ClanHallData.java:238)
	at org.l2jmobius.gameserver.data.xml.ClanHallData.getInstance(ClanHallData.java:233)
	at org.l2jmobius.gameserver.GameServer.<init>(GameServer.java:304)
	at org.l2jmobius.gameserver.GameServer.main(GameServer.java:479)

Jul 09, 2026 2:12:03 PM org.l2jmobius.gameserver.model.residences.AbstractResidence initFunctions
WARNING: Failed to initialize functions for residence: 30
org.sqlite.SQLiteException: [SQLITE_ERROR] SQL error or missing database (no such table: residence_functions)
	at org.sqlite.core.DB.newSQLException(DB.java:1179)
	at org.sqlite.core.DB.newSQLException(DB.java:1190)
	at org.sqlite.core.DB.throwex(DB.java:1150)
	at org.sqlite.core.NativeDB.prepare_utf8(Native Method)
	at org.sqlite.core.NativeDB.prepare(NativeDB.java:132)
	at org.sqlite.core.DB.prepare(DB.java:264)
	at org.sqlite.core.CorePreparedStatement.<init>(CorePreparedStatement.java:46)
	at org.sqlite.jdbc3.JDBC3PreparedStatement.<init>(JDBC3PreparedStatement.java:32)
	at org.sqlite.jdbc4.JDBC4PreparedStatement.<init>(JDBC4PreparedStatement.java:25)
	at org.sqlite.jdbc4.JDBC4Connection.prepareStatement(JDBC4Connection.java:34)
	at org.sqlite.jdbc3.JDBC3Connection.prepareStatement(JDBC3Connection.java:225)
	at org.sqlite.jdbc3.JDBC3Connection.prepareStatement(JDBC3Connection.java:205)
	at org.l2jmobius.gameserver.model.residences.AbstractResidence.initFunctions(AbstractResidence.java:143)
	at org.l2jmobius.gameserver.model.residences.ClanHall.<init>(ClanHall.java:109)
	at org.l2jmobius.gameserver.data.xml.ClanHallData.parseDocument(ClanHallData.java:163)
	at org.l2jmobius.commons.util.IXmlReader.parseFile(IXmlReader.java:102)
	at org.l2jmobius.commons.util.IXmlReader.parseDirectory(IXmlReader.java:208)
	at org.l2jmobius.commons.util.IXmlReader.parseDirectory(IXmlReader.java:204)
	at org.l2jmobius.commons.util.IXmlReader.parseDatapackDirectory(IXmlReader.java:150)
	at org.l2jmobius.gameserver.data.xml.ClanHallData.load(ClanHallData.java:59)
	at org.l2jmobius.gameserver.data.xml.ClanHallData.<init>(ClanHallData.java:53)
	at org.l2jmobius.gameserver.data.xml.ClanHallData$SingletonHolder.<clinit>(ClanHallData.java:238)
	at org.l2jmobius.gameserver.data.xml.ClanHallData.getInstance(ClanHallData.java:233)
	at org.l2jmobius.gameserver.GameServer.<init>(GameServer.java:304)
	at org.l2jmobius.gameserver.GameServer.main(GameServer.java:479)

Jul 09, 2026 2:12:03 PM org.l2jmobius.gameserver.model.residences.ClanHall load
INFO: Failed loading clan hall
org.sqlite.SQLiteException: [SQLITE_ERROR] SQL error or missing database (no such table: clanhall)
	at org.sqlite.core.DB.newSQLException(DB.java:1179)
	at org.sqlite.core.DB.newSQLException(DB.java:1190)
	at org.sqlite.core.DB.throwex(DB.java:1150)
	at org.sqlite.core.NativeDB.prepare_utf8(Native Method)
	at org.sqlite.core.NativeDB.prepare(NativeDB.java:132)
	at org.sqlite.core.DB.prepare(DB.java:264)
	at org.sqlite.core.CorePreparedStatement.<init>(CorePreparedStatement.java:46)
	at org.sqlite.jdbc3.JDBC3PreparedStatement.<init>(JDBC3PreparedStatement.java:32)
	at org.sqlite.jdbc4.JDBC4PreparedStatement.<init>(JDBC4PreparedStatement.java:25)
	at org.sqlite.jdbc4.JDBC4Connection.prepareStatement(JDBC4Connection.java:34)
	at org.sqlite.jdbc3.JDBC3Connection.prepareStatement(JDBC3Connection.java:225)
	at org.sqlite.jdbc3.JDBC3Connection.prepareStatement(JDBC3Connection.java:205)
	at org.l2jmobius.gameserver.model.residences.ClanHall.load(ClanHall.java:116)
	at org.l2jmobius.gameserver.model.residences.ClanHall.<init>(ClanHall.java:106)
	at org.l2jmobius.gameserver.data.xml.ClanHallData.parseDocument(ClanHallData.java:163)
	at org.l2jmobius.commons.util.IXmlReader.parseFile(IXmlReader.java:102)
	at org.l2jmobius.commons.util.IXmlReader.parseDirectory(IXmlReader.java:208)
	at org.l2jmobius.commons.util.IXmlReader.parseDirectory(IXmlReader.java:204)
	at org.l2jmobius.commons.util.IXmlReader.parseDatapackDirectory(IXmlReader.java:150)
	at org.l2jmobius.gameserver.data.xml.ClanHallData.load(ClanHallData.java:59)
	at org.l2jmobius.gameserver.data.xml.ClanHallData.<init>(ClanHallData.java:53)
	at org.l2jmobius.gameserver.data.xml.ClanHallData$SingletonHolder.<clinit>(ClanHallData.java:238)
	at org.l2jmobius.gameserver.data.xml.ClanHallData.getInstance(ClanHallData.java:233)
	at org.l2jmobius.gameserver.GameServer.<init>(GameServer.java:304)
	at org.l2jmobius.gameserver.GameServer.main(GameServer.java:479)

Jul 09, 2026 2:12:03 PM org.l2jmobius.gameserver.model.residences.AbstractResidence initFunctions
WARNING: Failed to initialize functions for residence: 26
org.sqlite.SQLiteException: [SQLITE_ERROR] SQL error or missing database (no such table: residence_functions)
	at org.sqlite.core.DB.newSQLException(DB.java:1179)
	at org.sqlite.core.DB.newSQLException(DB.java:1190)
	at org.sqlite.core.DB.throwex(DB.java:1150)
	at org.sqlite.core.NativeDB.prepare_utf8(Native Method)
	at org.sqlite.core.NativeDB.prepare(NativeDB.java:132)
	at org.sqlite.core.DB.prepare(DB.java:264)
	at org.sqlite.core.CorePreparedStatement.<init>(CorePreparedStatement.java:46)
	at org.sqlite.jdbc3.JDBC3PreparedStatement.<init>(JDBC3PreparedStatement.java:32)
	at org.sqlite.jdbc4.JDBC4PreparedStatement.<init>(JDBC4PreparedStatement.java:25)
	at org.sqlite.jdbc4.JDBC4Connection.prepareStatement(JDBC4Connection.java:34)
	at org.sqlite.jdbc3.JDBC3Connection.prepareStatement(JDBC3Connection.java:225)
	at org.sqlite.jdbc3.JDBC3Connection.prepareStatement(JDBC3Connection.java:205)
	at org.l2jmobius.gameserver.model.residences.AbstractResidence.initFunctions(AbstractResidence.java:143)
	at org.l2jmobius.gameserver.model.residences.ClanHall.<init>(ClanHall.java:109)
	at org.l2jmobius.gameserver.data.xml.ClanHallData.parseDocument(ClanHallData.java:163)
	at org.l2jmobius.commons.util.IXmlReader.parseFile(IXmlReader.java:102)
	at org.l2jmobius.commons.util.IXmlReader.parseDirectory(IXmlReader.java:208)
	at org.l2jmobius.commons.util.IXmlReader.parseDirectory(IXmlReader.java:204)
	at org.l2jmobius.commons.util.IXmlReader.parseDatapackDirectory(IXmlReader.java:150)
	at org.l2jmobius.gameserver.data.xml.ClanHallData.load(ClanHallData.java:59)
	at org.l2jmobius.gameserver.data.xml.ClanHallData.<init>(ClanHallData.java:53)
	at org.l2jmobius.gameserver.data.xml.ClanHallData$SingletonHolder.<clinit>(ClanHallData.java:238)
	at org.l2jmobius.gameserver.data.xml.ClanHallData.getInstance(ClanHallData.java:233)
	at org.l2jmobius.gameserver.GameServer.<init>(GameServer.java:304)
	at org.l2jmobius.gameserver.GameServer.main(GameServer.java:479)

Jul 09, 2026 2:12:03 PM org.l2jmobius.gameserver.model.residences.ClanHall load
INFO: Failed loading clan hall
org.sqlite.SQLiteException: [SQLITE_ERROR] SQL error or missing database (no such table: clanhall)
	at org.sqlite.core.DB.newSQLException(DB.java:1179)
	at org.sqlite.core.DB.newSQLException(DB.java:1190)
	at org.sqlite.core.DB.throwex(DB.java:1150)
	at org.sqlite.core.NativeDB.prepare_utf8(Native Method)
	at org.sqlite.core.NativeDB.prepare(NativeDB.java:132)
	at org.sqlite.core.DB.prepare(DB.java:264)
	at org.sqlite.core.CorePreparedStatement.<init>(CorePreparedStatement.java:46)
	at org.sqlite.jdbc3.JDBC3PreparedStatement.<init>(JDBC3PreparedStatement.java:32)
	at org.sqlite.jdbc4.JDBC4PreparedStatement.<init>(JDBC4PreparedStatement.java:25)
	at org.sqlite.jdbc4.JDBC4Connection.prepareStatement(JDBC4Connection.java:34)
	at org.sqlite.jdbc3.JDBC3Connection.prepareStatement(JDBC3Connection.java:225)
	at org.sqlite.jdbc3.JDBC3Connection.prepareStatement(JDBC3Connection.java:205)
	at org.l2jmobius.gameserver.model.residences.ClanHall.load(ClanHall.java:116)
	at org.l2jmobius.gameserver.model.residences.ClanHall.<init>(ClanHall.java:106)
	at org.l2jmobius.gameserver.data.xml.ClanHallData.parseDocument(ClanHallData.java:163)
	at org.l2jmobius.commons.util.IXmlReader.parseFile(IXmlReader.java:102)
	at org.l2jmobius.commons.util.IXmlReader.parseDirectory(IXmlReader.java:208)
	at org.l2jmobius.commons.util.IXmlReader.parseDirectory(IXmlReader.java:204)
	at org.l2jmobius.commons.util.IXmlReader.parseDatapackDirectory(IXmlReader.java:150)
	at org.l2jmobius.gameserver.data.xml.ClanHallData.load(ClanHallData.java:59)
	at org.l2jmobius.gameserver.data.xml.ClanHallData.<init>(ClanHallData.java:53)
	at org.l2jmobius.gameserver.data.xml.ClanHallData$SingletonHolder.<clinit>(ClanHallData.java:238)
	at org.l2jmobius.gameserver.data.xml.ClanHallData.getInstance(ClanHallData.java:233)
	at org.l2jmobius.gameserver.GameServer.<init>(GameServer.java:304)
	at org.l2jmobius.gameserver.GameServer.main(GameServer.java:479)

Jul 09, 2026 2:12:03 PM org.l2jmobius.gameserver.model.residences.AbstractResidence initFunctions
WARNING: Failed to initialize functions for residence: 27
org.sqlite.SQLiteException: [SQLITE_ERROR] SQL error or missing database (no such table: residence_functions)
	at org.sqlite.core.DB.newSQLException(DB.java:1179)
	at org.sqlite.core.DB.newSQLException(DB.java:1190)
	at org.sqlite.core.DB.throwex(DB.java:1150)
	at org.sqlite.core.NativeDB.prepare_utf8(Native Method)
	at org.sqlite.core.NativeDB.prepare(NativeDB.java:132)
	at org.sqlite.core.DB.prepare(DB.java:264)
	at org.sqlite.core.CorePreparedStatement.<init>(CorePreparedStatement.java:46)
	at org.sqlite.jdbc3.JDBC3PreparedStatement.<init>(JDBC3PreparedStatement.java:32)
	at org.sqlite.jdbc4.JDBC4PreparedStatement.<init>(JDBC4PreparedStatement.java:25)
	at org.sqlite.jdbc4.JDBC4Connection.prepareStatement(JDBC4Connection.java:34)
	at org.sqlite.jdbc3.JDBC3Connection.prepareStatement(JDBC3Connection.java:225)
	at org.sqlite.jdbc3.JDBC3Connection.prepareStatement(JDBC3Connection.java:205)
	at org.l2jmobius.gameserver.model.residences.AbstractResidence.initFunctions(AbstractResidence.java:143)
	at org.l2jmobius.gameserver.model.residences.ClanHall.<init>(ClanHall.java:109)
	at org.l2jmobius.gameserver.data.xml.ClanHallData.parseDocument(ClanHallData.java:163)
	at org.l2jmobius.commons.util.IXmlReader.parseFile(IXmlReader.java:102)
	at org.l2jmobius.commons.util.IXmlReader.parseDirectory(IXmlReader.java:208)
	at org.l2jmobius.commons.util.IXmlReader.parseDirectory(IXmlReader.java:204)
	at org.l2jmobius.commons.util.IXmlReader.parseDatapackDirectory(IXmlReader.java:150)
	at org.l2jmobius.gameserver.data.xml.ClanHallData.load(ClanHallData.java:59)
	at org.l2jmobius.gameserver.data.xml.ClanHallData.<init>(ClanHallData.java:53)
	at org.l2jmobius.gameserver.data.xml.ClanHallData$SingletonHolder.<clinit>(ClanHallData.java:238)
	at org.l2jmobius.gameserver.data.xml.ClanHallData.getInstance(ClanHallData.java:233)
	at org.l2jmobius.gameserver.GameServer.<init>(GameServer.java:304)
	at org.l2jmobius.gameserver.GameServer.main(GameServer.java:479)

Jul 09, 2026 2:12:03 PM org.l2jmobius.gameserver.model.residences.ClanHall load
INFO: Failed loading clan hall
org.sqlite.SQLiteException: [SQLITE_ERROR] SQL error or missing database (no such table: clanhall)
	at org.sqlite.core.DB.newSQLException(DB.java:1179)
	at org.sqlite.core.DB.newSQLException(DB.java:1190)
	at org.sqlite.core.DB.throwex(DB.java:1150)
	at org.sqlite.core.NativeDB.prepare_utf8(Native Method)
	at org.sqlite.core.NativeDB.prepare(NativeDB.java:132)
	at org.sqlite.core.DB.prepare(DB.java:264)
	at org.sqlite.core.CorePreparedStatement.<init>(CorePreparedStatement.java:46)
	at org.sqlite.jdbc3.JDBC3PreparedStatement.<init>(JDBC3PreparedStatement.java:32)
	at org.sqlite.jdbc4.JDBC4PreparedStatement.<init>(JDBC4PreparedStatement.java:25)
	at org.sqlite.jdbc4.JDBC4Connection.prepareStatement(JDBC4Connection.java:34)
	at org.sqlite.jdbc3.JDBC3Connection.prepareStatement(JDBC3Connection.java:225)
	at org.sqlite.jdbc3.JDBC3Connection.prepareStatement(JDBC3Connection.java:205)
	at org.l2jmobius.gameserver.model.residences.ClanHall.load(ClanHall.java:116)
	at org.l2jmobius.gameserver.model.residences.ClanHall.<init>(ClanHall.java:106)
	at org.l2jmobius.gameserver.data.xml.ClanHallData.parseDocument(ClanHallData.java:163)
	at org.l2jmobius.commons.util.IXmlReader.parseFile(IXmlReader.java:102)
	at org.l2jmobius.commons.util.IXmlReader.parseDirectory(IXmlReader.java:208)
	at org.l2jmobius.commons.util.IXmlReader.parseDirectory(IXmlReader.java:204)
	at org.l2jmobius.commons.util.IXmlReader.parseDatapackDirectory(IXmlReader.java:150)
	at org.l2jmobius.gameserver.data.xml.ClanHallData.load(ClanHallData.java:59)
	at org.l2jmobius.gameserver.data.xml.ClanHallData.<init>(ClanHallData.java:53)
	at org.l2jmobius.gameserver.data.xml.ClanHallData$SingletonHolder.<clinit>(ClanHallData.java:238)
	at org.l2jmobius.gameserver.data.xml.ClanHallData.getInstance(ClanHallData.java:233)
	at org.l2jmobius.gameserver.GameServer.<init>(GameServer.java:304)
	at org.l2jmobius.gameserver.GameServer.main(GameServer.java:479)

Jul 09, 2026 2:12:03 PM org.l2jmobius.gameserver.model.residences.AbstractResidence initFunctions
WARNING: Failed to initialize functions for residence: 28
org.sqlite.SQLiteException: [SQLITE_ERROR] SQL error or missing database (no such table: residence_functions)
	at org.sqlite.core.DB.newSQLException(DB.java:1179)
	at org.sqlite.core.DB.newSQLException(DB.java:1190)
	at org.sqlite.core.DB.throwex(DB.java:1150)
	at org.sqlite.core.NativeDB.prepare_utf8(Native Method)
	at org.sqlite.core.NativeDB.prepare(NativeDB.java:132)
	at org.sqlite.core.DB.prepare(DB.java:264)
	at org.sqlite.core.CorePreparedStatement.<init>(CorePreparedStatement.java:46)
	at org.sqlite.jdbc3.JDBC3PreparedStatement.<init>(JDBC3PreparedStatement.java:32)
	at org.sqlite.jdbc4.JDBC4PreparedStatement.<init>(JDBC4PreparedStatement.java:25)
	at org.sqlite.jdbc4.JDBC4Connection.prepareStatement(JDBC4Connection.java:34)
	at org.sqlite.jdbc3.JDBC3Connection.prepareStatement(JDBC3Connection.java:225)
	at org.sqlite.jdbc3.JDBC3Connection.prepareStatement(JDBC3Connection.java:205)
	at org.l2jmobius.gameserver.model.residences.AbstractResidence.initFunctions(AbstractResidence.java:143)
	at org.l2jmobius.gameserver.model.residences.ClanHall.<init>(ClanHall.java:109)
	at org.l2jmobius.gameserver.data.xml.ClanHallData.parseDocument(ClanHallData.java:163)
	at org.l2jmobius.commons.util.IXmlReader.parseFile(IXmlReader.java:102)
	at org.l2jmobius.commons.util.IXmlReader.parseDirectory(IXmlReader.java:208)
	at org.l2jmobius.commons.util.IXmlReader.parseDirectory(IXmlReader.java:204)
	at org.l2jmobius.commons.util.IXmlReader.parseDatapackDirectory(IXmlReader.java:150)
	at org.l2jmobius.gameserver.data.xml.ClanHallData.load(ClanHallData.java:59)
	at org.l2jmobius.gameserver.data.xml.ClanHallData.<init>(ClanHallData.java:53)
	at org.l2jmobius.gameserver.data.xml.ClanHallData$SingletonHolder.<clinit>(ClanHallData.java:238)
	at org.l2jmobius.gameserver.data.xml.ClanHallData.getInstance(ClanHallData.java:233)
	at org.l2jmobius.gameserver.GameServer.<init>(GameServer.java:304)
	at org.l2jmobius.gameserver.GameServer.main(GameServer.java:479)

Jul 09, 2026 2:12:03 PM org.l2jmobius.gameserver.model.residences.ClanHall load
INFO: Failed loading clan hall
org.sqlite.SQLiteException: [SQLITE_ERROR] SQL error or missing database (no such table: clanhall)
	at org.sqlite.core.DB.newSQLException(DB.java:1179)
	at org.sqlite.core.DB.newSQLException(DB.java:1190)
	at org.sqlite.core.DB.throwex(DB.java:1150)
	at org.sqlite.core.NativeDB.prepare_utf8(Native Method)
	at org.sqlite.core.NativeDB.prepare(NativeDB.java:132)
	at org.sqlite.core.DB.prepare(DB.java:264)
	at org.sqlite.core.CorePreparedStatement.<init>(CorePreparedStatement.java:46)
	at org.sqlite.jdbc3.JDBC3PreparedStatement.<init>(JDBC3PreparedStatement.java:32)
	at org.sqlite.jdbc4.JDBC4PreparedStatement.<init>(JDBC4PreparedStatement.java:25)
	at org.sqlite.jdbc4.JDBC4Connection.prepareStatement(JDBC4Connection.java:34)
	at org.sqlite.jdbc3.JDBC3Connection.prepareStatement(JDBC3Connection.java:225)
	at org.sqlite.jdbc3.JDBC3Connection.prepareStatement(JDBC3Connection.java:205)
	at org.l2jmobius.gameserver.model.residences.ClanHall.load(ClanHall.java:116)
	at org.l2jmobius.gameserver.model.residences.ClanHall.<init>(ClanHall.java:106)
	at org.l2jmobius.gameserver.data.xml.ClanHallData.parseDocument(ClanHallData.java:163)
	at org.l2jmobius.commons.util.IXmlReader.parseFile(IXmlReader.java:102)
	at org.l2jmobius.commons.util.IXmlReader.parseDirectory(IXmlReader.java:208)
	at org.l2jmobius.commons.util.IXmlReader.parseDirectory(IXmlReader.java:204)
	at org.l2jmobius.commons.util.IXmlReader.parseDatapackDirectory(IXmlReader.java:150)
	at org.l2jmobius.gameserver.data.xml.ClanHallData.load(ClanHallData.java:59)
	at org.l2jmobius.gameserver.data.xml.ClanHallData.<init>(ClanHallData.java:53)
	at org.l2jmobius.gameserver.data.xml.ClanHallData$SingletonHolder.<clinit>(ClanHallData.java:238)
	at org.l2jmobius.gameserver.data.xml.ClanHallData.getInstance(ClanHallData.java:233)
	at org.l2jmobius.gameserver.GameServer.<init>(GameServer.java:304)
	at org.l2jmobius.gameserver.GameServer.main(GameServer.java:479)

Jul 09, 2026 2:12:03 PM org.l2jmobius.gameserver.model.residences.AbstractResidence initFunctions
WARNING: Failed to initialize functions for residence: 29
org.sqlite.SQLiteException: [SQLITE_ERROR] SQL error or missing database (no such table: residence_functions)
	at org.sqlite.core.DB.newSQLException(DB.java:1179)
	at org.sqlite.core.DB.newSQLException(DB.java:1190)
	at org.sqlite.core.DB.throwex(DB.java:1150)
	at org.sqlite.core.NativeDB.prepare_utf8(Native Method)
	at org.sqlite.core.NativeDB.prepare(NativeDB.java:132)
	at org.sqlite.core.DB.prepare(DB.java:264)
	at org.sqlite.core.CorePreparedStatement.<init>(CorePreparedStatement.java:46)
	at org.sqlite.jdbc3.JDBC3PreparedStatement.<init>(JDBC3PreparedStatement.java:32)
	at org.sqlite.jdbc4.JDBC4PreparedStatement.<init>(JDBC4PreparedStatement.java:25)
	at org.sqlite.jdbc4.JDBC4Connection.prepareStatement(JDBC4Connection.java:34)
	at org.sqlite.jdbc3.JDBC3Connection.prepareStatement(JDBC3Connection.java:225)
	at org.sqlite.jdbc3.JDBC3Connection.prepareStatement(JDBC3Connection.java:205)
	at org.l2jmobius.gameserver.model.residences.AbstractResidence.initFunctions(AbstractResidence.java:143)
	at org.l2jmobius.gameserver.model.residences.ClanHall.<init>(ClanHall.java:109)
	at org.l2jmobius.gameserver.data.xml.ClanHallData.parseDocument(ClanHallData.java:163)
	at org.l2jmobius.commons.util.IXmlReader.parseFile(IXmlReader.java:102)
	at org.l2jmobius.commons.util.IXmlReader.parseDirectory(IXmlReader.java:208)
	at org.l2jmobius.commons.util.IXmlReader.parseDirectory(IXmlReader.java:204)
	at org.l2jmobius.commons.util.IXmlReader.parseDatapackDirectory(IXmlReader.java:150)
	at org.l2jmobius.gameserver.data.xml.ClanHallData.load(ClanHallData.java:59)
	at org.l2jmobius.gameserver.data.xml.ClanHallData.<init>(ClanHallData.java:53)
	at org.l2jmobius.gameserver.data.xml.ClanHallData$SingletonHolder.<clinit>(ClanHallData.java:238)
	at org.l2jmobius.gameserver.data.xml.ClanHallData.getInstance(ClanHallData.java:233)
	at org.l2jmobius.gameserver.GameServer.<init>(GameServer.java:304)
	at org.l2jmobius.gameserver.GameServer.main(GameServer.java:479)

Jul 09, 2026 2:12:03 PM org.l2jmobius.gameserver.model.residences.ClanHall load
INFO: Failed loading clan hall
org.sqlite.SQLiteException: [SQLITE_ERROR] SQL error or missing database (no such table: clanhall)
	at org.sqlite.core.DB.newSQLException(DB.java:1179)
	at org.sqlite.core.DB.newSQLException(DB.java:1190)
	at org.sqlite.core.DB.throwex(DB.java:1150)
	at org.sqlite.core.NativeDB.prepare_utf8(Native Method)
	at org.sqlite.core.NativeDB.prepare(NativeDB.java:132)
	at org.sqlite.core.DB.prepare(DB.java:264)
	at org.sqlite.core.CorePreparedStatement.<init>(CorePreparedStatement.java:46)
	at org.sqlite.jdbc3.JDBC3PreparedStatement.<init>(JDBC3PreparedStatement.java:32)
	at org.sqlite.jdbc4.JDBC4PreparedStatement.<init>(JDBC4PreparedStatement.java:25)
	at org.sqlite.jdbc4.JDBC4Connection.prepareStatement(JDBC4Connection.java:34)
	at org.sqlite.jdbc3.JDBC3Connection.prepareStatement(JDBC3Connection.java:225)
	at org.sqlite.jdbc3.JDBC3Connection.prepareStatement(JDBC3Connection.java:205)
	at org.l2jmobius.gameserver.model.residences.ClanHall.load(ClanHall.java:116)
	at org.l2jmobius.gameserver.model.residences.ClanHall.<init>(ClanHall.java:106)
	at org.l2jmobius.gameserver.data.xml.ClanHallData.parseDocument(ClanHallData.java:163)
	at org.l2jmobius.commons.util.IXmlReader.parseFile(IXmlReader.java:102)
	at org.l2jmobius.commons.util.IXmlReader.parseDirectory(IXmlReader.java:208)
	at org.l2jmobius.commons.util.IXmlReader.parseDirectory(IXmlReader.java:204)
	at org.l2jmobius.commons.util.IXmlReader.parseDatapackDirectory(IXmlReader.java:150)
	at org.l2jmobius.gameserver.data.xml.ClanHallData.load(ClanHallData.java:59)
	at org.l2jmobius.gameserver.data.xml.ClanHallData.<init>(ClanHallData.java:53)
	at org.l2jmobius.gameserver.data.xml.ClanHallData$SingletonHolder.<clinit>(ClanHallData.java:238)
	at org.l2jmobius.gameserver.data.xml.ClanHallData.getInstance(ClanHallData.java:233)
	at org.l2jmobius.gameserver.GameServer.<init>(GameServer.java:304)
	at org.l2jmobius.gameserver.GameServer.main(GameServer.java:479)

Jul 09, 2026 2:12:03 PM org.l2jmobius.gameserver.model.residences.AbstractResidence initFunctions
WARNING: Failed to initialize functions for residence: 73
org.sqlite.SQLiteException: [SQLITE_ERROR] SQL error or missing database (no such table: residence_functions)
	at org.sqlite.core.DB.newSQLException(DB.java:1179)
	at org.sqlite.core.DB.newSQLException(DB.java:1190)
	at org.sqlite.core.DB.throwex(DB.java:1150)
	at org.sqlite.core.NativeDB.prepare_utf8(Native Method)
	at org.sqlite.core.NativeDB.prepare(NativeDB.java:132)
	at org.sqlite.core.DB.prepare(DB.java:264)
	at org.sqlite.core.CorePreparedStatement.<init>(CorePreparedStatement.java:46)
	at org.sqlite.jdbc3.JDBC3PreparedStatement.<init>(JDBC3PreparedStatement.java:32)
	at org.sqlite.jdbc4.JDBC4PreparedStatement.<init>(JDBC4PreparedStatement.java:25)
	at org.sqlite.jdbc4.JDBC4Connection.prepareStatement(JDBC4Connection.java:34)
	at org.sqlite.jdbc3.JDBC3Connection.prepareStatement(JDBC3Connection.java:225)
	at org.sqlite.jdbc3.JDBC3Connection.prepareStatement(JDBC3Connection.java:205)
	at org.l2jmobius.gameserver.model.residences.AbstractResidence.initFunctions(AbstractResidence.java:143)
	at org.l2jmobius.gameserver.model.residences.ClanHall.<init>(ClanHall.java:109)
	at org.l2jmobius.gameserver.data.xml.ClanHallData.parseDocument(ClanHallData.java:163)
	at org.l2jmobius.commons.util.IXmlReader.parseFile(IXmlReader.java:102)
	at org.l2jmobius.commons.util.IXmlReader.parseDirectory(IXmlReader.java:208)
	at org.l2jmobius.commons.util.IXmlReader.parseDirectory(IXmlReader.java:204)
	at org.l2jmobius.commons.util.IXmlReader.parseDatapackDirectory(IXmlReader.java:150)
	at org.l2jmobius.gameserver.data.xml.ClanHallData.load(ClanHallData.java:59)
	at org.l2jmobius.gameserver.data.xml.ClanHallData.<init>(ClanHallData.java:53)
	at org.l2jmobius.gameserver.data.xml.ClanHallData$SingletonHolder.<clinit>(ClanHallData.java:238)
	at org.l2jmobius.gameserver.data.xml.ClanHallData.getInstance(ClanHallData.java:233)
	at org.l2jmobius.gameserver.GameServer.<init>(GameServer.java:304)
	at org.l2jmobius.gameserver.GameServer.main(GameServer.java:479)

Jul 09, 2026 2:12:03 PM org.l2jmobius.gameserver.model.residences.ClanHall load
INFO: Failed loading clan hall
org.sqlite.SQLiteException: [SQLITE_ERROR] SQL error or missing database (no such table: clanhall)
	at org.sqlite.core.DB.newSQLException(DB.java:1179)
	at org.sqlite.core.DB.newSQLException(DB.java:1190)
	at org.sqlite.core.DB.throwex(DB.java:1150)
	at org.sqlite.core.NativeDB.prepare_utf8(Native Method)
	at org.sqlite.core.NativeDB.prepare(NativeDB.java:132)
	at org.sqlite.core.DB.prepare(DB.java:264)
	at org.sqlite.core.CorePreparedStatement.<init>(CorePreparedStatement.java:46)
	at org.sqlite.jdbc3.JDBC3PreparedStatement.<init>(JDBC3PreparedStatement.java:32)
	at org.sqlite.jdbc4.JDBC4PreparedStatement.<init>(JDBC4PreparedStatement.java:25)
	at org.sqlite.jdbc4.JDBC4Connection.prepareStatement(JDBC4Connection.java:34)
	at org.sqlite.jdbc3.JDBC3Connection.prepareStatement(JDBC3Connection.java:225)
	at org.sqlite.jdbc3.JDBC3Connection.prepareStatement(JDBC3Connection.java:205)
	at org.l2jmobius.gameserver.model.residences.ClanHall.load(ClanHall.java:116)
	at org.l2jmobius.gameserver.model.residences.ClanHall.<init>(ClanHall.java:106)
	at org.l2jmobius.gameserver.data.xml.ClanHallData.parseDocument(ClanHallData.java:163)
	at org.l2jmobius.commons.util.IXmlReader.parseFile(IXmlReader.java:102)
	at org.l2jmobius.commons.util.IXmlReader.parseDirectory(IXmlReader.java:208)
	at org.l2jmobius.commons.util.IXmlReader.parseDirectory(IXmlReader.java:204)
	at org.l2jmobius.commons.util.IXmlReader.parseDatapackDirectory(IXmlReader.java:150)
	at org.l2jmobius.gameserver.data.xml.ClanHallData.load(ClanHallData.java:59)
	at org.l2jmobius.gameserver.data.xml.ClanHallData.<init>(ClanHallData.java:53)
	at org.l2jmobius.gameserver.data.xml.ClanHallData$SingletonHolder.<clinit>(ClanHallData.java:238)
	at org.l2jmobius.gameserver.data.xml.ClanHallData.getInstance(ClanHallData.java:233)
	at org.l2jmobius.gameserver.GameServer.<init>(GameServer.java:304)
	at org.l2jmobius.gameserver.GameServer.main(GameServer.java:479)

Jul 09, 2026 2:12:03 PM org.l2jmobius.gameserver.model.residences.AbstractResidence initFunctions
WARNING: Failed to initialize functions for residence: 74
org.sqlite.SQLiteException: [SQLITE_ERROR] SQL error or missing database (no such table: residence_functions)
	at org.sqlite.core.DB.newSQLException(DB.java:1179)
	at org.sqlite.core.DB.newSQLException(DB.java:1190)
	at org.sqlite.core.DB.throwex(DB.java:1150)
	at org.sqlite.core.NativeDB.prepare_utf8(Native Method)
	at org.sqlite.core.NativeDB.prepare(NativeDB.java:132)
	at org.sqlite.core.DB.prepare(DB.java:264)
	at org.sqlite.core.CorePreparedStatement.<init>(CorePreparedStatement.java:46)
	at org.sqlite.jdbc3.JDBC3PreparedStatement.<init>(JDBC3PreparedStatement.java:32)
	at org.sqlite.jdbc4.JDBC4PreparedStatement.<init>(JDBC4PreparedStatement.java:25)
	at org.sqlite.jdbc4.JDBC4Connection.prepareStatement(JDBC4Connection.java:34)
	at org.sqlite.jdbc3.JDBC3Connection.prepareStatement(JDBC3Connection.java:225)
	at org.sqlite.jdbc3.JDBC3Connection.prepareStatement(JDBC3Connection.java:205)
	at org.l2jmobius.gameserver.model.residences.AbstractResidence.initFunctions(AbstractResidence.java:143)
	at org.l2jmobius.gameserver.model.residences.ClanHall.<init>(ClanHall.java:109)
	at org.l2jmobius.gameserver.data.xml.ClanHallData.parseDocument(ClanHallData.java:163)
	at org.l2jmobius.commons.util.IXmlReader.parseFile(IXmlReader.java:102)
	at org.l2jmobius.commons.util.IXmlReader.parseDirectory(IXmlReader.java:208)
	at org.l2jmobius.commons.util.IXmlReader.parseDirectory(IXmlReader.java:204)
	at org.l2jmobius.commons.util.IXmlReader.parseDatapackDirectory(IXmlReader.java:150)
	at org.l2jmobius.gameserver.data.xml.ClanHallData.load(ClanHallData.java:59)
	at org.l2jmobius.gameserver.data.xml.ClanHallData.<init>(ClanHallData.java:53)
	at org.l2jmobius.gameserver.data.xml.ClanHallData$SingletonHolder.<clinit>(ClanHallData.java:238)
	at org.l2jmobius.gameserver.data.xml.ClanHallData.getInstance(ClanHallData.java:233)
	at org.l2jmobius.gameserver.GameServer.<init>(GameServer.java:304)
	at org.l2jmobius.gameserver.GameServer.main(GameServer.java:479)

Jul 09, 2026 2:12:03 PM org.l2jmobius.gameserver.model.residences.ClanHallAuction loadBidder
WARNING: Failed loading clan hall auctions bidder for clan hall 22.
org.sqlite.SQLiteException: [SQLITE_ERROR] SQL error or missing database (no such table: clanhall_auctions_bidders)
	at org.sqlite.core.DB.newSQLException(DB.java:1179)
	at org.sqlite.core.DB.newSQLException(DB.java:1190)
	at org.sqlite.core.DB.throwex(DB.java:1150)
	at org.sqlite.core.NativeDB.prepare_utf8(Native Method)
	at org.sqlite.core.NativeDB.prepare(NativeDB.java:132)
	at org.sqlite.core.DB.prepare(DB.java:264)
	at org.sqlite.core.CorePreparedStatement.<init>(CorePreparedStatement.java:46)
	at org.sqlite.jdbc3.JDBC3PreparedStatement.<init>(JDBC3PreparedStatement.java:32)
	at org.sqlite.jdbc4.JDBC4PreparedStatement.<init>(JDBC4PreparedStatement.java:25)
	at org.sqlite.jdbc4.JDBC4Connection.prepareStatement(JDBC4Connection.java:34)
	at org.sqlite.jdbc3.JDBC3Connection.prepareStatement(JDBC3Connection.java:225)
	at org.sqlite.jdbc3.JDBC3Connection.prepareStatement(JDBC3Connection.java:205)
	at org.l2jmobius.gameserver.model.residences.ClanHallAuction.loadBidder(ClanHallAuction.java:60)
	at org.l2jmobius.gameserver.model.residences.ClanHallAuction.<init>(ClanHallAuction.java:54)
	at org.l2jmobius.gameserver.instancemanager.ClanHallAuctionManager.lambda$onStart$0(ClanHallAuctionManager.java:89)
	at java.base/java.util.ArrayList.forEach(ArrayList.java:1597)
	at org.l2jmobius.gameserver.instancemanager.ClanHallAuctionManager.onStart(ClanHallAuctionManager.java:89)
	at org.l2jmobius.gameserver.instancemanager.ClanHallAuctionManager.<init>(ClanHallAuctionManager.java:64)
	at org.l2jmobius.gameserver.instancemanager.ClanHallAuctionManager$SingletonHolder.<clinit>(ClanHallAuctionManager.java:140)
	at org.l2jmobius.gameserver.instancemanager.ClanHallAuctionManager.getInstance(ClanHallAuctionManager.java:135)
	at org.l2jmobius.gameserver.GameServer.<init>(GameServer.java:305)
	at org.l2jmobius.gameserver.GameServer.main(GameServer.java:479)

Jul 09, 2026 2:12:03 PM org.l2jmobius.gameserver.model.residences.ClanHallAuction loadBidder
WARNING: Failed loading clan hall auctions bidder for clan hall 23.
org.sqlite.SQLiteException: [SQLITE_ERROR] SQL error or missing database (no such table: clanhall_auctions_bidders)
	at org.sqlite.core.DB.newSQLException(DB.java:1179)
	at org.sqlite.core.DB.newSQLException(DB.java:1190)
	at org.sqlite.core.DB.throwex(DB.java:1150)
	at org.sqlite.core.NativeDB.prepare_utf8(Native Method)
	at org.sqlite.core.NativeDB.prepare(NativeDB.java:132)
	at org.sqlite.core.DB.prepare(DB.java:264)
	at org.sqlite.core.CorePreparedStatement.<init>(CorePreparedStatement.java:46)
	at org.sqlite.jdbc3.JDBC3PreparedStatement.<init>(JDBC3PreparedStatement.java:32)
	at org.sqlite.jdbc4.JDBC4PreparedStatement.<init>(JDBC4PreparedStatement.java:25)
	at org.sqlite.jdbc4.JDBC4Connection.prepareStatement(JDBC4Connection.java:34)
	at org.sqlite.jdbc3.JDBC3Connection.prepareStatement(JDBC3Connection.java:225)
	at org.sqlite.jdbc3.JDBC3Connection.prepareStatement(JDBC3Connection.java:205)
	at org.l2jmobius.gameserver.model.residences.ClanHallAuction.loadBidder(ClanHallAuction.java:60)
	at org.l2jmobius.gameserver.model.residences.ClanHallAuction.<init>(ClanHallAuction.java:54)
	at org.l2jmobius.gameserver.instancemanager.ClanHallAuctionManager.lambda$onStart$0(ClanHallAuctionManager.java:89)
	at java.base/java.util.ArrayList.forEach(ArrayList.java:1597)
	at org.l2jmobius.gameserver.instancemanager.ClanHallAuctionManager.onStart(ClanHallAuctionManager.java:89)
	at org.l2jmobius.gameserver.instancemanager.ClanHallAuctionManager.<init>(ClanHallAuctionManager.java:64)
	at org.l2jmobius.gameserver.instancemanager.ClanHallAuctionManager$SingletonHolder.<clinit>(ClanHallAuctionManager.java:140)
	at org.l2jmobius.gameserver.instancemanager.ClanHallAuctionManager.getInstance(ClanHallAuctionManager.java:135)
	at org.l2jmobius.gameserver.GameServer.<init>(GameServer.java:305)
	at org.l2jmobius.gameserver.GameServer.main(GameServer.java:479)

Jul 09, 2026 2:12:03 PM org.l2jmobius.gameserver.model.residences.ClanHallAuction loadBidder
WARNING: Failed loading clan hall auctions bidder for clan hall 24.
org.sqlite.SQLiteException: [SQLITE_ERROR] SQL error or missing database (no such table: clanhall_auctions_bidders)
	at org.sqlite.core.DB.newSQLException(DB.java:1179)
	at org.sqlite.core.DB.newSQLException(DB.java:1190)
	at org.sqlite.core.DB.throwex(DB.java:1150)
	at org.sqlite.core.NativeDB.prepare_utf8(Native Method)
	at org.sqlite.core.NativeDB.prepare(NativeDB.java:132)
	at org.sqlite.core.DB.prepare(DB.java:264)
	at org.sqlite.core.CorePreparedStatement.<init>(CorePreparedStatement.java:46)
	at org.sqlite.jdbc3.JDBC3PreparedStatement.<init>(JDBC3PreparedStatement.java:32)
	at org.sqlite.jdbc4.JDBC4PreparedStatement.<init>(JDBC4PreparedStatement.java:25)
	at org.sqlite.jdbc4.JDBC4Connection.prepareStatement(JDBC4Connection.java:34)
	at org.sqlite.jdbc3.JDBC3Connection.prepareStatement(JDBC3Connection.java:225)
	at org.sqlite.jdbc3.JDBC3Connection.prepareStatement(JDBC3Connection.java:205)
	at org.l2jmobius.gameserver.model.residences.ClanHallAuction.loadBidder(ClanHallAuction.java:60)
	at org.l2jmobius.gameserver.model.residences.ClanHallAuction.<init>(ClanHallAuction.java:54)
	at org.l2jmobius.gameserver.instancemanager.ClanHallAuctionManager.lambda$onStart$0(ClanHallAuctionManager.java:89)
	at java.base/java.util.ArrayList.forEach(ArrayList.java:1597)
	at org.l2jmobius.gameserver.instancemanager.ClanHallAuctionManager.onStart(ClanHallAuctionManager.java:89)
	at org.l2jmobius.gameserver.instancemanager.ClanHallAuctionManager.<init>(ClanHallAuctionManager.java:64)
	at org.l2jmobius.gameserver.instancemanager.ClanHallAuctionManager$SingletonHolder.<clinit>(ClanHallAuctionManager.java:140)
	at org.l2jmobius.gameserver.instancemanager.ClanHallAuctionManager.getInstance(ClanHallAuctionManager.java:135)
	at org.l2jmobius.gameserver.GameServer.<init>(GameServer.java:305)
	at org.l2jmobius.gameserver.GameServer.main(GameServer.java:479)

Jul 09, 2026 2:12:03 PM org.l2jmobius.gameserver.model.residences.ClanHallAuction loadBidder
WARNING: Failed loading clan hall auctions bidder for clan hall 25.
org.sqlite.SQLiteException: [SQLITE_ERROR] SQL error or missing database (no such table: clanhall_auctions_bidders)
	at org.sqlite.core.DB.newSQLException(DB.java:1179)
	at org.sqlite.core.DB.newSQLException(DB.java:1190)
	at org.sqlite.core.DB.throwex(DB.java:1150)
	at org.sqlite.core.NativeDB.prepare_utf8(Native Method)
	at org.sqlite.core.NativeDB.prepare(NativeDB.java:132)
	at org.sqlite.core.DB.prepare(DB.java:264)
	at org.sqlite.core.CorePreparedStatement.<init>(CorePreparedStatement.java:46)
	at org.sqlite.jdbc3.JDBC3PreparedStatement.<init>(JDBC3PreparedStatement.java:32)
	at org.sqlite.jdbc4.JDBC4PreparedStatement.<init>(JDBC4PreparedStatement.java:25)
	at org.sqlite.jdbc4.JDBC4Connection.prepareStatement(JDBC4Connection.java:34)
	at org.sqlite.jdbc3.JDBC3Connection.prepareStatement(JDBC3Connection.java:225)
	at org.sqlite.jdbc3.JDBC3Connection.prepareStatement(JDBC3Connection.java:205)
	at org.l2jmobius.gameserver.model.residences.ClanHallAuction.loadBidder(ClanHallAuction.java:60)
	at org.l2jmobius.gameserver.model.residences.ClanHallAuction.<init>(ClanHallAuction.java:54)
	at org.l2jmobius.gameserver.instancemanager.ClanHallAuctionManager.lambda$onStart$0(ClanHallAuctionManager.java:89)
	at java.base/java.util.ArrayList.forEach(ArrayList.java:1597)
	at org.l2jmobius.gameserver.instancemanager.ClanHallAuctionManager.onStart(ClanHallAuctionManager.java:89)
	at org.l2jmobius.gameserver.instancemanager.ClanHallAuctionManager.<init>(ClanHallAuctionManager.java:64)
	at org.l2jmobius.gameserver.instancemanager.ClanHallAuctionManager$SingletonHolder.<clinit>(ClanHallAuctionManager.java:140)
	at org.l2jmobius.gameserver.instancemanager.ClanHallAuctionManager.getInstance(ClanHallAuctionManager.java:135)
	at org.l2jmobius.gameserver.GameServer.<init>(GameServer.java:305)
	at org.l2jmobius.gameserver.GameServer.main(GameServer.java:479)

Jul 09, 2026 2:12:03 PM org.l2jmobius.gameserver.model.residences.ClanHallAuction loadBidder
WARNING: Failed loading clan hall auctions bidder for clan hall 26.
org.sqlite.SQLiteException: [SQLITE_ERROR] SQL error or missing database (no such table: clanhall_auctions_bidders)
	at org.sqlite.core.DB.newSQLException(DB.java:1179)
	at org.sqlite.core.DB.newSQLException(DB.java:1190)
	at org.sqlite.core.DB.throwex(DB.java:1150)
	at org.sqlite.core.NativeDB.prepare_utf8(Native Method)
	at org.sqlite.core.NativeDB.prepare(NativeDB.java:132)
	at org.sqlite.core.DB.prepare(DB.java:264)
	at org.sqlite.core.CorePreparedStatement.<init>(CorePreparedStatement.java:46)
	at org.sqlite.jdbc3.JDBC3PreparedStatement.<init>(JDBC3PreparedStatement.java:32)
	at org.sqlite.jdbc4.JDBC4PreparedStatement.<init>(JDBC4PreparedStatement.java:25)
	at org.sqlite.jdbc4.JDBC4Connection.prepareStatement(JDBC4Connection.java:34)
	at org.sqlite.jdbc3.JDBC3Connection.prepareStatement(JDBC3Connection.java:225)
	at org.sqlite.jdbc3.JDBC3Connection.prepareStatement(JDBC3Connection.java:205)
	at org.l2jmobius.gameserver.model.residences.ClanHallAuction.loadBidder(ClanHallAuction.java:60)
	at org.l2jmobius.gameserver.model.residences.ClanHallAuction.<init>(ClanHallAuction.java:54)
	at org.l2jmobius.gameserver.instancemanager.ClanHallAuctionManager.lambda$onStart$0(ClanHallAuctionManager.java:89)
	at java.base/java.util.ArrayList.forEach(ArrayList.java:1597)
	at org.l2jmobius.gameserver.instancemanager.ClanHallAuctionManager.onStart(ClanHallAuctionManager.java:89)
	at org.l2jmobius.gameserver.instancemanager.ClanHallAuctionManager.<init>(ClanHallAuctionManager.java:64)
	at org.l2jmobius.gameserver.instancemanager.ClanHallAuctionManager$SingletonHolder.<clinit>(ClanHallAuctionManager.java:140)
	at org.l2jmobius.gameserver.instancemanager.ClanHallAuctionManager.getInstance(ClanHallAuctionManager.java:135)
	at org.l2jmobius.gameserver.GameServer.<init>(GameServer.java:305)
	at org.l2jmobius.gameserver.GameServer.main(GameServer.java:479)

Jul 09, 2026 2:12:03 PM org.l2jmobius.gameserver.model.residences.ClanHallAuction loadBidder
WARNING: Failed loading clan hall auctions bidder for clan hall 27.
org.sqlite.SQLiteException: [SQLITE_ERROR] SQL error or missing database (no such table: clanhall_auctions_bidders)
	at org.sqlite.core.DB.newSQLException(DB.java:1179)
	at org.sqlite.core.DB.newSQLException(DB.java:1190)
	at org.sqlite.core.DB.throwex(DB.java:1150)
	at org.sqlite.core.NativeDB.prepare_utf8(Native Method)
	at org.sqlite.core.NativeDB.prepare(NativeDB.java:132)
	at org.sqlite.core.DB.prepare(DB.java:264)
	at org.sqlite.core.CorePreparedStatement.<init>(CorePreparedStatement.java:46)
	at org.sqlite.jdbc3.JDBC3PreparedStatement.<init>(JDBC3PreparedStatement.java:32)
	at org.sqlite.jdbc4.JDBC4PreparedStatement.<init>(JDBC4PreparedStatement.java:25)
	at org.sqlite.jdbc4.JDBC4Connection.prepareStatement(JDBC4Connection.java:34)
	at org.sqlite.jdbc3.JDBC3Connection.prepareStatement(JDBC3Connection.java:225)
	at org.sqlite.jdbc3.JDBC3Connection.prepareStatement(JDBC3Connection.java:205)
	at org.l2jmobius.gameserver.model.residences.ClanHallAuction.loadBidder(ClanHallAuction.java:60)
	at org.l2jmobius.gameserver.model.residences.ClanHallAuction.<init>(ClanHallAuction.java:54)
	at org.l2jmobius.gameserver.instancemanager.ClanHallAuctionManager.lambda$onStart$0(ClanHallAuctionManager.java:89)
	at java.base/java.util.ArrayList.forEach(ArrayList.java:1597)
	at org.l2jmobius.gameserver.instancemanager.ClanHallAuctionManager.onStart(ClanHallAuctionManager.java:89)
	at org.l2jmobius.gameserver.instancemanager.ClanHallAuctionManager.<init>(ClanHallAuctionManager.java:64)
	at org.l2jmobius.gameserver.instancemanager.ClanHallAuctionManager$SingletonHolder.<clinit>(ClanHallAuctionManager.java:140)
	at org.l2jmobius.gameserver.instancemanager.ClanHallAuctionManager.getInstance(ClanHallAuctionManager.java:135)
	at org.l2jmobius.gameserver.GameServer.<init>(GameServer.java:305)
	at org.l2jmobius.gameserver.GameServer.main(GameServer.java:479)

Jul 09, 2026 2:12:03 PM org.l2jmobius.gameserver.model.residences.ClanHallAuction loadBidder
WARNING: Failed loading clan hall auctions bidder for clan hall 28.
org.sqlite.SQLiteException: [SQLITE_ERROR] SQL error or missing database (no such table: clanhall_auctions_bidders)
	at org.sqlite.core.DB.newSQLException(DB.java:1179)
	at org.sqlite.core.DB.newSQLException(DB.java:1190)
	at org.sqlite.core.DB.throwex(DB.java:1150)
	at org.sqlite.core.NativeDB.prepare_utf8(Native Method)
	at org.sqlite.core.NativeDB.prepare(NativeDB.java:132)
	at org.sqlite.core.DB.prepare(DB.java:264)
	at org.sqlite.core.CorePreparedStatement.<init>(CorePreparedStatement.java:46)
	at org.sqlite.jdbc3.JDBC3PreparedStatement.<init>(JDBC3PreparedStatement.java:32)
	at org.sqlite.jdbc4.JDBC4PreparedStatement.<init>(JDBC4PreparedStatement.java:25)
	at org.sqlite.jdbc4.JDBC4Connection.prepareStatement(JDBC4Connection.java:34)
	at org.sqlite.jdbc3.JDBC3Connection.prepareStatement(JDBC3Connection.java:225)
	at org.sqlite.jdbc3.JDBC3Connection.prepareStatement(JDBC3Connection.java:205)
	at org.l2jmobius.gameserver.model.residences.ClanHallAuction.loadBidder(ClanHallAuction.java:60)
	at org.l2jmobius.gameserver.model.residences.ClanHallAuction.<init>(ClanHallAuction.java:54)
	at org.l2jmobius.gameserver.instancemanager.ClanHallAuctionManager.lambda$onStart$0(ClanHallAuctionManager.java:89)
	at java.base/java.util.ArrayList.forEach(ArrayList.java:1597)
	at org.l2jmobius.gameserver.instancemanager.ClanHallAuctionManager.onStart(ClanHallAuctionManager.java:89)
	at org.l2jmobius.gameserver.instancemanager.ClanHallAuctionManager.<init>(ClanHallAuctionManager.java:64)
	at org.l2jmobius.gameserver.instancemanager.ClanHallAuctionManager$SingletonHolder.<clinit>(ClanHallAuctionManager.java:140)
	at org.l2jmobius.gameserver.instancemanager.ClanHallAuctionManager.getInstance(ClanHallAuctionManager.java:135)
	at org.l2jmobius.gameserver.GameServer.<init>(GameServer.java:305)
	at org.l2jmobius.gameserver.GameServer.main(GameServer.java:479)

Jul 09, 2026 2:12:03 PM org.l2jmobius.gameserver.model.residences.ClanHallAuction loadBidder
WARNING: Failed loading clan hall auctions bidder for clan hall 29.
org.sqlite.SQLiteException: [SQLITE_ERROR] SQL error or missing database (no such table: clanhall_auctions_bidders)
	at org.sqlite.core.DB.newSQLException(DB.java:1179)
	at org.sqlite.core.DB.newSQLException(DB.java:1190)
	at org.sqlite.core.DB.throwex(DB.java:1150)
	at org.sqlite.core.NativeDB.prepare_utf8(Native Method)
	at org.sqlite.core.NativeDB.prepare(NativeDB.java:132)
	at org.sqlite.core.DB.prepare(DB.java:264)
	at org.sqlite.core.CorePreparedStatement.<init>(CorePreparedStatement.java:46)
	at org.sqlite.jdbc3.JDBC3PreparedStatement.<init>(JDBC3PreparedStatement.java:32)
	at org.sqlite.jdbc4.JDBC4PreparedStatement.<init>(JDBC4PreparedStatement.java:25)
	at org.sqlite.jdbc4.JDBC4Connection.prepareStatement(JDBC4Connection.java:34)
	at org.sqlite.jdbc3.JDBC3Connection.prepareStatement(JDBC3Connection.java:225)
	at org.sqlite.jdbc3.JDBC3Connection.prepareStatement(JDBC3Connection.java:205)
	at org.l2jmobius.gameserver.model.residences.ClanHallAuction.loadBidder(ClanHallAuction.java:60)
	at org.l2jmobius.gameserver.model.residences.ClanHallAuction.<init>(ClanHallAuction.java:54)
	at org.l2jmobius.gameserver.instancemanager.ClanHallAuctionManager.lambda$onStart$0(ClanHallAuctionManager.java:89)
	at java.base/java.util.ArrayList.forEach(ArrayList.java:1597)
	at org.l2jmobius.gameserver.instancemanager.ClanHallAuctionManager.onStart(ClanHallAuctionManager.java:89)
	at org.l2jmobius.gameserver.instancemanager.ClanHallAuctionManager.<init>(ClanHallAuctionManager.java:64)
	at org.l2jmobius.gameserver.instancemanager.ClanHallAuctionManager$SingletonHolder.<clinit>(ClanHallAuctionManager.java:140)
	at org.l2jmobius.gameserver.instancemanager.ClanHallAuctionManager.getInstance(ClanHallAuctionManager.java:135)
	at org.l2jmobius.gameserver.GameServer.<init>(GameServer.java:305)
	at org.l2jmobius.gameserver.GameServer.main(GameServer.java:479)

Jul 09, 2026 2:12:03 PM org.l2jmobius.gameserver.model.residences.ClanHallAuction loadBidder
WARNING: Failed loading clan hall auctions bidder for clan hall 30.
org.sqlite.SQLiteException: [SQLITE_ERROR] SQL error or missing database (no such table: clanhall_auctions_bidders)
	at org.sqlite.core.DB.newSQLException(DB.java:1179)
	at org.sqlite.core.DB.newSQLException(DB.java:1190)
	at org.sqlite.core.DB.throwex(DB.java:1150)
	at org.sqlite.core.NativeDB.prepare_utf8(Native Method)
	at org.sqlite.core.NativeDB.prepare(NativeDB.java:132)
	at org.sqlite.core.DB.prepare(DB.java:264)
	at org.sqlite.core.CorePreparedStatement.<init>(CorePreparedStatement.java:46)
	at org.sqlite.jdbc3.JDBC3PreparedStatement.<init>(JDBC3PreparedStatement.java:32)
	at org.sqlite.jdbc4.JDBC4PreparedStatement.<init>(JDBC4PreparedStatement.java:25)
	at org.sqlite.jdbc4.JDBC4Connection.prepareStatement(JDBC4Connection.java:34)
	at org.sqlite.jdbc3.JDBC3Connection.prepareStatement(JDBC3Connection.java:225)
	at org.sqlite.jdbc3.JDBC3Connection.prepareStatement(JDBC3Connection.java:205)
	at org.l2jmobius.gameserver.model.residences.ClanHallAuction.loadBidder(ClanHallAuction.java:60)
	at org.l2jmobius.gameserver.model.residences.ClanHallAuction.<init>(ClanHallAuction.java:54)
	at org.l2jmobius.gameserver.instancemanager.ClanHallAuctionManager.lambda$onStart$0(ClanHallAuctionManager.java:89)
	at java.base/java.util.ArrayList.forEach(ArrayList.java:1597)
	at org.l2jmobius.gameserver.instancemanager.ClanHallAuctionManager.onStart(ClanHallAuctionManager.java:89)
	at org.l2jmobius.gameserver.instancemanager.ClanHallAuctionManager.<init>(ClanHallAuctionManager.java:64)
	at org.l2jmobius.gameserver.instancemanager.ClanHallAuctionManager$SingletonHolder.<clinit>(ClanHallAuctionManager.java:140)
	at org.l2jmobius.gameserver.instancemanager.ClanHallAuctionManager.getInstance(ClanHallAuctionManager.java:135)
	at org.l2jmobius.gameserver.GameServer.<init>(GameServer.java:305)
	at org.l2jmobius.gameserver.GameServer.main(GameServer.java:479)

Jul 09, 2026 2:12:03 PM org.l2jmobius.gameserver.model.residences.ClanHallAuction loadBidder
WARNING: Failed loading clan hall auctions bidder for clan hall 31.
org.sqlite.SQLiteException: [SQLITE_ERROR] SQL error or missing database (no such table: clanhall_auctions_bidders)
	at org.sqlite.core.DB.newSQLException(DB.java:1179)
	at org.sqlite.core.DB.newSQLException(DB.java:1190)
	at org.sqlite.core.DB.throwex(DB.java:1150)
	at org.sqlite.core.NativeDB.prepare_utf8(Native Method)
	at org.sqlite.core.NativeDB.prepare(NativeDB.java:132)
	at org.sqlite.core.DB.prepare(DB.java:264)
	at org.sqlite.core.CorePreparedStatement.<init>(CorePreparedStatement.java:46)
	at org.sqlite.jdbc3.JDBC3PreparedStatement.<init>(JDBC3PreparedStatement.java:32)
	at org.sqlite.jdbc4.JDBC4PreparedStatement.<init>(JDBC4PreparedStatement.java:25)
	at org.sqlite.jdbc4.JDBC4Connection.prepareStatement(JDBC4Connection.java:34)
	at org.sqlite.jdbc3.JDBC3Connection.prepareStatement(JDBC3Connection.java:225)
	at org.sqlite.jdbc3.JDBC3Connection.prepareStatement(JDBC3Connection.java:205)
	at org.l2jmobius.gameserver.model.residences.ClanHallAuction.loadBidder(ClanHallAuction.java:60)
	at org.l2jmobius.gameserver.model.residences.ClanHallAuction.<init>(ClanHallAuction.java:54)
	at org.l2jmobius.gameserver.instancemanager.ClanHallAuctionManager.lambda$onStart$0(ClanHallAuctionManager.java:89)
	at java.base/java.util.ArrayList.forEach(ArrayList.java:1597)
	at org.l2jmobius.gameserver.instancemanager.ClanHallAuctionManager.onStart(ClanHallAuctionManager.java:89)
	at org.l2jmobius.gameserver.instancemanager.ClanHallAuctionManager.<init>(ClanHallAuctionManager.java:64)
	at org.l2jmobius.gameserver.instancemanager.ClanHallAuctionManager$SingletonHolder.<clinit>(ClanHallAuctionManager.java:140)
	at org.l2jmobius.gameserver.instancemanager.ClanHallAuctionManager.getInstance(ClanHallAuctionManager.java:135)
	at org.l2jmobius.gameserver.GameServer.<init>(GameServer.java:305)
	at org.l2jmobius.gameserver.GameServer.main(GameServer.java:479)

Jul 09, 2026 2:12:03 PM org.l2jmobius.gameserver.model.residences.ClanHallAuction loadBidder
WARNING: Failed loading clan hall auctions bidder for clan hall 32.
org.sqlite.SQLiteException: [SQLITE_ERROR] SQL error or missing database (no such table: clanhall_auctions_bidders)
	at org.sqlite.core.DB.newSQLException(DB.java:1179)
	at org.sqlite.core.DB.newSQLException(DB.java:1190)
	at org.sqlite.core.DB.throwex(DB.java:1150)
	at org.sqlite.core.NativeDB.prepare_utf8(Native Method)
	at org.sqlite.core.NativeDB.prepare(NativeDB.java:132)
	at org.sqlite.core.DB.prepare(DB.java:264)
	at org.sqlite.core.CorePreparedStatement.<init>(CorePreparedStatement.java:46)
	at org.sqlite.jdbc3.JDBC3PreparedStatement.<init>(JDBC3PreparedStatement.java:32)
	at org.sqlite.jdbc4.JDBC4PreparedStatement.<init>(JDBC4PreparedStatement.java:25)
	at org.sqlite.jdbc4.JDBC4Connection.prepareStatement(JDBC4Connection.java:34)
	at org.sqlite.jdbc3.JDBC3Connection.prepareStatement(JDBC3Connection.java:225)
	at org.sqlite.jdbc3.JDBC3Connection.prepareStatement(JDBC3Connection.java:205)
	at org.l2jmobius.gameserver.model.residences.ClanHallAuction.loadBidder(ClanHallAuction.java:60)
	at org.l2jmobius.gameserver.model.residences.ClanHallAuction.<init>(ClanHallAuction.java:54)
	at org.l2jmobius.gameserver.instancemanager.ClanHallAuctionManager.lambda$onStart$0(ClanHallAuctionManager.java:89)
	at java.base/java.util.ArrayList.forEach(ArrayList.java:1597)
	at org.l2jmobius.gameserver.instancemanager.ClanHallAuctionManager.onStart(ClanHallAuctionManager.java:89)
	at org.l2jmobius.gameserver.instancemanager.ClanHallAuctionManager.<init>(ClanHallAuctionManager.java:64)
	at org.l2jmobius.gameserver.instancemanager.ClanHallAuctionManager$SingletonHolder.<clinit>(ClanHallAuctionManager.java:140)
	at org.l2jmobius.gameserver.instancemanager.ClanHallAuctionManager.getInstance(ClanHallAuctionManager.java:135)
	at org.l2jmobius.gameserver.GameServer.<init>(GameServer.java:305)
	at org.l2jmobius.gameserver.GameServer.main(GameServer.java:479)

Jul 09, 2026 2:12:03 PM org.l2jmobius.gameserver.model.residences.ClanHallAuction loadBidder
WARNING: Failed loading clan hall auctions bidder for clan hall 33.
org.sqlite.SQLiteException: [SQLITE_ERROR] SQL error or missing database (no such table: clanhall_auctions_bidders)
	at org.sqlite.core.DB.newSQLException(DB.java:1179)
	at org.sqlite.core.DB.newSQLException(DB.java:1190)
	at org.sqlite.core.DB.throwex(DB.java:1150)
	at org.sqlite.core.NativeDB.prepare_utf8(Native Method)
	at org.sqlite.core.NativeDB.prepare(NativeDB.java:132)
	at org.sqlite.core.DB.prepare(DB.java:264)
	at org.sqlite.core.CorePreparedStatement.<init>(CorePreparedStatement.java:46)
	at org.sqlite.jdbc3.JDBC3PreparedStatement.<init>(JDBC3PreparedStatement.java:32)
	at org.sqlite.jdbc4.JDBC4PreparedStatement.<init>(JDBC4PreparedStatement.java:25)
	at org.sqlite.jdbc4.JDBC4Connection.prepareStatement(JDBC4Connection.java:34)
	at org.sqlite.jdbc3.JDBC3Connection.prepareStatement(JDBC3Connection.java:225)
	at org.sqlite.jdbc3.JDBC3Connection.prepareStatement(JDBC3Connection.java:205)
	at org.l2jmobius.gameserver.model.residences.ClanHallAuction.loadBidder(ClanHallAuction.java:60)
	at org.l2jmobius.gameserver.model.residences.ClanHallAuction.<init>(ClanHallAuction.java:54)
	at org.l2jmobius.gameserver.instancemanager.ClanHallAuctionManager.lambda$onStart$0(ClanHallAuctionManager.java:89)
	at java.base/java.util.ArrayList.forEach(ArrayList.java:1597)
	at org.l2jmobius.gameserver.instancemanager.ClanHallAuctionManager.onStart(ClanHallAuctionManager.java:89)
	at org.l2jmobius.gameserver.instancemanager.ClanHallAuctionManager.<init>(ClanHallAuctionManager.java:64)
	at org.l2jmobius.gameserver.instancemanager.ClanHallAuctionManager$SingletonHolder.<clinit>(ClanHallAuctionManager.java:140)
	at org.l2jmobius.gameserver.instancemanager.ClanHallAuctionManager.getInstance(ClanHallAuctionManager.java:135)
	at org.l2jmobius.gameserver.GameServer.<init>(GameServer.java:305)
	at org.l2jmobius.gameserver.GameServer.main(GameServer.java:479)

Jul 09, 2026 2:12:03 PM org.l2jmobius.gameserver.model.residences.ClanHallAuction loadBidder
WARNING: Failed loading clan hall auctions bidder for clan hall 36.
org.sqlite.SQLiteException: [SQLITE_ERROR] SQL error or missing database (no such table: clanhall_auctions_bidders)
	at org.sqlite.core.DB.newSQLException(DB.java:1179)
	at org.sqlite.core.DB.newSQLException(DB.java:1190)
	at org.sqlite.core.DB.throwex(DB.java:1150)
	at org.sqlite.core.NativeDB.prepare_utf8(Native Method)
	at org.sqlite.core.NativeDB.prepare(NativeDB.java:132)
	at org.sqlite.core.DB.prepare(DB.java:264)
	at org.sqlite.core.CorePreparedStatement.<init>(CorePreparedStatement.java:46)
	at org.sqlite.jdbc3.JDBC3PreparedStatement.<init>(JDBC3PreparedStatement.java:32)
	at org.sqlite.jdbc4.JDBC4PreparedStatement.<init>(JDBC4PreparedStatement.java:25)
	at org.sqlite.jdbc4.JDBC4Connection.prepareStatement(JDBC4Connection.java:34)
	at org.sqlite.jdbc3.JDBC3Connection.prepareStatement(JDBC3Connection.java:225)
	at org.sqlite.jdbc3.JDBC3Connection.prepareStatement(JDBC3Connection.java:205)
	at org.l2jmobius.gameserver.model.residences.ClanHallAuction.loadBidder(ClanHallAuction.java:60)
	at org.l2jmobius.gameserver.model.residences.ClanHallAuction.<init>(ClanHallAuction.java:54)
	at org.l2jmobius.gameserver.instancemanager.ClanHallAuctionManager.lambda$onStart$0(ClanHallAuctionManager.java:89)
	at java.base/java.util.ArrayList.forEach(ArrayList.java:1597)
	at org.l2jmobius.gameserver.instancemanager.ClanHallAuctionManager.onStart(ClanHallAuctionManager.java:89)
	at org.l2jmobius.gameserver.instancemanager.ClanHallAuctionManager.<init>(ClanHallAuctionManager.java:64)
	at org.l2jmobius.gameserver.instancemanager.ClanHallAuctionManager$SingletonHolder.<clinit>(ClanHallAuctionManager.java:140)
	at org.l2jmobius.gameserver.instancemanager.ClanHallAuctionManager.getInstance(ClanHallAuctionManager.java:135)
	at org.l2jmobius.gameserver.GameServer.<init>(GameServer.java:305)
	at org.l2jmobius.gameserver.GameServer.main(GameServer.java:479)

Jul 09, 2026 2:12:03 PM org.l2jmobius.gameserver.model.residences.ClanHallAuction loadBidder
WARNING: Failed loading clan hall auctions bidder for clan hall 37.
org.sqlite.SQLiteException: [SQLITE_ERROR] SQL error or missing database (no such table: clanhall_auctions_bidders)
	at org.sqlite.core.DB.newSQLException(DB.java:1179)
	at org.sqlite.core.DB.newSQLException(DB.java:1190)
	at org.sqlite.core.DB.throwex(DB.java:1150)
	at org.sqlite.core.NativeDB.prepare_utf8(Native Method)
	at org.sqlite.core.NativeDB.prepare(NativeDB.java:132)
	at org.sqlite.core.DB.prepare(DB.java:264)
	at org.sqlite.core.CorePreparedStatement.<init>(CorePreparedStatement.java:46)
	at org.sqlite.jdbc3.JDBC3PreparedStatement.<init>(JDBC3PreparedStatement.java:32)
	at org.sqlite.jdbc4.JDBC4PreparedStatement.<init>(JDBC4PreparedStatement.java:25)
	at org.sqlite.jdbc4.JDBC4Connection.prepareStatement(JDBC4Connection.java:34)
	at org.sqlite.jdbc3.JDBC3Connection.prepareStatement(JDBC3Connection.java:225)
	at org.sqlite.jdbc3.JDBC3Connection.prepareStatement(JDBC3Connection.java:205)
	at org.l2jmobius.gameserver.model.residences.ClanHallAuction.loadBidder(ClanHallAuction.java:60)
	at org.l2jmobius.gameserver.model.residences.ClanHallAuction.<init>(ClanHallAuction.java:54)
	at org.l2jmobius.gameserver.instancemanager.ClanHallAuctionManager.lambda$onStart$0(ClanHallAuctionManager.java:89)
	at java.base/java.util.ArrayList.forEach(ArrayList.java:1597)
	at org.l2jmobius.gameserver.instancemanager.ClanHallAuctionManager.onStart(ClanHallAuctionManager.java:89)
	at org.l2jmobius.gameserver.instancemanager.ClanHallAuctionManager.<init>(ClanHallAuctionManager.java:64)
	at org.l2jmobius.gameserver.instancemanager.ClanHallAuctionManager$SingletonHolder.<clinit>(ClanHallAuctionManager.java:140)
	at org.l2jmobius.gameserver.instancemanager.ClanHallAuctionManager.getInstance(ClanHallAuctionManager.java:135)
	at org.l2jmobius.gameserver.GameServer.<init>(GameServer.java:305)
	at org.l2jmobius.gameserver.GameServer.main(GameServer.java:479)

Jul 09, 2026 2:12:03 PM org.l2jmobius.gameserver.model.residences.ClanHallAuction loadBidder
WARNING: Failed loading clan hall auctions bidder for clan hall 38.
org.sqlite.SQLiteException: [SQLITE_ERROR] SQL error or missing database (no such table: clanhall_auctions_bidders)
	at org.sqlite.core.DB.newSQLException(DB.java:1179)
	at org.sqlite.core.DB.newSQLException(DB.java:1190)
	at org.sqlite.core.DB.throwex(DB.java:1150)
	at org.sqlite.core.NativeDB.prepare_utf8(Native Method)
	at org.sqlite.core.NativeDB.prepare(NativeDB.java:132)
	at org.sqlite.core.DB.prepare(DB.java:264)
	at org.sqlite.core.CorePreparedStatement.<init>(CorePreparedStatement.java:46)
	at org.sqlite.jdbc3.JDBC3PreparedStatement.<init>(JDBC3PreparedStatement.java:32)
	at org.sqlite.jdbc4.JDBC4PreparedStatement.<init>(JDBC4PreparedStatement.java:25)
	at org.sqlite.jdbc4.JDBC4Connection.prepareStatement(JDBC4Connection.java:34)
	at org.sqlite.jdbc3.JDBC3Connection.prepareStatement(JDBC3Connection.java:225)
	at org.sqlite.jdbc3.JDBC3Connection.prepareStatement(JDBC3Connection.java:205)
	at org.l2jmobius.gameserver.model.residences.ClanHallAuction.loadBidder(ClanHallAuction.java:60)
	at org.l2jmobius.gameserver.model.residences.ClanHallAuction.<init>(ClanHallAuction.java:54)
	at org.l2jmobius.gameserver.instancemanager.ClanHallAuctionManager.lambda$onStart$0(ClanHallAuctionManager.java:89)
	at java.base/java.util.ArrayList.forEach(ArrayList.java:1597)
	at org.l2jmobius.gameserver.instancemanager.ClanHallAuctionManager.onStart(ClanHallAuctionManager.java:89)
	at org.l2jmobius.gameserver.instancemanager.ClanHallAuctionManager.<init>(ClanHallAuctionManager.java:64)
	at org.l2jmobius.gameserver.instancemanager.ClanHallAuctionManager$SingletonHolder.<clinit>(ClanHallAuctionManager.java:140)
	at org.l2jmobius.gameserver.instancemanager.ClanHallAuctionManager.getInstance(ClanHallAuctionManager.java:135)
	at org.l2jmobius.gameserver.GameServer.<init>(GameServer.java:305)
	at org.l2jmobius.gameserver.GameServer.main(GameServer.java:479)

Jul 09, 2026 2:12:03 PM org.l2jmobius.gameserver.model.residences.ClanHallAuction loadBidder
WARNING: Failed loading clan hall auctions bidder for clan hall 39.
org.sqlite.SQLiteException: [SQLITE_ERROR] SQL error or missing database (no such table: clanhall_auctions_bidders)
	at org.sqlite.core.DB.newSQLException(DB.java:1179)
	at org.sqlite.core.DB.newSQLException(DB.java:1190)
	at org.sqlite.core.DB.throwex(DB.java:1150)
	at org.sqlite.core.NativeDB.prepare_utf8(Native Method)
	at org.sqlite.core.NativeDB.prepare(NativeDB.java:132)
	at org.sqlite.core.DB.prepare(DB.java:264)
	at org.sqlite.core.CorePreparedStatement.<init>(CorePreparedStatement.java:46)
	at org.sqlite.jdbc3.JDBC3PreparedStatement.<init>(JDBC3PreparedStatement.java:32)
	at org.sqlite.jdbc4.JDBC4PreparedStatement.<init>(JDBC4PreparedStatement.java:25)
	at org.sqlite.jdbc4.JDBC4Connection.prepareStatement(JDBC4Connection.java:34)
	at org.sqlite.jdbc3.JDBC3Connection.prepareStatement(JDBC3Connection.java:225)
	at org.sqlite.jdbc3.JDBC3Connection.prepareStatement(JDBC3Connection.java:205)
	at org.l2jmobius.gameserver.model.residences.ClanHallAuction.loadBidder(ClanHallAuction.java:60)
	at org.l2jmobius.gameserver.model.residences.ClanHallAuction.<init>(ClanHallAuction.java:54)
	at org.l2jmobius.gameserver.instancemanager.ClanHallAuctionManager.lambda$onStart$0(ClanHallAuctionManager.java:89)
	at java.base/java.util.ArrayList.forEach(ArrayList.java:1597)
	at org.l2jmobius.gameserver.instancemanager.ClanHallAuctionManager.onStart(ClanHallAuctionManager.java:89)
	at org.l2jmobius.gameserver.instancemanager.ClanHallAuctionManager.<init>(ClanHallAuctionManager.java:64)
	at org.l2jmobius.gameserver.instancemanager.ClanHallAuctionManager$SingletonHolder.<clinit>(ClanHallAuctionManager.java:140)
	at org.l2jmobius.gameserver.instancemanager.ClanHallAuctionManager.getInstance(ClanHallAuctionManager.java:135)
	at org.l2jmobius.gameserver.GameServer.<init>(GameServer.java:305)
	at org.l2jmobius.gameserver.GameServer.main(GameServer.java:479)

Jul 09, 2026 2:12:03 PM org.l2jmobius.gameserver.model.residences.ClanHallAuction loadBidder
WARNING: Failed loading clan hall auctions bidder for clan hall 40.
org.sqlite.SQLiteException: [SQLITE_ERROR] SQL error or missing database (no such table: clanhall_auctions_bidders)
	at org.sqlite.core.DB.newSQLException(DB.java:1179)
	at org.sqlite.core.DB.newSQLException(DB.java:1190)
	at org.sqlite.core.DB.throwex(DB.java:1150)
	at org.sqlite.core.NativeDB.prepare_utf8(Native Method)
	at org.sqlite.core.NativeDB.prepare(NativeDB.java:132)
	at org.sqlite.core.DB.prepare(DB.java:264)
	at org.sqlite.core.CorePreparedStatement.<init>(CorePreparedStatement.java:46)
	at org.sqlite.jdbc3.JDBC3PreparedStatement.<init>(JDBC3PreparedStatement.java:32)
	at org.sqlite.jdbc4.JDBC4PreparedStatement.<init>(JDBC4PreparedStatement.java:25)
	at org.sqlite.jdbc4.JDBC4Connection.prepareStatement(JDBC4Connection.java:34)
	at org.sqlite.jdbc3.JDBC3Connection.prepareStatement(JDBC3Connection.java:225)
	at org.sqlite.jdbc3.JDBC3Connection.prepareStatement(JDBC3Connection.java:205)
	at org.l2jmobius.gameserver.model.residences.ClanHallAuction.loadBidder(ClanHallAuction.java:60)
	at org.l2jmobius.gameserver.model.residences.ClanHallAuction.<init>(ClanHallAuction.java:54)
	at org.l2jmobius.gameserver.instancemanager.ClanHallAuctionManager.lambda$onStart$0(ClanHallAuctionManager.java:89)
	at java.base/java.util.ArrayList.forEach(ArrayList.java:1597)
	at org.l2jmobius.gameserver.instancemanager.ClanHallAuctionManager.onStart(ClanHallAuctionManager.java:89)
	at org.l2jmobius.gameserver.instancemanager.ClanHallAuctionManager.<init>(ClanHallAuctionManager.java:64)
	at org.l2jmobius.gameserver.instancemanager.ClanHallAuctionManager$SingletonHolder.<clinit>(ClanHallAuctionManager.java:140)
	at org.l2jmobius.gameserver.instancemanager.ClanHallAuctionManager.getInstance(ClanHallAuctionManager.java:135)
	at org.l2jmobius.gameserver.GameServer.<init>(GameServer.java:305)
	at org.l2jmobius.gameserver.GameServer.main(GameServer.java:479)

Jul 09, 2026 2:12:03 PM org.l2jmobius.gameserver.model.residences.ClanHallAuction loadBidder
WARNING: Failed loading clan hall auctions bidder for clan hall 41.
org.sqlite.SQLiteException: [SQLITE_ERROR] SQL error or missing database (no such table: clanhall_auctions_bidders)
	at org.sqlite.core.DB.newSQLException(DB.java:1179)
	at org.sqlite.core.DB.newSQLException(DB.java:1190)
	at org.sqlite.core.DB.throwex(DB.java:1150)
	at org.sqlite.core.NativeDB.prepare_utf8(Native Method)
	at org.sqlite.core.NativeDB.prepare(NativeDB.java:132)
	at org.sqlite.core.DB.prepare(DB.java:264)
	at org.sqlite.core.CorePreparedStatement.<init>(CorePreparedStatement.java:46)
	at org.sqlite.jdbc3.JDBC3PreparedStatement.<init>(JDBC3PreparedStatement.java:32)
	at org.sqlite.jdbc4.JDBC4PreparedStatement.<init>(JDBC4PreparedStatement.java:25)
	at org.sqlite.jdbc4.JDBC4Connection.prepareStatement(JDBC4Connection.java:34)
	at org.sqlite.jdbc3.JDBC3Connection.prepareStatement(JDBC3Connection.java:225)
	at org.sqlite.jdbc3.JDBC3Connection.prepareStatement(JDBC3Connection.java:205)
	at org.l2jmobius.gameserver.model.residences.ClanHallAuction.loadBidder(ClanHallAuction.java:60)
	at org.l2jmobius.gameserver.model.residences.ClanHallAuction.<init>(ClanHallAuction.java:54)
	at org.l2jmobius.gameserver.instancemanager.ClanHallAuctionManager.lambda$onStart$0(ClanHallAuctionManager.java:89)
	at java.base/java.util.ArrayList.forEach(ArrayList.java:1597)
	at org.l2jmobius.gameserver.instancemanager.ClanHallAuctionManager.onStart(ClanHallAuctionManager.java:89)
	at org.l2jmobius.gameserver.instancemanager.ClanHallAuctionManager.<init>(ClanHallAuctionManager.java:64)
	at org.l2jmobius.gameserver.instancemanager.ClanHallAuctionManager$SingletonHolder.<clinit>(ClanHallAuctionManager.java:140)
	at org.l2jmobius.gameserver.instancemanager.ClanHallAuctionManager.getInstance(ClanHallAuctionManager.java:135)
	at org.l2jmobius.gameserver.GameServer.<init>(GameServer.java:305)
	at org.l2jmobius.gameserver.GameServer.main(GameServer.java:479)

Jul 09, 2026 2:12:03 PM org.l2jmobius.gameserver.model.residences.ClanHallAuction loadBidder
WARNING: Failed loading clan hall auctions bidder for clan hall 42.
org.sqlite.SQLiteException: [SQLITE_ERROR] SQL error or missing database (no such table: clanhall_auctions_bidders)
	at org.sqlite.core.DB.newSQLException(DB.java:1179)
	at org.sqlite.core.DB.newSQLException(DB.java:1190)
	at org.sqlite.core.DB.throwex(DB.java:1150)
	at org.sqlite.core.NativeDB.prepare_utf8(Native Method)
	at org.sqlite.core.NativeDB.prepare(NativeDB.java:132)
	at org.sqlite.core.DB.prepare(DB.java:264)
	at org.sqlite.core.CorePreparedStatement.<init>(CorePreparedStatement.java:46)
	at org.sqlite.jdbc3.JDBC3PreparedStatement.<init>(JDBC3PreparedStatement.java:32)
	at org.sqlite.jdbc4.JDBC4PreparedStatement.<init>(JDBC4PreparedStatement.java:25)
	at org.sqlite.jdbc4.JDBC4Connection.prepareStatement(JDBC4Connection.java:34)
	at org.sqlite.jdbc3.JDBC3Connection.prepareStatement(JDBC3Connection.java:225)
	at org.sqlite.jdbc3.JDBC3Connection.prepareStatement(JDBC3Connection.java:205)
	at org.l2jmobius.gameserver.model.residences.ClanHallAuction.loadBidder(ClanHallAuction.java:60)
	at org.l2jmobius.gameserver.model.residences.ClanHallAuction.<init>(ClanHallAuction.java:54)
	at org.l2jmobius.gameserver.instancemanager.ClanHallAuctionManager.lambda$onStart$0(ClanHallAuctionManager.java:89)
	at java.base/java.util.ArrayList.forEach(ArrayList.java:1597)
	at org.l2jmobius.gameserver.instancemanager.ClanHallAuctionManager.onStart(ClanHallAuctionManager.java:89)
	at org.l2jmobius.gameserver.instancemanager.ClanHallAuctionManager.<init>(ClanHallAuctionManager.java:64)
	at org.l2jmobius.gameserver.instancemanager.ClanHallAuctionManager$SingletonHolder.<clinit>(ClanHallAuctionManager.java:140)
	at org.l2jmobius.gameserver.instancemanager.ClanHallAuctionManager.getInstance(ClanHallAuctionManager.java:135)
	at org.l2jmobius.gameserver.GameServer.<init>(GameServer.java:305)
	at org.l2jmobius.gameserver.GameServer.main(GameServer.java:479)

Jul 09, 2026 2:12:03 PM org.l2jmobius.gameserver.model.residences.ClanHallAuction loadBidder
WARNING: Failed loading clan hall auctions bidder for clan hall 43.
org.sqlite.SQLiteException: [SQLITE_ERROR] SQL error or missing database (no such table: clanhall_auctions_bidders)
	at org.sqlite.core.DB.newSQLException(DB.java:1179)
	at org.sqlite.core.DB.newSQLException(DB.java:1190)
	at org.sqlite.core.DB.throwex(DB.java:1150)
	at org.sqlite.core.NativeDB.prepare_utf8(Native Method)
	at org.sqlite.core.NativeDB.prepare(NativeDB.java:132)
	at org.sqlite.core.DB.prepare(DB.java:264)
	at org.sqlite.core.CorePreparedStatement.<init>(CorePreparedStatement.java:46)
	at org.sqlite.jdbc3.JDBC3PreparedStatement.<init>(JDBC3PreparedStatement.java:32)
	at org.sqlite.jdbc4.JDBC4PreparedStatement.<init>(JDBC4PreparedStatement.java:25)
	at org.sqlite.jdbc4.JDBC4Connection.prepareStatement(JDBC4Connection.java:34)
	at org.sqlite.jdbc3.JDBC3Connection.prepareStatement(JDBC3Connection.java:225)
	at org.sqlite.jdbc3.JDBC3Connection.prepareStatement(JDBC3Connection.java:205)
	at org.l2jmobius.gameserver.model.residences.ClanHallAuction.loadBidder(ClanHallAuction.java:60)
	at org.l2jmobius.gameserver.model.residences.ClanHallAuction.<init>(ClanHallAuction.java:54)
	at org.l2jmobius.gameserver.instancemanager.ClanHallAuctionManager.lambda$onStart$0(ClanHallAuctionManager.java:89)
	at java.base/java.util.ArrayList.forEach(ArrayList.java:1597)
	at org.l2jmobius.gameserver.instancemanager.ClanHallAuctionManager.onStart(ClanHallAuctionManager.java:89)
	at org.l2jmobius.gameserver.instancemanager.ClanHallAuctionManager.<init>(ClanHallAuctionManager.java:64)
	at org.l2jmobius.gameserver.instancemanager.ClanHallAuctionManager$SingletonHolder.<clinit>(ClanHallAuctionManager.java:140)
	at org.l2jmobius.gameserver.instancemanager.ClanHallAuctionManager.getInstance(ClanHallAuctionManager.java:135)
	at org.l2jmobius.gameserver.GameServer.<init>(GameServer.java:305)
	at org.l2jmobius.gameserver.GameServer.main(GameServer.java:479)

Jul 09, 2026 2:12:03 PM org.l2jmobius.gameserver.model.residences.ClanHallAuction loadBidder
WARNING: Failed loading clan hall auctions bidder for clan hall 44.
org.sqlite.SQLiteException: [SQLITE_ERROR] SQL error or missing database (no such table: clanhall_auctions_bidders)
	at org.sqlite.core.DB.newSQLException(DB.java:1179)
	at org.sqlite.core.DB.newSQLException(DB.java:1190)
	at org.sqlite.core.DB.throwex(DB.java:1150)
	at org.sqlite.core.NativeDB.prepare_utf8(Native Method)
	at org.sqlite.core.NativeDB.prepare(NativeDB.java:132)
	at org.sqlite.core.DB.prepare(DB.java:264)
	at org.sqlite.core.CorePreparedStatement.<init>(CorePreparedStatement.java:46)
	at org.sqlite.jdbc3.JDBC3PreparedStatement.<init>(JDBC3PreparedStatement.java:32)
	at org.sqlite.jdbc4.JDBC4PreparedStatement.<init>(JDBC4PreparedStatement.java:25)
	at org.sqlite.jdbc4.JDBC4Connection.prepareStatement(JDBC4Connection.java:34)
	at org.sqlite.jdbc3.JDBC3Connection.prepareStatement(JDBC3Connection.java:225)
	at org.sqlite.jdbc3.JDBC3Connection.prepareStatement(JDBC3Connection.java:205)
	at org.l2jmobius.gameserver.model.residences.ClanHallAuction.loadBidder(ClanHallAuction.java:60)
	at org.l2jmobius.gameserver.model.residences.ClanHallAuction.<init>(ClanHallAuction.java:54)
	at org.l2jmobius.gameserver.instancemanager.ClanHallAuctionManager.lambda$onStart$0(ClanHallAuctionManager.java:89)
	at java.base/java.util.ArrayList.forEach(ArrayList.java:1597)
	at org.l2jmobius.gameserver.instancemanager.ClanHallAuctionManager.onStart(ClanHallAuctionManager.java:89)
	at org.l2jmobius.gameserver.instancemanager.ClanHallAuctionManager.<init>(ClanHallAuctionManager.java:64)
	at org.l2jmobius.gameserver.instancemanager.ClanHallAuctionManager$SingletonHolder.<clinit>(ClanHallAuctionManager.java:140)
	at org.l2jmobius.gameserver.instancemanager.ClanHallAuctionManager.getInstance(ClanHallAuctionManager.java:135)
	at org.l2jmobius.gameserver.GameServer.<init>(GameServer.java:305)
	at org.l2jmobius.gameserver.GameServer.main(GameServer.java:479)

Jul 09, 2026 2:12:03 PM org.l2jmobius.gameserver.model.residences.ClanHallAuction loadBidder
WARNING: Failed loading clan hall auctions bidder for clan hall 45.
org.sqlite.SQLiteException: [SQLITE_ERROR] SQL error or missing database (no such table: clanhall_auctions_bidders)
	at org.sqlite.core.DB.newSQLException(DB.java:1179)
	at org.sqlite.core.DB.newSQLException(DB.java:1190)
	at org.sqlite.core.DB.throwex(DB.java:1150)
	at org.sqlite.core.NativeDB.prepare_utf8(Native Method)
	at org.sqlite.core.NativeDB.prepare(NativeDB.java:132)
	at org.sqlite.core.DB.prepare(DB.java:264)
	at org.sqlite.core.CorePreparedStatement.<init>(CorePreparedStatement.java:46)
	at org.sqlite.jdbc3.JDBC3PreparedStatement.<init>(JDBC3PreparedStatement.java:32)
	at org.sqlite.jdbc4.JDBC4PreparedStatement.<init>(JDBC4PreparedStatement.java:25)
	at org.sqlite.jdbc4.JDBC4Connection.prepareStatement(JDBC4Connection.java:34)
	at org.sqlite.jdbc3.JDBC3Connection.prepareStatement(JDBC3Connection.java:225)
	at org.sqlite.jdbc3.JDBC3Connection.prepareStatement(JDBC3Connection.java:205)
	at org.l2jmobius.gameserver.model.residences.ClanHallAuction.loadBidder(ClanHallAuction.java:60)
	at org.l2jmobius.gameserver.model.residences.ClanHallAuction.<init>(ClanHallAuction.java:54)
	at org.l2jmobius.gameserver.instancemanager.ClanHallAuctionManager.lambda$onStart$0(ClanHallAuctionManager.java:89)
	at java.base/java.util.ArrayList.forEach(ArrayList.java:1597)
	at org.l2jmobius.gameserver.instancemanager.ClanHallAuctionManager.onStart(ClanHallAuctionManager.java:89)
	at org.l2jmobius.gameserver.instancemanager.ClanHallAuctionManager.<init>(ClanHallAuctionManager.java:64)
	at org.l2jmobius.gameserver.instancemanager.ClanHallAuctionManager$SingletonHolder.<clinit>(ClanHallAuctionManager.java:140)
	at org.l2jmobius.gameserver.instancemanager.ClanHallAuctionManager.getInstance(ClanHallAuctionManager.java:135)
	at org.l2jmobius.gameserver.GameServer.<init>(GameServer.java:305)
	at org.l2jmobius.gameserver.GameServer.main(GameServer.java:479)

Jul 09, 2026 2:12:03 PM org.l2jmobius.gameserver.model.residences.ClanHallAuction loadBidder
WARNING: Failed loading clan hall auctions bidder for clan hall 46.
org.sqlite.SQLiteException: [SQLITE_ERROR] SQL error or missing database (no such table: clanhall_auctions_bidders)
	at org.sqlite.core.DB.newSQLException(DB.java:1179)
	at org.sqlite.core.DB.newSQLException(DB.java:1190)
	at org.sqlite.core.DB.throwex(DB.java:1150)
	at org.sqlite.core.NativeDB.prepare_utf8(Native Method)
	at org.sqlite.core.NativeDB.prepare(NativeDB.java:132)
	at org.sqlite.core.DB.prepare(DB.java:264)
	at org.sqlite.core.CorePreparedStatement.<init>(CorePreparedStatement.java:46)
	at org.sqlite.jdbc3.JDBC3PreparedStatement.<init>(JDBC3PreparedStatement.java:32)
	at org.sqlite.jdbc4.JDBC4PreparedStatement.<init>(JDBC4PreparedStatement.java:25)
	at org.sqlite.jdbc4.JDBC4Connection.prepareStatement(JDBC4Connection.java:34)
	at org.sqlite.jdbc3.JDBC3Connection.prepareStatement(JDBC3Connection.java:225)
	at org.sqlite.jdbc3.JDBC3Connection.prepareStatement(JDBC3Connection.java:205)
	at org.l2jmobius.gameserver.model.residences.ClanHallAuction.loadBidder(ClanHallAuction.java:60)
	at org.l2jmobius.gameserver.model.residences.ClanHallAuction.<init>(ClanHallAuction.java:54)
	at org.l2jmobius.gameserver.instancemanager.ClanHallAuctionManager.lambda$onStart$0(ClanHallAuctionManager.java:89)
	at java.base/java.util.ArrayList.forEach(ArrayList.java:1597)
	at org.l2jmobius.gameserver.instancemanager.ClanHallAuctionManager.onStart(ClanHallAuctionManager.java:89)
	at org.l2jmobius.gameserver.instancemanager.ClanHallAuctionManager.<init>(ClanHallAuctionManager.java:64)
	at org.l2jmobius.gameserver.instancemanager.ClanHallAuctionManager$SingletonHolder.<clinit>(ClanHallAuctionManager.java:140)
	at org.l2jmobius.gameserver.instancemanager.ClanHallAuctionManager.getInstance(ClanHallAuctionManager.java:135)
	at org.l2jmobius.gameserver.GameServer.<init>(GameServer.java:305)
	at org.l2jmobius.gameserver.GameServer.main(GameServer.java:479)

Jul 09, 2026 2:12:03 PM org.l2jmobius.gameserver.model.residences.ClanHallAuction loadBidder
WARNING: Failed loading clan hall auctions bidder for clan hall 47.
org.sqlite.SQLiteException: [SQLITE_ERROR] SQL error or missing database (no such table: clanhall_auctions_bidders)
	at org.sqlite.core.DB.newSQLException(DB.java:1179)
	at org.sqlite.core.DB.newSQLException(DB.java:1190)
	at org.sqlite.core.DB.throwex(DB.java:1150)
	at org.sqlite.core.NativeDB.prepare_utf8(Native Method)
	at org.sqlite.core.NativeDB.prepare(NativeDB.java:132)
	at org.sqlite.core.DB.prepare(DB.java:264)
	at org.sqlite.core.CorePreparedStatement.<init>(CorePreparedStatement.java:46)
	at org.sqlite.jdbc3.JDBC3PreparedStatement.<init>(JDBC3PreparedStatement.java:32)
	at org.sqlite.jdbc4.JDBC4PreparedStatement.<init>(JDBC4PreparedStatement.java:25)
	at org.sqlite.jdbc4.JDBC4Connection.prepareStatement(JDBC4Connection.java:34)
	at org.sqlite.jdbc3.JDBC3Connection.prepareStatement(JDBC3Connection.java:225)
	at org.sqlite.jdbc3.JDBC3Connection.prepareStatement(JDBC3Connection.java:205)
	at org.l2jmobius.gameserver.model.residences.ClanHallAuction.loadBidder(ClanHallAuction.java:60)
	at org.l2jmobius.gameserver.model.residences.ClanHallAuction.<init>(ClanHallAuction.java:54)
	at org.l2jmobius.gameserver.instancemanager.ClanHallAuctionManager.lambda$onStart$0(ClanHallAuctionManager.java:89)
	at java.base/java.util.ArrayList.forEach(ArrayList.java:1597)
	at org.l2jmobius.gameserver.instancemanager.ClanHallAuctionManager.onStart(ClanHallAuctionManager.java:89)
	at org.l2jmobius.gameserver.instancemanager.ClanHallAuctionManager.<init>(ClanHallAuctionManager.java:64)
	at org.l2jmobius.gameserver.instancemanager.ClanHallAuctionManager$SingletonHolder.<clinit>(ClanHallAuctionManager.java:140)
	at org.l2jmobius.gameserver.instancemanager.ClanHallAuctionManager.getInstance(ClanHallAuctionManager.java:135)
	at org.l2jmobius.gameserver.GameServer.<init>(GameServer.java:305)
	at org.l2jmobius.gameserver.GameServer.main(GameServer.java:479)

Jul 09, 2026 2:12:03 PM org.l2jmobius.gameserver.model.residences.ClanHallAuction loadBidder
WARNING: Failed loading clan hall auctions bidder for clan hall 48.
org.sqlite.SQLiteException: [SQLITE_ERROR] SQL error or missing database (no such table: clanhall_auctions_bidders)
	at org.sqlite.core.DB.newSQLException(DB.java:1179)
	at org.sqlite.core.DB.newSQLException(DB.java:1190)
	at org.sqlite.core.DB.throwex(DB.java:1150)
	at org.sqlite.core.NativeDB.prepare_utf8(Native Method)
	at org.sqlite.core.NativeDB.prepare(NativeDB.java:132)
	at org.sqlite.core.DB.prepare(DB.java:264)
	at org.sqlite.core.CorePreparedStatement.<init>(CorePreparedStatement.java:46)
	at org.sqlite.jdbc3.JDBC3PreparedStatement.<init>(JDBC3PreparedStatement.java:32)
	at org.sqlite.jdbc4.JDBC4PreparedStatement.<init>(JDBC4PreparedStatement.java:25)
	at org.sqlite.jdbc4.JDBC4Connection.prepareStatement(JDBC4Connection.java:34)
	at org.sqlite.jdbc3.JDBC3Connection.prepareStatement(JDBC3Connection.java:225)
	at org.sqlite.jdbc3.JDBC3Connection.prepareStatement(JDBC3Connection.java:205)
	at org.l2jmobius.gameserver.model.residences.ClanHallAuction.loadBidder(ClanHallAuction.java:60)
	at org.l2jmobius.gameserver.model.residences.ClanHallAuction.<init>(ClanHallAuction.java:54)
	at org.l2jmobius.gameserver.instancemanager.ClanHallAuctionManager.lambda$onStart$0(ClanHallAuctionManager.java:89)
	at java.base/java.util.ArrayList.forEach(ArrayList.java:1597)
	at org.l2jmobius.gameserver.instancemanager.ClanHallAuctionManager.onStart(ClanHallAuctionManager.java:89)
	at org.l2jmobius.gameserver.instancemanager.ClanHallAuctionManager.<init>(ClanHallAuctionManager.java:64)
	at org.l2jmobius.gameserver.instancemanager.ClanHallAuctionManager$SingletonHolder.<clinit>(ClanHallAuctionManager.java:140)
	at org.l2jmobius.gameserver.instancemanager.ClanHallAuctionManager.getInstance(ClanHallAuctionManager.java:135)
	at org.l2jmobius.gameserver.GameServer.<init>(GameServer.java:305)
	at org.l2jmobius.gameserver.GameServer.main(GameServer.java:479)

Jul 09, 2026 2:12:03 PM org.l2jmobius.gameserver.model.residences.ClanHallAuction loadBidder
WARNING: Failed loading clan hall auctions bidder for clan hall 49.
org.sqlite.SQLiteException: [SQLITE_ERROR] SQL error or missing database (no such table: clanhall_auctions_bidders)
	at org.sqlite.core.DB.newSQLException(DB.java:1179)
	at org.sqlite.core.DB.newSQLException(DB.java:1190)
	at org.sqlite.core.DB.throwex(DB.java:1150)
	at org.sqlite.core.NativeDB.prepare_utf8(Native Method)
	at org.sqlite.core.NativeDB.prepare(NativeDB.java:132)
	at org.sqlite.core.DB.prepare(DB.java:264)
	at org.sqlite.core.CorePreparedStatement.<init>(CorePreparedStatement.java:46)
	at org.sqlite.jdbc3.JDBC3PreparedStatement.<init>(JDBC3PreparedStatement.java:32)
	at org.sqlite.jdbc4.JDBC4PreparedStatement.<init>(JDBC4PreparedStatement.java:25)
	at org.sqlite.jdbc4.JDBC4Connection.prepareStatement(JDBC4Connection.java:34)
	at org.sqlite.jdbc3.JDBC3Connection.prepareStatement(JDBC3Connection.java:225)
	at org.sqlite.jdbc3.JDBC3Connection.prepareStatement(JDBC3Connection.java:205)
	at org.l2jmobius.gameserver.model.residences.ClanHallAuction.loadBidder(ClanHallAuction.java:60)
	at org.l2jmobius.gameserver.model.residences.ClanHallAuction.<init>(ClanHallAuction.java:54)
	at org.l2jmobius.gameserver.instancemanager.ClanHallAuctionManager.lambda$onStart$0(ClanHallAuctionManager.java:89)
	at java.base/java.util.ArrayList.forEach(ArrayList.java:1597)
	at org.l2jmobius.gameserver.instancemanager.ClanHallAuctionManager.onStart(ClanHallAuctionManager.java:89)
	at org.l2jmobius.gameserver.instancemanager.ClanHallAuctionManager.<init>(ClanHallAuctionManager.java:64)
	at org.l2jmobius.gameserver.instancemanager.ClanHallAuctionManager$SingletonHolder.<clinit>(ClanHallAuctionManager.java:140)
	at org.l2jmobius.gameserver.instancemanager.ClanHallAuctionManager.getInstance(ClanHallAuctionManager.java:135)
	at org.l2jmobius.gameserver.GameServer.<init>(GameServer.java:305)
	at org.l2jmobius.gameserver.GameServer.main(GameServer.java:479)

Jul 09, 2026 2:12:03 PM org.l2jmobius.gameserver.model.residences.ClanHallAuction loadBidder
WARNING: Failed loading clan hall auctions bidder for clan hall 50.
org.sqlite.SQLiteException: [SQLITE_ERROR] SQL error or missing database (no such table: clanhall_auctions_bidders)
	at org.sqlite.core.DB.newSQLException(DB.java:1179)
	at org.sqlite.core.DB.newSQLException(DB.java:1190)
	at org.sqlite.core.DB.throwex(DB.java:1150)
	at org.sqlite.core.NativeDB.prepare_utf8(Native Method)
	at org.sqlite.core.NativeDB.prepare(NativeDB.java:132)
	at org.sqlite.core.DB.prepare(DB.java:264)
	at org.sqlite.core.CorePreparedStatement.<init>(CorePreparedStatement.java:46)
	at org.sqlite.jdbc3.JDBC3PreparedStatement.<init>(JDBC3PreparedStatement.java:32)
	at org.sqlite.jdbc4.JDBC4PreparedStatement.<init>(JDBC4PreparedStatement.java:25)
	at org.sqlite.jdbc4.JDBC4Connection.prepareStatement(JDBC4Connection.java:34)
	at org.sqlite.jdbc3.JDBC3Connection.prepareStatement(JDBC3Connection.java:225)
	at org.sqlite.jdbc3.JDBC3Connection.prepareStatement(JDBC3Connection.java:205)
	at org.l2jmobius.gameserver.model.residences.ClanHallAuction.loadBidder(ClanHallAuction.java:60)
	at org.l2jmobius.gameserver.model.residences.ClanHallAuction.<init>(ClanHallAuction.java:54)
	at org.l2jmobius.gameserver.instancemanager.ClanHallAuctionManager.lambda$onStart$0(ClanHallAuctionManager.java:89)
	at java.base/java.util.ArrayList.forEach(ArrayList.java:1597)
	at org.l2jmobius.gameserver.instancemanager.ClanHallAuctionManager.onStart(ClanHallAuctionManager.java:89)
	at org.l2jmobius.gameserver.instancemanager.ClanHallAuctionManager.<init>(ClanHallAuctionManager.java:64)
	at org.l2jmobius.gameserver.instancemanager.ClanHallAuctionManager$SingletonHolder.<clinit>(ClanHallAuctionManager.java:140)
	at org.l2jmobius.gameserver.instancemanager.ClanHallAuctionManager.getInstance(ClanHallAuctionManager.java:135)
	at org.l2jmobius.gameserver.GameServer.<init>(GameServer.java:305)
	at org.l2jmobius.gameserver.GameServer.main(GameServer.java:479)

Jul 09, 2026 2:12:03 PM org.l2jmobius.gameserver.model.residences.ClanHallAuction loadBidder
WARNING: Failed loading clan hall auctions bidder for clan hall 51.
org.sqlite.SQLiteException: [SQLITE_ERROR] SQL error or missing database (no such table: clanhall_auctions_bidders)
	at org.sqlite.core.DB.newSQLException(DB.java:1179)
	at org.sqlite.core.DB.newSQLException(DB.java:1190)
	at org.sqlite.core.DB.throwex(DB.java:1150)
	at org.sqlite.core.NativeDB.prepare_utf8(Native Method)
	at org.sqlite.core.NativeDB.prepare(NativeDB.java:132)
	at org.sqlite.core.DB.prepare(DB.java:264)
	at org.sqlite.core.CorePreparedStatement.<init>(CorePreparedStatement.java:46)
	at org.sqlite.jdbc3.JDBC3PreparedStatement.<init>(JDBC3PreparedStatement.java:32)
	at org.sqlite.jdbc4.JDBC4PreparedStatement.<init>(JDBC4PreparedStatement.java:25)
	at org.sqlite.jdbc4.JDBC4Connection.prepareStatement(JDBC4Connection.java:34)
	at org.sqlite.jdbc3.JDBC3Connection.prepareStatement(JDBC3Connection.java:225)
	at org.sqlite.jdbc3.JDBC3Connection.prepareStatement(JDBC3Connection.java:205)
	at org.l2jmobius.gameserver.model.residences.ClanHallAuction.loadBidder(ClanHallAuction.java:60)
	at org.l2jmobius.gameserver.model.residences.ClanHallAuction.<init>(ClanHallAuction.java:54)
	at org.l2jmobius.gameserver.instancemanager.ClanHallAuctionManager.lambda$onStart$0(ClanHallAuctionManager.java:89)
	at java.base/java.util.ArrayList.forEach(ArrayList.java:1597)
	at org.l2jmobius.gameserver.instancemanager.ClanHallAuctionManager.onStart(ClanHallAuctionManager.java:89)
	at org.l2jmobius.gameserver.instancemanager.ClanHallAuctionManager.<init>(ClanHallAuctionManager.java:64)
	at org.l2jmobius.gameserver.instancemanager.ClanHallAuctionManager$SingletonHolder.<clinit>(ClanHallAuctionManager.java:140)
	at org.l2jmobius.gameserver.instancemanager.ClanHallAuctionManager.getInstance(ClanHallAuctionManager.java:135)
	at org.l2jmobius.gameserver.GameServer.<init>(GameServer.java:305)
	at org.l2jmobius.gameserver.GameServer.main(GameServer.java:479)

Jul 09, 2026 2:12:03 PM org.l2jmobius.gameserver.model.residences.ClanHallAuction loadBidder
WARNING: Failed loading clan hall auctions bidder for clan hall 52.
org.sqlite.SQLiteException: [SQLITE_ERROR] SQL error or missing database (no such table: clanhall_auctions_bidders)
	at org.sqlite.core.DB.newSQLException(DB.java:1179)
	at org.sqlite.core.DB.newSQLException(DB.java:1190)
	at org.sqlite.core.DB.throwex(DB.java:1150)
	at org.sqlite.core.NativeDB.prepare_utf8(Native Method)
	at org.sqlite.core.NativeDB.prepare(NativeDB.java:132)
	at org.sqlite.core.DB.prepare(DB.java:264)
	at org.sqlite.core.CorePreparedStatement.<init>(CorePreparedStatement.java:46)
	at org.sqlite.jdbc3.JDBC3PreparedStatement.<init>(JDBC3PreparedStatement.java:32)
	at org.sqlite.jdbc4.JDBC4PreparedStatement.<init>(JDBC4PreparedStatement.java:25)
	at org.sqlite.jdbc4.JDBC4Connection.prepareStatement(JDBC4Connection.java:34)
	at org.sqlite.jdbc3.JDBC3Connection.prepareStatement(JDBC3Connection.java:225)
	at org.sqlite.jdbc3.JDBC3Connection.prepareStatement(JDBC3Connection.java:205)
	at org.l2jmobius.gameserver.model.residences.ClanHallAuction.loadBidder(ClanHallAuction.java:60)
	at org.l2jmobius.gameserver.model.residences.ClanHallAuction.<init>(ClanHallAuction.java:54)
	at org.l2jmobius.gameserver.instancemanager.ClanHallAuctionManager.lambda$onStart$0(ClanHallAuctionManager.java:89)
	at java.base/java.util.ArrayList.forEach(ArrayList.java:1597)
	at org.l2jmobius.gameserver.instancemanager.ClanHallAuctionManager.onStart(ClanHallAuctionManager.java:89)
	at org.l2jmobius.gameserver.instancemanager.ClanHallAuctionManager.<init>(ClanHallAuctionManager.java:64)
	at org.l2jmobius.gameserver.instancemanager.ClanHallAuctionManager$SingletonHolder.<clinit>(ClanHallAuctionManager.java:140)
	at org.l2jmobius.gameserver.instancemanager.ClanHallAuctionManager.getInstance(ClanHallAuctionManager.java:135)
	at org.l2jmobius.gameserver.GameServer.<init>(GameServer.java:305)
	at org.l2jmobius.gameserver.GameServer.main(GameServer.java:479)

Jul 09, 2026 2:12:03 PM org.l2jmobius.gameserver.model.residences.ClanHallAuction loadBidder
WARNING: Failed loading clan hall auctions bidder for clan hall 53.
org.sqlite.SQLiteException: [SQLITE_ERROR] SQL error or missing database (no such table: clanhall_auctions_bidders)
	at org.sqlite.core.DB.newSQLException(DB.java:1179)
	at org.sqlite.core.DB.newSQLException(DB.java:1190)
	at org.sqlite.core.DB.throwex(DB.java:1150)
	at org.sqlite.core.NativeDB.prepare_utf8(Native Method)
	at org.sqlite.core.NativeDB.prepare(NativeDB.java:132)
	at org.sqlite.core.DB.prepare(DB.java:264)
	at org.sqlite.core.CorePreparedStatement.<init>(CorePreparedStatement.java:46)
	at org.sqlite.jdbc3.JDBC3PreparedStatement.<init>(JDBC3PreparedStatement.java:32)
	at org.sqlite.jdbc4.JDBC4PreparedStatement.<init>(JDBC4PreparedStatement.java:25)
	at org.sqlite.jdbc4.JDBC4Connection.prepareStatement(JDBC4Connection.java:34)
	at org.sqlite.jdbc3.JDBC3Connection.prepareStatement(JDBC3Connection.java:225)
	at org.sqlite.jdbc3.JDBC3Connection.prepareStatement(JDBC3Connection.java:205)
	at org.l2jmobius.gameserver.model.residences.ClanHallAuction.loadBidder(ClanHallAuction.java:60)
	at org.l2jmobius.gameserver.model.residences.ClanHallAuction.<init>(ClanHallAuction.java:54)
	at org.l2jmobius.gameserver.instancemanager.ClanHallAuctionManager.lambda$onStart$0(ClanHallAuctionManager.java:89)
	at java.base/java.util.ArrayList.forEach(ArrayList.java:1597)
	at org.l2jmobius.gameserver.instancemanager.ClanHallAuctionManager.onStart(ClanHallAuctionManager.java:89)
	at org.l2jmobius.gameserver.instancemanager.ClanHallAuctionManager.<init>(ClanHallAuctionManager.java:64)
	at org.l2jmobius.gameserver.instancemanager.ClanHallAuctionManager$SingletonHolder.<clinit>(ClanHallAuctionManager.java:140)
	at org.l2jmobius.gameserver.instancemanager.ClanHallAuctionManager.getInstance(ClanHallAuctionManager.java:135)
	at org.l2jmobius.gameserver.GameServer.<init>(GameServer.java:305)
	at org.l2jmobius.gameserver.GameServer.main(GameServer.java:479)

Jul 09, 2026 2:12:03 PM org.l2jmobius.gameserver.model.residences.ClanHallAuction loadBidder
WARNING: Failed loading clan hall auctions bidder for clan hall 54.
org.sqlite.SQLiteException: [SQLITE_ERROR] SQL error or missing database (no such table: clanhall_auctions_bidders)
	at org.sqlite.core.DB.newSQLException(DB.java:1179)
	at org.sqlite.core.DB.newSQLException(DB.java:1190)
	at org.sqlite.core.DB.throwex(DB.java:1150)
	at org.sqlite.core.NativeDB.prepare_utf8(Native Method)
	at org.sqlite.core.NativeDB.prepare(NativeDB.java:132)
	at org.sqlite.core.DB.prepare(DB.java:264)
	at org.sqlite.core.CorePreparedStatement.<init>(CorePreparedStatement.java:46)
	at org.sqlite.jdbc3.JDBC3PreparedStatement.<init>(JDBC3PreparedStatement.java:32)
	at org.sqlite.jdbc4.JDBC4PreparedStatement.<init>(JDBC4PreparedStatement.java:25)
	at org.sqlite.jdbc4.JDBC4Connection.prepareStatement(JDBC4Connection.java:34)
	at org.sqlite.jdbc3.JDBC3Connection.prepareStatement(JDBC3Connection.java:225)
	at org.sqlite.jdbc3.JDBC3Connection.prepareStatement(JDBC3Connection.java:205)
	at org.l2jmobius.gameserver.model.residences.ClanHallAuction.loadBidder(ClanHallAuction.java:60)
	at org.l2jmobius.gameserver.model.residences.ClanHallAuction.<init>(ClanHallAuction.java:54)
	at org.l2jmobius.gameserver.instancemanager.ClanHallAuctionManager.lambda$onStart$0(ClanHallAuctionManager.java:89)
	at java.base/java.util.ArrayList.forEach(ArrayList.java:1597)
	at org.l2jmobius.gameserver.instancemanager.ClanHallAuctionManager.onStart(ClanHallAuctionManager.java:89)
	at org.l2jmobius.gameserver.instancemanager.ClanHallAuctionManager.<init>(ClanHallAuctionManager.java:64)
	at org.l2jmobius.gameserver.instancemanager.ClanHallAuctionManager$SingletonHolder.<clinit>(ClanHallAuctionManager.java:140)
	at org.l2jmobius.gameserver.instancemanager.ClanHallAuctionManager.getInstance(ClanHallAuctionManager.java:135)
	at org.l2jmobius.gameserver.GameServer.<init>(GameServer.java:305)
	at org.l2jmobius.gameserver.GameServer.main(GameServer.java:479)

Jul 09, 2026 2:12:03 PM org.l2jmobius.gameserver.model.residences.ClanHallAuction loadBidder
WARNING: Failed loading clan hall auctions bidder for clan hall 55.
org.sqlite.SQLiteException: [SQLITE_ERROR] SQL error or missing database (no such table: clanhall_auctions_bidders)
	at org.sqlite.core.DB.newSQLException(DB.java:1179)
	at org.sqlite.core.DB.newSQLException(DB.java:1190)
	at org.sqlite.core.DB.throwex(DB.java:1150)
	at org.sqlite.core.NativeDB.prepare_utf8(Native Method)
	at org.sqlite.core.NativeDB.prepare(NativeDB.java:132)
	at org.sqlite.core.DB.prepare(DB.java:264)
	at org.sqlite.core.CorePreparedStatement.<init>(CorePreparedStatement.java:46)
	at org.sqlite.jdbc3.JDBC3PreparedStatement.<init>(JDBC3PreparedStatement.java:32)
	at org.sqlite.jdbc4.JDBC4PreparedStatement.<init>(JDBC4PreparedStatement.java:25)
	at org.sqlite.jdbc4.JDBC4Connection.prepareStatement(JDBC4Connection.java:34)
	at org.sqlite.jdbc3.JDBC3Connection.prepareStatement(JDBC3Connection.java:225)
	at org.sqlite.jdbc3.JDBC3Connection.prepareStatement(JDBC3Connection.java:205)
	at org.l2jmobius.gameserver.model.residences.ClanHallAuction.loadBidder(ClanHallAuction.java:60)
	at org.l2jmobius.gameserver.model.residences.ClanHallAuction.<init>(ClanHallAuction.java:54)
	at org.l2jmobius.gameserver.instancemanager.ClanHallAuctionManager.lambda$onStart$0(ClanHallAuctionManager.java:89)
	at java.base/java.util.ArrayList.forEach(ArrayList.java:1597)
	at org.l2jmobius.gameserver.instancemanager.ClanHallAuctionManager.onStart(ClanHallAuctionManager.java:89)
	at org.l2jmobius.gameserver.instancemanager.ClanHallAuctionManager.<init>(ClanHallAuctionManager.java:64)
	at org.l2jmobius.gameserver.instancemanager.ClanHallAuctionManager$SingletonHolder.<clinit>(ClanHallAuctionManager.java:140)
	at org.l2jmobius.gameserver.instancemanager.ClanHallAuctionManager.getInstance(ClanHallAuctionManager.java:135)
	at org.l2jmobius.gameserver.GameServer.<init>(GameServer.java:305)
	at org.l2jmobius.gameserver.GameServer.main(GameServer.java:479)

Jul 09, 2026 2:12:03 PM org.l2jmobius.gameserver.model.residences.ClanHallAuction loadBidder
WARNING: Failed loading clan hall auctions bidder for clan hall 56.
org.sqlite.SQLiteException: [SQLITE_ERROR] SQL error or missing database (no such table: clanhall_auctions_bidders)
	at org.sqlite.core.DB.newSQLException(DB.java:1179)
	at org.sqlite.core.DB.newSQLException(DB.java:1190)
	at org.sqlite.core.DB.throwex(DB.java:1150)
	at org.sqlite.core.NativeDB.prepare_utf8(Native Method)
	at org.sqlite.core.NativeDB.prepare(NativeDB.java:132)
	at org.sqlite.core.DB.prepare(DB.java:264)
	at org.sqlite.core.CorePreparedStatement.<init>(CorePreparedStatement.java:46)
	at org.sqlite.jdbc3.JDBC3PreparedStatement.<init>(JDBC3PreparedStatement.java:32)
	at org.sqlite.jdbc4.JDBC4PreparedStatement.<init>(JDBC4PreparedStatement.java:25)
	at org.sqlite.jdbc4.JDBC4Connection.prepareStatement(JDBC4Connection.java:34)
	at org.sqlite.jdbc3.JDBC3Connection.prepareStatement(JDBC3Connection.java:225)
	at org.sqlite.jdbc3.JDBC3Connection.prepareStatement(JDBC3Connection.java:205)
	at org.l2jmobius.gameserver.model.residences.ClanHallAuction.loadBidder(ClanHallAuction.java:60)
	at org.l2jmobius.gameserver.model.residences.ClanHallAuction.<init>(ClanHallAuction.java:54)
	at org.l2jmobius.gameserver.instancemanager.ClanHallAuctionManager.lambda$onStart$0(ClanHallAuctionManager.java:89)
	at java.base/java.util.ArrayList.forEach(ArrayList.java:1597)
	at org.l2jmobius.gameserver.instancemanager.ClanHallAuctionManager.onStart(ClanHallAuctionManager.java:89)
	at org.l2jmobius.gameserver.instancemanager.ClanHallAuctionManager.<init>(ClanHallAuctionManager.java:64)
	at org.l2jmobius.gameserver.instancemanager.ClanHallAuctionManager$SingletonHolder.<clinit>(ClanHallAuctionManager.java:140)
	at org.l2jmobius.gameserver.instancemanager.ClanHallAuctionManager.getInstance(ClanHallAuctionManager.java:135)
	at org.l2jmobius.gameserver.GameServer.<init>(GameServer.java:305)
	at org.l2jmobius.gameserver.GameServer.main(GameServer.java:479)

Jul 09, 2026 2:12:03 PM org.l2jmobius.gameserver.model.residences.ClanHallAuction loadBidder
WARNING: Failed loading clan hall auctions bidder for clan hall 57.
org.sqlite.SQLiteException: [SQLITE_ERROR] SQL error or missing database (no such table: clanhall_auctions_bidders)
	at org.sqlite.core.DB.newSQLException(DB.java:1179)
	at org.sqlite.core.DB.newSQLException(DB.java:1190)
	at org.sqlite.core.DB.throwex(DB.java:1150)
	at org.sqlite.core.NativeDB.prepare_utf8(Native Method)
	at org.sqlite.core.NativeDB.prepare(NativeDB.java:132)
	at org.sqlite.core.DB.prepare(DB.java:264)
	at org.sqlite.core.CorePreparedStatement.<init>(CorePreparedStatement.java:46)
	at org.sqlite.jdbc3.JDBC3PreparedStatement.<init>(JDBC3PreparedStatement.java:32)
	at org.sqlite.jdbc4.JDBC4PreparedStatement.<init>(JDBC4PreparedStatement.java:25)
	at org.sqlite.jdbc4.JDBC4Connection.prepareStatement(JDBC4Connection.java:34)
	at org.sqlite.jdbc3.JDBC3Connection.prepareStatement(JDBC3Connection.java:225)
	at org.sqlite.jdbc3.JDBC3Connection.prepareStatement(JDBC3Connection.java:205)
	at org.l2jmobius.gameserver.model.residences.ClanHallAuction.loadBidder(ClanHallAuction.java:60)
	at org.l2jmobius.gameserver.model.residences.ClanHallAuction.<init>(ClanHallAuction.java:54)
	at org.l2jmobius.gameserver.instancemanager.ClanHallAuctionManager.lambda$onStart$0(ClanHallAuctionManager.java:89)
	at java.base/java.util.ArrayList.forEach(ArrayList.java:1597)
	at org.l2jmobius.gameserver.instancemanager.ClanHallAuctionManager.onStart(ClanHallAuctionManager.java:89)
	at org.l2jmobius.gameserver.instancemanager.ClanHallAuctionManager.<init>(ClanHallAuctionManager.java:64)
	at org.l2jmobius.gameserver.instancemanager.ClanHallAuctionManager$SingletonHolder.<clinit>(ClanHallAuctionManager.java:140)
	at org.l2jmobius.gameserver.instancemanager.ClanHallAuctionManager.getInstance(ClanHallAuctionManager.java:135)
	at org.l2jmobius.gameserver.GameServer.<init>(GameServer.java:305)
	at org.l2jmobius.gameserver.GameServer.main(GameServer.java:479)

Jul 09, 2026 2:12:03 PM org.l2jmobius.gameserver.model.residences.ClanHallAuction loadBidder
WARNING: Failed loading clan hall auctions bidder for clan hall 58.
org.sqlite.SQLiteException: [SQLITE_ERROR] SQL error or missing database (no such table: clanhall_auctions_bidders)
	at org.sqlite.core.DB.newSQLException(DB.java:1179)
	at org.sqlite.core.DB.newSQLException(DB.java:1190)
	at org.sqlite.core.DB.throwex(DB.java:1150)
	at org.sqlite.core.NativeDB.prepare_utf8(Native Method)
	at org.sqlite.core.NativeDB.prepare(NativeDB.java:132)
	at org.sqlite.core.DB.prepare(DB.java:264)
	at org.sqlite.core.CorePreparedStatement.<init>(CorePreparedStatement.java:46)
	at org.sqlite.jdbc3.JDBC3PreparedStatement.<init>(JDBC3PreparedStatement.java:32)
	at org.sqlite.jdbc4.JDBC4PreparedStatement.<init>(JDBC4PreparedStatement.java:25)
	at org.sqlite.jdbc4.JDBC4Connection.prepareStatement(JDBC4Connection.java:34)
	at org.sqlite.jdbc3.JDBC3Connection.prepareStatement(JDBC3Connection.java:225)
	at org.sqlite.jdbc3.JDBC3Connection.prepareStatement(JDBC3Connection.java:205)
	at org.l2jmobius.gameserver.model.residences.ClanHallAuction.loadBidder(ClanHallAuction.java:60)
	at org.l2jmobius.gameserver.model.residences.ClanHallAuction.<init>(ClanHallAuction.java:54)
	at org.l2jmobius.gameserver.instancemanager.ClanHallAuctionManager.lambda$onStart$0(ClanHallAuctionManager.java:89)
	at java.base/java.util.ArrayList.forEach(ArrayList.java:1597)
	at org.l2jmobius.gameserver.instancemanager.ClanHallAuctionManager.onStart(ClanHallAuctionManager.java:89)
	at org.l2jmobius.gameserver.instancemanager.ClanHallAuctionManager.<init>(ClanHallAuctionManager.java:64)
	at org.l2jmobius.gameserver.instancemanager.ClanHallAuctionManager$SingletonHolder.<clinit>(ClanHallAuctionManager.java:140)
	at org.l2jmobius.gameserver.instancemanager.ClanHallAuctionManager.getInstance(ClanHallAuctionManager.java:135)
	at org.l2jmobius.gameserver.GameServer.<init>(GameServer.java:305)
	at org.l2jmobius.gameserver.GameServer.main(GameServer.java:479)

Jul 09, 2026 2:12:03 PM org.l2jmobius.gameserver.model.residences.ClanHallAuction loadBidder
WARNING: Failed loading clan hall auctions bidder for clan hall 59.
org.sqlite.SQLiteException: [SQLITE_ERROR] SQL error or missing database (no such table: clanhall_auctions_bidders)
	at org.sqlite.core.DB.newSQLException(DB.java:1179)
	at org.sqlite.core.DB.newSQLException(DB.java:1190)
	at org.sqlite.core.DB.throwex(DB.java:1150)
	at org.sqlite.core.NativeDB.prepare_utf8(Native Method)
	at org.sqlite.core.NativeDB.prepare(NativeDB.java:132)
	at org.sqlite.core.DB.prepare(DB.java:264)
	at org.sqlite.core.CorePreparedStatement.<init>(CorePreparedStatement.java:46)
	at org.sqlite.jdbc3.JDBC3PreparedStatement.<init>(JDBC3PreparedStatement.java:32)
	at org.sqlite.jdbc4.JDBC4PreparedStatement.<init>(JDBC4PreparedStatement.java:25)
	at org.sqlite.jdbc4.JDBC4Connection.prepareStatement(JDBC4Connection.java:34)
	at org.sqlite.jdbc3.JDBC3Connection.prepareStatement(JDBC3Connection.java:225)
	at org.sqlite.jdbc3.JDBC3Connection.prepareStatement(JDBC3Connection.java:205)
	at org.l2jmobius.gameserver.model.residences.ClanHallAuction.loadBidder(ClanHallAuction.java:60)
	at org.l2jmobius.gameserver.model.residences.ClanHallAuction.<init>(ClanHallAuction.java:54)
	at org.l2jmobius.gameserver.instancemanager.ClanHallAuctionManager.lambda$onStart$0(ClanHallAuctionManager.java:89)
	at java.base/java.util.ArrayList.forEach(ArrayList.java:1597)
	at org.l2jmobius.gameserver.instancemanager.ClanHallAuctionManager.onStart(ClanHallAuctionManager.java:89)
	at org.l2jmobius.gameserver.instancemanager.ClanHallAuctionManager.<init>(ClanHallAuctionManager.java:64)
	at org.l2jmobius.gameserver.instancemanager.ClanHallAuctionManager$SingletonHolder.<clinit>(ClanHallAuctionManager.java:140)
	at org.l2jmobius.gameserver.instancemanager.ClanHallAuctionManager.getInstance(ClanHallAuctionManager.java:135)
	at org.l2jmobius.gameserver.GameServer.<init>(GameServer.java:305)
	at org.l2jmobius.gameserver.GameServer.main(GameServer.java:479)

Jul 09, 2026 2:12:03 PM org.l2jmobius.gameserver.model.residences.ClanHallAuction loadBidder
WARNING: Failed loading clan hall auctions bidder for clan hall 60.
org.sqlite.SQLiteException: [SQLITE_ERROR] SQL error or missing database (no such table: clanhall_auctions_bidders)
	at org.sqlite.core.DB.newSQLException(DB.java:1179)
	at org.sqlite.core.DB.newSQLException(DB.java:1190)
	at org.sqlite.core.DB.throwex(DB.java:1150)
	at org.sqlite.core.NativeDB.prepare_utf8(Native Method)
	at org.sqlite.core.NativeDB.prepare(NativeDB.java:132)
	at org.sqlite.core.DB.prepare(DB.java:264)
	at org.sqlite.core.CorePreparedStatement.<init>(CorePreparedStatement.java:46)
	at org.sqlite.jdbc3.JDBC3PreparedStatement.<init>(JDBC3PreparedStatement.java:32)
	at org.sqlite.jdbc4.JDBC4PreparedStatement.<init>(JDBC4PreparedStatement.java:25)
	at org.sqlite.jdbc4.JDBC4Connection.prepareStatement(JDBC4Connection.java:34)
	at org.sqlite.jdbc3.JDBC3Connection.prepareStatement(JDBC3Connection.java:225)
	at org.sqlite.jdbc3.JDBC3Connection.prepareStatement(JDBC3Connection.java:205)
	at org.l2jmobius.gameserver.model.residences.ClanHallAuction.loadBidder(ClanHallAuction.java:60)
	at org.l2jmobius.gameserver.model.residences.ClanHallAuction.<init>(ClanHallAuction.java:54)
	at org.l2jmobius.gameserver.instancemanager.ClanHallAuctionManager.lambda$onStart$0(ClanHallAuctionManager.java:89)
	at java.base/java.util.ArrayList.forEach(ArrayList.java:1597)
	at org.l2jmobius.gameserver.instancemanager.ClanHallAuctionManager.onStart(ClanHallAuctionManager.java:89)
	at org.l2jmobius.gameserver.instancemanager.ClanHallAuctionManager.<init>(ClanHallAuctionManager.java:64)
	at org.l2jmobius.gameserver.instancemanager.ClanHallAuctionManager$SingletonHolder.<clinit>(ClanHallAuctionManager.java:140)
	at org.l2jmobius.gameserver.instancemanager.ClanHallAuctionManager.getInstance(ClanHallAuctionManager.java:135)
	at org.l2jmobius.gameserver.GameServer.<init>(GameServer.java:305)
	at org.l2jmobius.gameserver.GameServer.main(GameServer.java:479)

Jul 09, 2026 2:12:03 PM org.l2jmobius.gameserver.model.residences.ClanHallAuction loadBidder
WARNING: Failed loading clan hall auctions bidder for clan hall 61.
org.sqlite.SQLiteException: [SQLITE_ERROR] SQL error or missing database (no such table: clanhall_auctions_bidders)
	at org.sqlite.core.DB.newSQLException(DB.java:1179)
	at org.sqlite.core.DB.newSQLException(DB.java:1190)
	at org.sqlite.core.DB.throwex(DB.java:1150)
	at org.sqlite.core.NativeDB.prepare_utf8(Native Method)
	at org.sqlite.core.NativeDB.prepare(NativeDB.java:132)
	at org.sqlite.core.DB.prepare(DB.java:264)
	at org.sqlite.core.CorePreparedStatement.<init>(CorePreparedStatement.java:46)
	at org.sqlite.jdbc3.JDBC3PreparedStatement.<init>(JDBC3PreparedStatement.java:32)
	at org.sqlite.jdbc4.JDBC4PreparedStatement.<init>(JDBC4PreparedStatement.java:25)
	at org.sqlite.jdbc4.JDBC4Connection.prepareStatement(JDBC4Connection.java:34)
	at org.sqlite.jdbc3.JDBC3Connection.prepareStatement(JDBC3Connection.java:225)
	at org.sqlite.jdbc3.JDBC3Connection.prepareStatement(JDBC3Connection.java:205)
	at org.l2jmobius.gameserver.model.residences.ClanHallAuction.loadBidder(ClanHallAuction.java:60)
	at org.l2jmobius.gameserver.model.residences.ClanHallAuction.<init>(ClanHallAuction.java:54)
	at org.l2jmobius.gameserver.instancemanager.ClanHallAuctionManager.lambda$onStart$0(ClanHallAuctionManager.java:89)
	at java.base/java.util.ArrayList.forEach(ArrayList.java:1597)
	at org.l2jmobius.gameserver.instancemanager.ClanHallAuctionManager.onStart(ClanHallAuctionManager.java:89)
	at org.l2jmobius.gameserver.instancemanager.ClanHallAuctionManager.<init>(ClanHallAuctionManager.java:64)
	at org.l2jmobius.gameserver.instancemanager.ClanHallAuctionManager$SingletonHolder.<clinit>(ClanHallAuctionManager.java:140)
	at org.l2jmobius.gameserver.instancemanager.ClanHallAuctionManager.getInstance(ClanHallAuctionManager.java:135)
	at org.l2jmobius.gameserver.GameServer.<init>(GameServer.java:305)
	at org.l2jmobius.gameserver.GameServer.main(GameServer.java:479)

Jul 09, 2026 2:12:03 PM org.l2jmobius.gameserver.model.residences.ClanHallAuction loadBidder
WARNING: Failed loading clan hall auctions bidder for clan hall 65.
org.sqlite.SQLiteException: [SQLITE_ERROR] SQL error or missing database (no such table: clanhall_auctions_bidders)
	at org.sqlite.core.DB.newSQLException(DB.java:1179)
	at org.sqlite.core.DB.newSQLException(DB.java:1190)
	at org.sqlite.core.DB.throwex(DB.java:1150)
	at org.sqlite.core.NativeDB.prepare_utf8(Native Method)
	at org.sqlite.core.NativeDB.prepare(NativeDB.java:132)
	at org.sqlite.core.DB.prepare(DB.java:264)
	at org.sqlite.core.CorePreparedStatement.<init>(CorePreparedStatement.java:46)
	at org.sqlite.jdbc3.JDBC3PreparedStatement.<init>(JDBC3PreparedStatement.java:32)
	at org.sqlite.jdbc4.JDBC4PreparedStatement.<init>(JDBC4PreparedStatement.java:25)
	at org.sqlite.jdbc4.JDBC4Connection.prepareStatement(JDBC4Connection.java:34)
	at org.sqlite.jdbc3.JDBC3Connection.prepareStatement(JDBC3Connection.java:225)
	at org.sqlite.jdbc3.JDBC3Connection.prepareStatement(JDBC3Connection.java:205)
	at org.l2jmobius.gameserver.model.residences.ClanHallAuction.loadBidder(ClanHallAuction.java:60)
	at org.l2jmobius.gameserver.model.residences.ClanHallAuction.<init>(ClanHallAuction.java:54)
	at org.l2jmobius.gameserver.instancemanager.ClanHallAuctionManager.lambda$onStart$0(ClanHallAuctionManager.java:89)
	at java.base/java.util.ArrayList.forEach(ArrayList.java:1597)
	at org.l2jmobius.gameserver.instancemanager.ClanHallAuctionManager.onStart(ClanHallAuctionManager.java:89)
	at org.l2jmobius.gameserver.instancemanager.ClanHallAuctionManager.<init>(ClanHallAuctionManager.java:64)
	at org.l2jmobius.gameserver.instancemanager.ClanHallAuctionManager$SingletonHolder.<clinit>(ClanHallAuctionManager.java:140)
	at org.l2jmobius.gameserver.instancemanager.ClanHallAuctionManager.getInstance(ClanHallAuctionManager.java:135)
	at org.l2jmobius.gameserver.GameServer.<init>(GameServer.java:305)
	at org.l2jmobius.gameserver.GameServer.main(GameServer.java:479)

Jul 09, 2026 2:12:03 PM org.l2jmobius.gameserver.model.residences.ClanHallAuction loadBidder
WARNING: Failed loading clan hall auctions bidder for clan hall 66.
org.sqlite.SQLiteException: [SQLITE_ERROR] SQL error or missing database (no such table: clanhall_auctions_bidders)
	at org.sqlite.core.DB.newSQLException(DB.java:1179)
	at org.sqlite.core.DB.newSQLException(DB.java:1190)
	at org.sqlite.core.DB.throwex(DB.java:1150)
	at org.sqlite.core.NativeDB.prepare_utf8(Native Method)
	at org.sqlite.core.NativeDB.prepare(NativeDB.java:132)
	at org.sqlite.core.DB.prepare(DB.java:264)
	at org.sqlite.core.CorePreparedStatement.<init>(CorePreparedStatement.java:46)
	at org.sqlite.jdbc3.JDBC3PreparedStatement.<init>(JDBC3PreparedStatement.java:32)
	at org.sqlite.jdbc4.JDBC4PreparedStatement.<init>(JDBC4PreparedStatement.java:25)
	at org.sqlite.jdbc4.JDBC4Connection.prepareStatement(JDBC4Connection.java:34)
	at org.sqlite.jdbc3.JDBC3Connection.prepareStatement(JDBC3Connection.java:225)
	at org.sqlite.jdbc3.JDBC3Connection.prepareStatement(JDBC3Connection.java:205)
	at org.l2jmobius.gameserver.model.residences.ClanHallAuction.loadBidder(ClanHallAuction.java:60)
	at org.l2jmobius.gameserver.model.residences.ClanHallAuction.<init>(ClanHallAuction.java:54)
	at org.l2jmobius.gameserver.instancemanager.ClanHallAuctionManager.lambda$onStart$0(ClanHallAuctionManager.java:89)
	at java.base/java.util.ArrayList.forEach(ArrayList.java:1597)
	at org.l2jmobius.gameserver.instancemanager.ClanHallAuctionManager.onStart(ClanHallAuctionManager.java:89)
	at org.l2jmobius.gameserver.instancemanager.ClanHallAuctionManager.<init>(ClanHallAuctionManager.java:64)
	at org.l2jmobius.gameserver.instancemanager.ClanHallAuctionManager$SingletonHolder.<clinit>(ClanHallAuctionManager.java:140)
	at org.l2jmobius.gameserver.instancemanager.ClanHallAuctionManager.getInstance(ClanHallAuctionManager.java:135)
	at org.l2jmobius.gameserver.GameServer.<init>(GameServer.java:305)
	at org.l2jmobius.gameserver.GameServer.main(GameServer.java:479)

Jul 09, 2026 2:12:03 PM org.l2jmobius.gameserver.model.residences.ClanHallAuction loadBidder
WARNING: Failed loading clan hall auctions bidder for clan hall 67.
org.sqlite.SQLiteException: [SQLITE_ERROR] SQL error or missing database (no such table: clanhall_auctions_bidders)
	at org.sqlite.core.DB.newSQLException(DB.java:1179)
	at org.sqlite.core.DB.newSQLException(DB.java:1190)
	at org.sqlite.core.DB.throwex(DB.java:1150)
	at org.sqlite.core.NativeDB.prepare_utf8(Native Method)
	at org.sqlite.core.NativeDB.prepare(NativeDB.java:132)
	at org.sqlite.core.DB.prepare(DB.java:264)
	at org.sqlite.core.CorePreparedStatement.<init>(CorePreparedStatement.java:46)
	at org.sqlite.jdbc3.JDBC3PreparedStatement.<init>(JDBC3PreparedStatement.java:32)
	at org.sqlite.jdbc4.JDBC4PreparedStatement.<init>(JDBC4PreparedStatement.java:25)
	at org.sqlite.jdbc4.JDBC4Connection.prepareStatement(JDBC4Connection.java:34)
	at org.sqlite.jdbc3.JDBC3Connection.prepareStatement(JDBC3Connection.java:225)
	at org.sqlite.jdbc3.JDBC3Connection.prepareStatement(JDBC3Connection.java:205)
	at org.l2jmobius.gameserver.model.residences.ClanHallAuction.loadBidder(ClanHallAuction.java:60)
	at org.l2jmobius.gameserver.model.residences.ClanHallAuction.<init>(ClanHallAuction.java:54)
	at org.l2jmobius.gameserver.instancemanager.ClanHallAuctionManager.lambda$onStart$0(ClanHallAuctionManager.java:89)
	at java.base/java.util.ArrayList.forEach(ArrayList.java:1597)
	at org.l2jmobius.gameserver.instancemanager.ClanHallAuctionManager.onStart(ClanHallAuctionManager.java:89)
	at org.l2jmobius.gameserver.instancemanager.ClanHallAuctionManager.<init>(ClanHallAuctionManager.java:64)
	at org.l2jmobius.gameserver.instancemanager.ClanHallAuctionManager$SingletonHolder.<clinit>(ClanHallAuctionManager.java:140)
	at org.l2jmobius.gameserver.instancemanager.ClanHallAuctionManager.getInstance(ClanHallAuctionManager.java:135)
	at org.l2jmobius.gameserver.GameServer.<init>(GameServer.java:305)
	at org.l2jmobius.gameserver.GameServer.main(GameServer.java:479)

Jul 09, 2026 2:12:03 PM org.l2jmobius.gameserver.model.residences.ClanHallAuction loadBidder
WARNING: Failed loading clan hall auctions bidder for clan hall 68.
org.sqlite.SQLiteException: [SQLITE_ERROR] SQL error or missing database (no such table: clanhall_auctions_bidders)
	at org.sqlite.core.DB.newSQLException(DB.java:1179)
	at org.sqlite.core.DB.newSQLException(DB.java:1190)
	at org.sqlite.core.DB.throwex(DB.java:1150)
	at org.sqlite.core.NativeDB.prepare_utf8(Native Method)
	at org.sqlite.core.NativeDB.prepare(NativeDB.java:132)
	at org.sqlite.core.DB.prepare(DB.java:264)
	at org.sqlite.core.CorePreparedStatement.<init>(CorePreparedStatement.java:46)
	at org.sqlite.jdbc3.JDBC3PreparedStatement.<init>(JDBC3PreparedStatement.java:32)
	at org.sqlite.jdbc4.JDBC4PreparedStatement.<init>(JDBC4PreparedStatement.java:25)
	at org.sqlite.jdbc4.JDBC4Connection.prepareStatement(JDBC4Connection.java:34)
	at org.sqlite.jdbc3.JDBC3Connection.prepareStatement(JDBC3Connection.java:225)
	at org.sqlite.jdbc3.JDBC3Connection.prepareStatement(JDBC3Connection.java:205)
	at org.l2jmobius.gameserver.model.residences.ClanHallAuction.loadBidder(ClanHallAuction.java:60)
	at org.l2jmobius.gameserver.model.residences.ClanHallAuction.<init>(ClanHallAuction.java:54)
	at org.l2jmobius.gameserver.instancemanager.ClanHallAuctionManager.lambda$onStart$0(ClanHallAuctionManager.java:89)
	at java.base/java.util.ArrayList.forEach(ArrayList.java:1597)
	at org.l2jmobius.gameserver.instancemanager.ClanHallAuctionManager.onStart(ClanHallAuctionManager.java:89)
	at org.l2jmobius.gameserver.instancemanager.ClanHallAuctionManager.<init>(ClanHallAuctionManager.java:64)
	at org.l2jmobius.gameserver.instancemanager.ClanHallAuctionManager$SingletonHolder.<clinit>(ClanHallAuctionManager.java:140)
	at org.l2jmobius.gameserver.instancemanager.ClanHallAuctionManager.getInstance(ClanHallAuctionManager.java:135)
	at org.l2jmobius.gameserver.GameServer.<init>(GameServer.java:305)
	at org.l2jmobius.gameserver.GameServer.main(GameServer.java:479)

Jul 09, 2026 2:12:03 PM org.l2jmobius.gameserver.model.residences.ClanHallAuction loadBidder
WARNING: Failed loading clan hall auctions bidder for clan hall 69.
org.sqlite.SQLiteException: [SQLITE_ERROR] SQL error or missing database (no such table: clanhall_auctions_bidders)
	at org.sqlite.core.DB.newSQLException(DB.java:1179)
	at org.sqlite.core.DB.newSQLException(DB.java:1190)
	at org.sqlite.core.DB.throwex(DB.java:1150)
	at org.sqlite.core.NativeDB.prepare_utf8(Native Method)
	at org.sqlite.core.NativeDB.prepare(NativeDB.java:132)
	at org.sqlite.core.DB.prepare(DB.java:264)
	at org.sqlite.core.CorePreparedStatement.<init>(CorePreparedStatement.java:46)
	at org.sqlite.jdbc3.JDBC3PreparedStatement.<init>(JDBC3PreparedStatement.java:32)
	at org.sqlite.jdbc4.JDBC4PreparedStatement.<init>(JDBC4PreparedStatement.java:25)
	at org.sqlite.jdbc4.JDBC4Connection.prepareStatement(JDBC4Connection.java:34)
	at org.sqlite.jdbc3.JDBC3Connection.prepareStatement(JDBC3Connection.java:225)
	at org.sqlite.jdbc3.JDBC3Connection.prepareStatement(JDBC3Connection.java:205)
	at org.l2jmobius.gameserver.model.residences.ClanHallAuction.loadBidder(ClanHallAuction.java:60)
	at org.l2jmobius.gameserver.model.residences.ClanHallAuction.<init>(ClanHallAuction.java:54)
	at org.l2jmobius.gameserver.instancemanager.ClanHallAuctionManager.lambda$onStart$0(ClanHallAuctionManager.java:89)
	at java.base/java.util.ArrayList.forEach(ArrayList.java:1597)
	at org.l2jmobius.gameserver.instancemanager.ClanHallAuctionManager.onStart(ClanHallAuctionManager.java:89)
	at org.l2jmobius.gameserver.instancemanager.ClanHallAuctionManager.<init>(ClanHallAuctionManager.java:64)
	at org.l2jmobius.gameserver.instancemanager.ClanHallAuctionManager$SingletonHolder.<clinit>(ClanHallAuctionManager.java:140)
	at org.l2jmobius.gameserver.instancemanager.ClanHallAuctionManager.getInstance(ClanHallAuctionManager.java:135)
	at org.l2jmobius.gameserver.GameServer.<init>(GameServer.java:305)
	at org.l2jmobius.gameserver.GameServer.main(GameServer.java:479)

Jul 09, 2026 2:12:03 PM org.l2jmobius.gameserver.model.residences.ClanHallAuction loadBidder
WARNING: Failed loading clan hall auctions bidder for clan hall 70.
org.sqlite.SQLiteException: [SQLITE_ERROR] SQL error or missing database (no such table: clanhall_auctions_bidders)
	at org.sqlite.core.DB.newSQLException(DB.java:1179)
	at org.sqlite.core.DB.newSQLException(DB.java:1190)
	at org.sqlite.core.DB.throwex(DB.java:1150)
	at org.sqlite.core.NativeDB.prepare_utf8(Native Method)
	at org.sqlite.core.NativeDB.prepare(NativeDB.java:132)
	at org.sqlite.core.DB.prepare(DB.java:264)
	at org.sqlite.core.CorePreparedStatement.<init>(CorePreparedStatement.java:46)
	at org.sqlite.jdbc3.JDBC3PreparedStatement.<init>(JDBC3PreparedStatement.java:32)
	at org.sqlite.jdbc4.JDBC4PreparedStatement.<init>(JDBC4PreparedStatement.java:25)
	at org.sqlite.jdbc4.JDBC4Connection.prepareStatement(JDBC4Connection.java:34)
	at org.sqlite.jdbc3.JDBC3Connection.prepareStatement(JDBC3Connection.java:225)
	at org.sqlite.jdbc3.JDBC3Connection.prepareStatement(JDBC3Connection.java:205)
	at org.l2jmobius.gameserver.model.residences.ClanHallAuction.loadBidder(ClanHallAuction.java:60)
	at org.l2jmobius.gameserver.model.residences.ClanHallAuction.<init>(ClanHallAuction.java:54)
	at org.l2jmobius.gameserver.instancemanager.ClanHallAuctionManager.lambda$onStart$0(ClanHallAuctionManager.java:89)
	at java.base/java.util.ArrayList.forEach(ArrayList.java:1597)
	at org.l2jmobius.gameserver.instancemanager.ClanHallAuctionManager.onStart(ClanHallAuctionManager.java:89)
	at org.l2jmobius.gameserver.instancemanager.ClanHallAuctionManager.<init>(ClanHallAuctionManager.java:64)
	at org.l2jmobius.gameserver.instancemanager.ClanHallAuctionManager$SingletonHolder.<clinit>(ClanHallAuctionManager.java:140)
	at org.l2jmobius.gameserver.instancemanager.ClanHallAuctionManager.getInstance(ClanHallAuctionManager.java:135)
	at org.l2jmobius.gameserver.GameServer.<init>(GameServer.java:305)
	at org.l2jmobius.gameserver.GameServer.main(GameServer.java:479)

Jul 09, 2026 2:12:03 PM org.l2jmobius.gameserver.model.residences.ClanHallAuction loadBidder
WARNING: Failed loading clan hall auctions bidder for clan hall 71.
org.sqlite.SQLiteException: [SQLITE_ERROR] SQL error or missing database (no such table: clanhall_auctions_bidders)
	at org.sqlite.core.DB.newSQLException(DB.java:1179)
	at org.sqlite.core.DB.newSQLException(DB.java:1190)
	at org.sqlite.core.DB.throwex(DB.java:1150)
	at org.sqlite.core.NativeDB.prepare_utf8(Native Method)
	at org.sqlite.core.NativeDB.prepare(NativeDB.java:132)
	at org.sqlite.core.DB.prepare(DB.java:264)
	at org.sqlite.core.CorePreparedStatement.<init>(CorePreparedStatement.java:46)
	at org.sqlite.jdbc3.JDBC3PreparedStatement.<init>(JDBC3PreparedStatement.java:32)
	at org.sqlite.jdbc4.JDBC4PreparedStatement.<init>(JDBC4PreparedStatement.java:25)
	at org.sqlite.jdbc4.JDBC4Connection.prepareStatement(JDBC4Connection.java:34)
	at org.sqlite.jdbc3.JDBC3Connection.prepareStatement(JDBC3Connection.java:225)
	at org.sqlite.jdbc3.JDBC3Connection.prepareStatement(JDBC3Connection.java:205)
	at org.l2jmobius.gameserver.model.residences.ClanHallAuction.loadBidder(ClanHallAuction.java:60)
	at org.l2jmobius.gameserver.model.residences.ClanHallAuction.<init>(ClanHallAuction.java:54)
	at org.l2jmobius.gameserver.instancemanager.ClanHallAuctionManager.lambda$onStart$0(ClanHallAuctionManager.java:89)
	at java.base/java.util.ArrayList.forEach(ArrayList.java:1597)
	at org.l2jmobius.gameserver.instancemanager.ClanHallAuctionManager.onStart(ClanHallAuctionManager.java:89)
	at org.l2jmobius.gameserver.instancemanager.ClanHallAuctionManager.<init>(ClanHallAuctionManager.java:64)
	at org.l2jmobius.gameserver.instancemanager.ClanHallAuctionManager$SingletonHolder.<clinit>(ClanHallAuctionManager.java:140)
	at org.l2jmobius.gameserver.instancemanager.ClanHallAuctionManager.getInstance(ClanHallAuctionManager.java:135)
	at org.l2jmobius.gameserver.GameServer.<init>(GameServer.java:305)
	at org.l2jmobius.gameserver.GameServer.main(GameServer.java:479)

Jul 09, 2026 2:12:03 PM org.l2jmobius.gameserver.model.residences.ClanHallAuction loadBidder
WARNING: Failed loading clan hall auctions bidder for clan hall 72.
org.sqlite.SQLiteException: [SQLITE_ERROR] SQL error or missing database (no such table: clanhall_auctions_bidders)
	at org.sqlite.core.DB.newSQLException(DB.java:1179)
	at org.sqlite.core.DB.newSQLException(DB.java:1190)
	at org.sqlite.core.DB.throwex(DB.java:1150)
	at org.sqlite.core.NativeDB.prepare_utf8(Native Method)
	at org.sqlite.core.NativeDB.prepare(NativeDB.java:132)
	at org.sqlite.core.DB.prepare(DB.java:264)
	at org.sqlite.core.CorePreparedStatement.<init>(CorePreparedStatement.java:46)
	at org.sqlite.jdbc3.JDBC3PreparedStatement.<init>(JDBC3PreparedStatement.java:32)
	at org.sqlite.jdbc4.JDBC4PreparedStatement.<init>(JDBC4PreparedStatement.java:25)
	at org.sqlite.jdbc4.JDBC4Connection.prepareStatement(JDBC4Connection.java:34)
	at org.sqlite.jdbc3.JDBC3Connection.prepareStatement(JDBC3Connection.java:225)
	at org.sqlite.jdbc3.JDBC3Connection.prepareStatement(JDBC3Connection.java:205)
	at org.l2jmobius.gameserver.model.residences.ClanHallAuction.loadBidder(ClanHallAuction.java:60)
	at org.l2jmobius.gameserver.model.residences.ClanHallAuction.<init>(ClanHallAuction.java:54)
	at org.l2jmobius.gameserver.instancemanager.ClanHallAuctionManager.lambda$onStart$0(ClanHallAuctionManager.java:89)
	at java.base/java.util.ArrayList.forEach(ArrayList.java:1597)
	at org.l2jmobius.gameserver.instancemanager.ClanHallAuctionManager.onStart(ClanHallAuctionManager.java:89)
	at org.l2jmobius.gameserver.instancemanager.ClanHallAuctionManager.<init>(ClanHallAuctionManager.java:64)
	at org.l2jmobius.gameserver.instancemanager.ClanHallAuctionManager$SingletonHolder.<clinit>(ClanHallAuctionManager.java:140)
	at org.l2jmobius.gameserver.instancemanager.ClanHallAuctionManager.getInstance(ClanHallAuctionManager.java:135)
	at org.l2jmobius.gameserver.GameServer.<init>(GameServer.java:305)
	at org.l2jmobius.gameserver.GameServer.main(GameServer.java:479)

Jul 09, 2026 2:12:03 PM org.l2jmobius.gameserver.model.residences.ClanHallAuction loadBidder
WARNING: Failed loading clan hall auctions bidder for clan hall 73.
org.sqlite.SQLiteException: [SQLITE_ERROR] SQL error or missing database (no such table: clanhall_auctions_bidders)
	at org.sqlite.core.DB.newSQLException(DB.java:1179)
	at org.sqlite.core.DB.newSQLException(DB.java:1190)
	at org.sqlite.core.DB.throwex(DB.java:1150)
	at org.sqlite.core.NativeDB.prepare_utf8(Native Method)
	at org.sqlite.core.NativeDB.prepare(NativeDB.java:132)
	at org.sqlite.core.DB.prepare(DB.java:264)
	at org.sqlite.core.CorePreparedStatement.<init>(CorePreparedStatement.java:46)
	at org.sqlite.jdbc3.JDBC3PreparedStatement.<init>(JDBC3PreparedStatement.java:32)
	at org.sqlite.jdbc4.JDBC4PreparedStatement.<init>(JDBC4PreparedStatement.java:25)
	at org.sqlite.jdbc4.JDBC4Connection.prepareStatement(JDBC4Connection.java:34)
	at org.sqlite.jdbc3.JDBC3Connection.prepareStatement(JDBC3Connection.java:225)
	at org.sqlite.jdbc3.JDBC3Connection.prepareStatement(JDBC3Connection.java:205)
	at org.l2jmobius.gameserver.model.residences.ClanHallAuction.loadBidder(ClanHallAuction.java:60)
	at org.l2jmobius.gameserver.model.residences.ClanHallAuction.<init>(ClanHallAuction.java:54)
	at org.l2jmobius.gameserver.instancemanager.ClanHallAuctionManager.lambda$onStart$0(ClanHallAuctionManager.java:89)
	at java.base/java.util.ArrayList.forEach(ArrayList.java:1597)
	at org.l2jmobius.gameserver.instancemanager.ClanHallAuctionManager.onStart(ClanHallAuctionManager.java:89)
	at org.l2jmobius.gameserver.instancemanager.ClanHallAuctionManager.<init>(ClanHallAuctionManager.java:64)
	at org.l2jmobius.gameserver.instancemanager.ClanHallAuctionManager$SingletonHolder.<clinit>(ClanHallAuctionManager.java:140)
	at org.l2jmobius.gameserver.instancemanager.ClanHallAuctionManager.getInstance(ClanHallAuctionManager.java:135)
	at org.l2jmobius.gameserver.GameServer.<init>(GameServer.java:305)
	at org.l2jmobius.gameserver.GameServer.main(GameServer.java:479)

Jul 09, 2026 2:12:03 PM org.l2jmobius.gameserver.model.residences.ClanHallAuction loadBidder
WARNING: Failed loading clan hall auctions bidder for clan hall 74.
org.sqlite.SQLiteException: [SQLITE_ERROR] SQL error or missing database (no such table: clanhall_auctions_bidders)
	at org.sqlite.core.DB.newSQLException(DB.java:1179)
	at org.sqlite.core.DB.newSQLException(DB.java:1190)
	at org.sqlite.core.DB.throwex(DB.java:1150)
	at org.sqlite.core.NativeDB.prepare_utf8(Native Method)
	at org.sqlite.core.NativeDB.prepare(NativeDB.java:132)
	at org.sqlite.core.DB.prepare(DB.java:264)
	at org.sqlite.core.CorePreparedStatement.<init>(CorePreparedStatement.java:46)
	at org.sqlite.jdbc3.JDBC3PreparedStatement.<init>(JDBC3PreparedStatement.java:32)
	at org.sqlite.jdbc4.JDBC4PreparedStatement.<init>(JDBC4PreparedStatement.java:25)
	at org.sqlite.jdbc4.JDBC4Connection.prepareStatement(JDBC4Connection.java:34)
	at org.sqlite.jdbc3.JDBC3Connection.prepareStatement(JDBC3Connection.java:225)
	at org.sqlite.jdbc3.JDBC3Connection.prepareStatement(JDBC3Connection.java:205)
	at org.l2jmobius.gameserver.model.residences.ClanHallAuction.loadBidder(ClanHallAuction.java:60)
	at org.l2jmobius.gameserver.model.residences.ClanHallAuction.<init>(ClanHallAuction.java:54)
	at org.l2jmobius.gameserver.instancemanager.ClanHallAuctionManager.lambda$onStart$0(ClanHallAuctionManager.java:89)
	at java.base/java.util.ArrayList.forEach(ArrayList.java:1597)
	at org.l2jmobius.gameserver.instancemanager.ClanHallAuctionManager.onStart(ClanHallAuctionManager.java:89)
	at org.l2jmobius.gameserver.instancemanager.ClanHallAuctionManager.<init>(ClanHallAuctionManager.java:64)
	at org.l2jmobius.gameserver.instancemanager.ClanHallAuctionManager$SingletonHolder.<clinit>(ClanHallAuctionManager.java:140)
	at org.l2jmobius.gameserver.instancemanager.ClanHallAuctionManager.getInstance(ClanHallAuctionManager.java:135)
	at org.l2jmobius.gameserver.GameServer.<init>(GameServer.java:305)
	at org.l2jmobius.gameserver.GameServer.main(GameServer.java:479)

Jul 09, 2026 2:12:03 PM org.l2jmobius.gameserver.instancemanager.ClanEntryManager load
WARNING: ClanEntryManager: Failed to load: 
org.sqlite.SQLiteException: [SQLITE_ERROR] SQL error or missing database (no such table: pledge_recruit)
	at org.sqlite.core.DB.newSQLException(DB.java:1179)
	at org.sqlite.core.DB.newSQLException(DB.java:1190)
	at org.sqlite.core.DB.throwex(DB.java:1150)
	at org.sqlite.core.NativeDB.prepare_utf8(Native Method)
	at org.sqlite.core.NativeDB.prepare(NativeDB.java:132)
	at org.sqlite.core.DB.prepare(DB.java:264)
	at org.sqlite.jdbc3.JDBC3Statement.lambda$executeQuery$1(JDBC3Statement.java:86)
	at org.sqlite.jdbc3.JDBC3Statement.withConnectionTimeout(JDBC3Statement.java:454)
	at org.sqlite.jdbc3.JDBC3Statement.executeQuery(JDBC3Statement.java:84)
	at org.l2jmobius.gameserver.instancemanager.ClanEntryManager.load(ClanEntryManager.java:98)
	at org.l2jmobius.gameserver.instancemanager.ClanEntryManager.<init>(ClanEntryManager.java:91)
	at org.l2jmobius.gameserver.instancemanager.ClanEntryManager$SingletonHolder.<clinit>(ClanEntryManager.java:459)
	at org.l2jmobius.gameserver.instancemanager.ClanEntryManager.getInstance(ClanEntryManager.java:454)
	at org.l2jmobius.gameserver.GameServer.<init>(GameServer.java:306)
	at org.l2jmobius.gameserver.GameServer.main(GameServer.java:479)

Jul 09, 2026 2:12:03 PM org.l2jmobius.gameserver.instancemanager.ClanEntryManager load
WARNING: ClanEntryManager: Failed to load: 
org.sqlite.SQLiteException: [SQLITE_ERROR] SQL error or missing database (no such table: pledge_waiting_list)
	at org.sqlite.core.DB.newSQLException(DB.java:1179)
	at org.sqlite.core.DB.newSQLException(DB.java:1190)
	at org.sqlite.core.DB.throwex(DB.java:1150)
	at org.sqlite.core.NativeDB.prepare_utf8(Native Method)
	at org.sqlite.core.NativeDB.prepare(NativeDB.java:132)
	at org.sqlite.core.DB.prepare(DB.java:264)
	at org.sqlite.jdbc3.JDBC3Statement.lambda$executeQuery$1(JDBC3Statement.java:86)
	at org.sqlite.jdbc3.JDBC3Statement.withConnectionTimeout(JDBC3Statement.java:454)
	at org.sqlite.jdbc3.JDBC3Statement.executeQuery(JDBC3Statement.java:84)
	at org.l2jmobius.gameserver.instancemanager.ClanEntryManager.load(ClanEntryManager.java:119)
	at org.l2jmobius.gameserver.instancemanager.ClanEntryManager.<init>(ClanEntryManager.java:91)
	at org.l2jmobius.gameserver.instancemanager.ClanEntryManager$SingletonHolder.<clinit>(ClanEntryManager.java:459)
	at org.l2jmobius.gameserver.instancemanager.ClanEntryManager.getInstance(ClanEntryManager.java:454)
	at org.l2jmobius.gameserver.GameServer.<init>(GameServer.java:306)
	at org.l2jmobius.gameserver.GameServer.main(GameServer.java:479)

Jul 09, 2026 2:12:03 PM org.l2jmobius.gameserver.instancemanager.ClanEntryManager load
WARNING: ClanEntryManager: Failed to load: 
org.sqlite.SQLiteException: [SQLITE_ERROR] SQL error or missing database (no such table: pledge_applicant)
	at org.sqlite.core.DB.newSQLException(DB.java:1179)
	at org.sqlite.core.DB.newSQLException(DB.java:1190)
	at org.sqlite.core.DB.throwex(DB.java:1150)
	at org.sqlite.core.NativeDB.prepare_utf8(Native Method)
	at org.sqlite.core.NativeDB.prepare(NativeDB.java:132)
	at org.sqlite.core.DB.prepare(DB.java:264)
	at org.sqlite.jdbc3.JDBC3Statement.lambda$executeQuery$1(JDBC3Statement.java:86)
	at org.sqlite.jdbc3.JDBC3Statement.withConnectionTimeout(JDBC3Statement.java:454)
	at org.sqlite.jdbc3.JDBC3Statement.executeQuery(JDBC3Statement.java:84)
	at org.l2jmobius.gameserver.instancemanager.ClanEntryManager.load(ClanEntryManager.java:135)
	at org.l2jmobius.gameserver.instancemanager.ClanEntryManager.<init>(ClanEntryManager.java:91)
	at org.l2jmobius.gameserver.instancemanager.ClanEntryManager$SingletonHolder.<clinit>(ClanEntryManager.java:459)
	at org.l2jmobius.gameserver.instancemanager.ClanEntryManager.getInstance(ClanEntryManager.java:454)
	at org.l2jmobius.gameserver.GameServer.<init>(GameServer.java:306)
	at org.l2jmobius.gameserver.GameServer.main(GameServer.java:479)

Jul 09, 2026 2:12:09 PM org.l2jmobius.commons.util.IXmlReader parseFile
WARNING: Could not parse file: StaticObjects.xml
java.lang.NullPointerException: Cannot invoke "java.util.concurrent.atomic.AtomicInteger.get()" because "this._nextFreeId" is null
	at org.l2jmobius.gameserver.instancemanager.IdManager.getNextId(IdManager.java:262)
	at org.l2jmobius.gameserver.model.actor.Creature.<init>(Creature.java:321)
	at org.l2jmobius.gameserver.model.actor.instance.StaticObject.<init>(StaticObject.java:69)
	at org.l2jmobius.gameserver.data.xml.StaticObjectData.addObject(StaticObjectData.java:91)
	at org.l2jmobius.gameserver.data.xml.StaticObjectData.parseDocument(StaticObjectData.java:78)
	at org.l2jmobius.commons.util.IXmlReader.parseFile(IXmlReader.java:102)
	at org.l2jmobius.commons.util.IXmlReader.parseDatapackFile(IXmlReader.java:76)
	at org.l2jmobius.gameserver.data.xml.StaticObjectData.load(StaticObjectData.java:56)
	at org.l2jmobius.gameserver.data.xml.StaticObjectData.<init>(StaticObjectData.java:49)
	at org.l2jmobius.gameserver.data.xml.StaticObjectData$SingletonHolder.<clinit>(StaticObjectData.java:119)
	at org.l2jmobius.gameserver.data.xml.StaticObjectData.getInstance(StaticObjectData.java:114)
	at org.l2jmobius.gameserver.GameServer.<init>(GameServer.java:317)
	at org.l2jmobius.gameserver.GameServer.main(GameServer.java:479)

Jul 09, 2026 2:12:09 PM org.l2jmobius.gameserver.instancemanager.ItemAuctionManager <init>
SEVERE: Failed loading auctions.
org.sqlite.SQLiteException: [SQLITE_ERROR] SQL error or missing database (no such table: item_auction)
	at org.sqlite.core.DB.newSQLException(DB.java:1179)
	at org.sqlite.core.DB.newSQLException(DB.java:1190)
	at org.sqlite.core.DB.throwex(DB.java:1150)
	at org.sqlite.core.NativeDB.prepare_utf8(Native Method)
	at org.sqlite.core.NativeDB.prepare(NativeDB.java:132)
	at org.sqlite.core.DB.prepare(DB.java:264)
	at org.sqlite.jdbc3.JDBC3Statement.lambda$executeQuery$1(JDBC3Statement.java:86)
	at org.sqlite.jdbc3.JDBC3Statement.withConnectionTimeout(JDBC3Statement.java:454)
	at org.sqlite.jdbc3.JDBC3Statement.executeQuery(JDBC3Statement.java:84)
	at org.l2jmobius.gameserver.instancemanager.ItemAuctionManager.<init>(ItemAuctionManager.java:60)
	at org.l2jmobius.gameserver.instancemanager.ItemAuctionManager$SingletonHolder.<clinit>(ItemAuctionManager.java:167)
	at org.l2jmobius.gameserver.instancemanager.ItemAuctionManager.getInstance(ItemAuctionManager.java:162)
	at org.l2jmobius.gameserver.GameServer.<init>(GameServer.java:318)
	at org.l2jmobius.gameserver.GameServer.main(GameServer.java:479)

Jul 09, 2026 2:12:09 PM org.l2jmobius.gameserver.instancemanager.CastleManager loadInstances
WARNING: CastleManager: Exception: loadCastleData():
org.sqlite.SQLiteException: [SQLITE_ERROR] SQL error or missing database (no such table: castle)
	at org.sqlite.core.DB.newSQLException(DB.java:1179)
	at org.sqlite.core.DB.newSQLException(DB.java:1190)
	at org.sqlite.core.DB.throwex(DB.java:1150)
	at org.sqlite.core.NativeDB.prepare_utf8(Native Method)
	at org.sqlite.core.NativeDB.prepare(NativeDB.java:132)
	at org.sqlite.core.DB.prepare(DB.java:264)
	at org.sqlite.jdbc3.JDBC3Statement.lambda$executeQuery$1(JDBC3Statement.java:86)
	at org.sqlite.jdbc3.JDBC3Statement.withConnectionTimeout(JDBC3Statement.java:454)
	at org.sqlite.jdbc3.JDBC3Statement.executeQuery(JDBC3Statement.java:84)
	at org.l2jmobius.gameserver.instancemanager.CastleManager.loadInstances(CastleManager.java:221)
	at org.l2jmobius.gameserver.GameServer.<init>(GameServer.java:319)
	at org.l2jmobius.gameserver.GameServer.main(GameServer.java:479)

Jul 09, 2026 2:12:09 PM org.l2jmobius.gameserver.instancemanager.GrandBossManager init
WARNING: GrandBossManager: Could not load grandboss_data table: [SQLITE_ERROR] SQL error or missing database (no such table: grandboss_data)
org.sqlite.SQLiteException: [SQLITE_ERROR] SQL error or missing database (no such table: grandboss_data)
	at org.sqlite.core.DB.newSQLException(DB.java:1179)
	at org.sqlite.core.DB.newSQLException(DB.java:1190)
	at org.sqlite.core.DB.throwex(DB.java:1150)
	at org.sqlite.core.NativeDB.prepare_utf8(Native Method)
	at org.sqlite.core.NativeDB.prepare(NativeDB.java:132)
	at org.sqlite.core.DB.prepare(DB.java:264)
	at org.sqlite.jdbc3.JDBC3Statement.lambda$executeQuery$1(JDBC3Statement.java:86)
	at org.sqlite.jdbc3.JDBC3Statement.withConnectionTimeout(JDBC3Statement.java:454)
	at org.sqlite.jdbc3.JDBC3Statement.executeQuery(JDBC3Statement.java:84)
	at org.l2jmobius.gameserver.instancemanager.GrandBossManager.init(GrandBossManager.java:67)
	at org.l2jmobius.gameserver.instancemanager.GrandBossManager.<init>(GrandBossManager.java:60)
	at org.l2jmobius.gameserver.instancemanager.GrandBossManager$SingletonHolder.<clinit>(GrandBossManager.java:275)
	at org.l2jmobius.gameserver.instancemanager.GrandBossManager.getInstance(GrandBossManager.java:270)
	at org.l2jmobius.gameserver.GameServer.<init>(GameServer.java:321)
	at org.l2jmobius.gameserver.GameServer.main(GameServer.java:479)

Jul 09, 2026 2:12:09 PM org.l2jmobius.gameserver.instancemanager.InstanceManager lambda$parseInstanceTemplate$5
WARNING: InstanceManager: Cannot initialize template for door: 17100001, instance: Olympiad (148)
java.lang.IllegalArgumentException: String value required, but not specified
	at org.l2jmobius.gameserver.model.StatSet.getString(StatSet.java:667)
	at org.l2jmobius.gameserver.model.actor.templates.DoorTemplate.<init>(DoorTemplate.java:64)
	at org.l2jmobius.gameserver.instancemanager.InstanceManager.lambda$parseInstanceTemplate$5(InstanceManager.java:259)
	at org.l2jmobius.commons.util.IXmlReader.forEach(IXmlReader.java:775)
	at org.l2jmobius.gameserver.instancemanager.InstanceManager.parseInstanceTemplate(InstanceManager.java:162)
	at org.l2jmobius.gameserver.instancemanager.InstanceManager.lambda$parseDocument$0(InstanceManager.java:118)
	at org.l2jmobius.commons.util.IXmlReader.forEach(IXmlReader.java:775)
	at org.l2jmobius.gameserver.instancemanager.InstanceManager.parseDocument(InstanceManager.java:107)
	at org.l2jmobius.commons.util.IXmlReader.parseFile(IXmlReader.java:102)
	at org.l2jmobius.commons.util.IXmlReader.parseDirectory(IXmlReader.java:208)
	at org.l2jmobius.commons.util.IXmlReader.parseDirectory(IXmlReader.java:204)
	at org.l2jmobius.commons.util.IXmlReader.parseDatapackDirectory(IXmlReader.java:150)
	at org.l2jmobius.gameserver.instancemanager.InstanceManager.load(InstanceManager.java:96)
	at org.l2jmobius.gameserver.instancemanager.InstanceManager.<init>(InstanceManager.java:81)
	at org.l2jmobius.gameserver.instancemanager.InstanceManager$SingletonHolder.<clinit>(InstanceManager.java:694)
	at org.l2jmobius.gameserver.instancemanager.InstanceManager.getInstance(InstanceManager.java:689)
	at org.l2jmobius.gameserver.GameServer.<init>(GameServer.java:325)
	at org.l2jmobius.gameserver.GameServer.main(GameServer.java:479)

Jul 09, 2026 2:12:09 PM org.l2jmobius.gameserver.instancemanager.InstanceManager lambda$parseInstanceTemplate$5
WARNING: InstanceManager: Cannot initialize template for door: 17100002, instance: Olympiad (148)
java.lang.IllegalArgumentException: String value required, but not specified
	at org.l2jmobius.gameserver.model.StatSet.getString(StatSet.java:667)
	at org.l2jmobius.gameserver.model.actor.templates.DoorTemplate.<init>(DoorTemplate.java:64)
	at org.l2jmobius.gameserver.instancemanager.InstanceManager.lambda$parseInstanceTemplate$5(InstanceManager.java:259)
	at org.l2jmobius.commons.util.IXmlReader.forEach(IXmlReader.java:775)
	at org.l2jmobius.gameserver.instancemanager.InstanceManager.parseInstanceTemplate(InstanceManager.java:162)
	at org.l2jmobius.gameserver.instancemanager.InstanceManager.lambda$parseDocument$0(InstanceManager.java:118)
	at org.l2jmobius.commons.util.IXmlReader.forEach(IXmlReader.java:775)
	at org.l2jmobius.gameserver.instancemanager.InstanceManager.parseDocument(InstanceManager.java:107)
	at org.l2jmobius.commons.util.IXmlReader.parseFile(IXmlReader.java:102)
	at org.l2jmobius.commons.util.IXmlReader.parseDirectory(IXmlReader.java:208)
	at org.l2jmobius.commons.util.IXmlReader.parseDirectory(IXmlReader.java:204)
	at org.l2jmobius.commons.util.IXmlReader.parseDatapackDirectory(IXmlReader.java:150)
	at org.l2jmobius.gameserver.instancemanager.InstanceManager.load(InstanceManager.java:96)
	at org.l2jmobius.gameserver.instancemanager.InstanceManager.<init>(InstanceManager.java:81)
	at org.l2jmobius.gameserver.instancemanager.InstanceManager$SingletonHolder.<clinit>(InstanceManager.java:694)
	at org.l2jmobius.gameserver.instancemanager.InstanceManager.getInstance(InstanceManager.java:689)
	at org.l2jmobius.gameserver.GameServer.<init>(GameServer.java:325)
	at org.l2jmobius.gameserver.GameServer.main(GameServer.java:479)

Jul 09, 2026 2:12:09 PM org.l2jmobius.gameserver.instancemanager.InstanceManager lambda$parseInstanceTemplate$5
WARNING: InstanceManager: Cannot initialize template for door: 17100001, instance: Olympiad (147)
java.lang.IllegalArgumentException: String value required, but not specified
	at org.l2jmobius.gameserver.model.StatSet.getString(StatSet.java:667)
	at org.l2jmobius.gameserver.model.actor.templates.DoorTemplate.<init>(DoorTemplate.java:64)
	at org.l2jmobius.gameserver.instancemanager.InstanceManager.lambda$parseInstanceTemplate$5(InstanceManager.java:259)
	at org.l2jmobius.commons.util.IXmlReader.forEach(IXmlReader.java:775)
	at org.l2jmobius.gameserver.instancemanager.InstanceManager.parseInstanceTemplate(InstanceManager.java:162)
	at org.l2jmobius.gameserver.instancemanager.InstanceManager.lambda$parseDocument$0(InstanceManager.java:118)
	at org.l2jmobius.commons.util.IXmlReader.forEach(IXmlReader.java:775)
	at org.l2jmobius.gameserver.instancemanager.InstanceManager.parseDocument(InstanceManager.java:107)
	at org.l2jmobius.commons.util.IXmlReader.parseFile(IXmlReader.java:102)
	at org.l2jmobius.commons.util.IXmlReader.parseDirectory(IXmlReader.java:208)
	at org.l2jmobius.commons.util.IXmlReader.parseDirectory(IXmlReader.java:204)
	at org.l2jmobius.commons.util.IXmlReader.parseDatapackDirectory(IXmlReader.java:150)
	at org.l2jmobius.gameserver.instancemanager.InstanceManager.load(InstanceManager.java:96)
	at org.l2jmobius.gameserver.instancemanager.InstanceManager.<init>(InstanceManager.java:81)
	at org.l2jmobius.gameserver.instancemanager.InstanceManager$SingletonHolder.<clinit>(InstanceManager.java:694)
	at org.l2jmobius.gameserver.instancemanager.InstanceManager.getInstance(InstanceManager.java:689)
	at org.l2jmobius.gameserver.GameServer.<init>(GameServer.java:325)
	at org.l2jmobius.gameserver.GameServer.main(GameServer.java:479)

Jul 09, 2026 2:12:09 PM org.l2jmobius.gameserver.instancemanager.InstanceManager lambda$parseInstanceTemplate$5
WARNING: InstanceManager: Cannot initialize template for door: 17100002, instance: Olympiad (147)
java.lang.IllegalArgumentException: String value required, but not specified
	at org.l2jmobius.gameserver.model.StatSet.getString(StatSet.java:667)
	at org.l2jmobius.gameserver.model.actor.templates.DoorTemplate.<init>(DoorTemplate.java:64)
	at org.l2jmobius.gameserver.instancemanager.InstanceManager.lambda$parseInstanceTemplate$5(InstanceManager.java:259)
	at org.l2jmobius.commons.util.IXmlReader.forEach(IXmlReader.java:775)
	at org.l2jmobius.gameserver.instancemanager.InstanceManager.parseInstanceTemplate(InstanceManager.java:162)
	at org.l2jmobius.gameserver.instancemanager.InstanceManager.lambda$parseDocument$0(InstanceManager.java:118)
	at org.l2jmobius.commons.util.IXmlReader.forEach(IXmlReader.java:775)
	at org.l2jmobius.gameserver.instancemanager.InstanceManager.parseDocument(InstanceManager.java:107)
	at org.l2jmobius.commons.util.IXmlReader.parseFile(IXmlReader.java:102)
	at org.l2jmobius.commons.util.IXmlReader.parseDirectory(IXmlReader.java:208)
	at org.l2jmobius.commons.util.IXmlReader.parseDirectory(IXmlReader.java:204)
	at org.l2jmobius.commons.util.IXmlReader.parseDatapackDirectory(IXmlReader.java:150)
	at org.l2jmobius.gameserver.instancemanager.InstanceManager.load(InstanceManager.java:96)
	at org.l2jmobius.gameserver.instancemanager.InstanceManager.<init>(InstanceManager.java:81)
	at org.l2jmobius.gameserver.instancemanager.InstanceManager$SingletonHolder.<clinit>(InstanceManager.java:694)
	at org.l2jmobius.gameserver.instancemanager.InstanceManager.getInstance(InstanceManager.java:689)
	at org.l2jmobius.gameserver.GameServer.<init>(GameServer.java:325)
	at org.l2jmobius.gameserver.GameServer.main(GameServer.java:479)

Jul 09, 2026 2:12:09 PM org.l2jmobius.gameserver.instancemanager.InstanceManager lambda$parseInstanceTemplate$5
WARNING: InstanceManager: Cannot initialize template for door: 17100001, instance: Olympiad (150)
java.lang.IllegalArgumentException: String value required, but not specified
	at org.l2jmobius.gameserver.model.StatSet.getString(StatSet.java:667)
	at org.l2jmobius.gameserver.model.actor.templates.DoorTemplate.<init>(DoorTemplate.java:64)
	at org.l2jmobius.gameserver.instancemanager.InstanceManager.lambda$parseInstanceTemplate$5(InstanceManager.java:259)
	at org.l2jmobius.commons.util.IXmlReader.forEach(IXmlReader.java:775)
	at org.l2jmobius.gameserver.instancemanager.InstanceManager.parseInstanceTemplate(InstanceManager.java:162)
	at org.l2jmobius.gameserver.instancemanager.InstanceManager.lambda$parseDocument$0(InstanceManager.java:118)
	at org.l2jmobius.commons.util.IXmlReader.forEach(IXmlReader.java:775)
	at org.l2jmobius.gameserver.instancemanager.InstanceManager.parseDocument(InstanceManager.java:107)
	at org.l2jmobius.commons.util.IXmlReader.parseFile(IXmlReader.java:102)
	at org.l2jmobius.commons.util.IXmlReader.parseDirectory(IXmlReader.java:208)
	at org.l2jmobius.commons.util.IXmlReader.parseDirectory(IXmlReader.java:204)
	at org.l2jmobius.commons.util.IXmlReader.parseDatapackDirectory(IXmlReader.java:150)
	at org.l2jmobius.gameserver.instancemanager.InstanceManager.load(InstanceManager.java:96)
	at org.l2jmobius.gameserver.instancemanager.InstanceManager.<init>(InstanceManager.java:81)
	at org.l2jmobius.gameserver.instancemanager.InstanceManager$SingletonHolder.<clinit>(InstanceManager.java:694)
	at org.l2jmobius.gameserver.instancemanager.InstanceManager.getInstance(InstanceManager.java:689)
	at org.l2jmobius.gameserver.GameServer.<init>(GameServer.java:325)
	at org.l2jmobius.gameserver.GameServer.main(GameServer.java:479)

Jul 09, 2026 2:12:09 PM org.l2jmobius.gameserver.instancemanager.InstanceManager lambda$parseInstanceTemplate$5
WARNING: InstanceManager: Cannot initialize template for door: 17100002, instance: Olympiad (150)
java.lang.IllegalArgumentException: String value required, but not specified
	at org.l2jmobius.gameserver.model.StatSet.getString(StatSet.java:667)
	at org.l2jmobius.gameserver.model.actor.templates.DoorTemplate.<init>(DoorTemplate.java:64)
	at org.l2jmobius.gameserver.instancemanager.InstanceManager.lambda$parseInstanceTemplate$5(InstanceManager.java:259)
	at org.l2jmobius.commons.util.IXmlReader.forEach(IXmlReader.java:775)
	at org.l2jmobius.gameserver.instancemanager.InstanceManager.parseInstanceTemplate(InstanceManager.java:162)
	at org.l2jmobius.gameserver.instancemanager.InstanceManager.lambda$parseDocument$0(InstanceManager.java:118)
	at org.l2jmobius.commons.util.IXmlReader.forEach(IXmlReader.java:775)
	at org.l2jmobius.gameserver.instancemanager.InstanceManager.parseDocument(InstanceManager.java:107)
	at org.l2jmobius.commons.util.IXmlReader.parseFile(IXmlReader.java:102)
	at org.l2jmobius.commons.util.IXmlReader.parseDirectory(IXmlReader.java:208)
	at org.l2jmobius.commons.util.IXmlReader.parseDirectory(IXmlReader.java:204)
	at org.l2jmobius.commons.util.IXmlReader.parseDatapackDirectory(IXmlReader.java:150)
	at org.l2jmobius.gameserver.instancemanager.InstanceManager.load(InstanceManager.java:96)
	at org.l2jmobius.gameserver.instancemanager.InstanceManager.<init>(InstanceManager.java:81)
	at org.l2jmobius.gameserver.instancemanager.InstanceManager$SingletonHolder.<clinit>(InstanceManager.java:694)
	at org.l2jmobius.gameserver.instancemanager.InstanceManager.getInstance(InstanceManager.java:689)
	at org.l2jmobius.gameserver.GameServer.<init>(GameServer.java:325)
	at org.l2jmobius.gameserver.GameServer.main(GameServer.java:479)

Jul 09, 2026 2:12:09 PM org.l2jmobius.gameserver.instancemanager.InstanceManager lambda$parseInstanceTemplate$5
WARNING: InstanceManager: Cannot initialize template for door: 17100001, instance: Olympiad (149)
java.lang.IllegalArgumentException: String value required, but not specified
	at org.l2jmobius.gameserver.model.StatSet.getString(StatSet.java:667)
	at org.l2jmobius.gameserver.model.actor.templates.DoorTemplate.<init>(DoorTemplate.java:64)
	at org.l2jmobius.gameserver.instancemanager.InstanceManager.lambda$parseInstanceTemplate$5(InstanceManager.java:259)
	at org.l2jmobius.commons.util.IXmlReader.forEach(IXmlReader.java:775)
	at org.l2jmobius.gameserver.instancemanager.InstanceManager.parseInstanceTemplate(InstanceManager.java:162)
	at org.l2jmobius.gameserver.instancemanager.InstanceManager.lambda$parseDocument$0(InstanceManager.java:118)
	at org.l2jmobius.commons.util.IXmlReader.forEach(IXmlReader.java:775)
	at org.l2jmobius.gameserver.instancemanager.InstanceManager.parseDocument(InstanceManager.java:107)
	at org.l2jmobius.commons.util.IXmlReader.parseFile(IXmlReader.java:102)
	at org.l2jmobius.commons.util.IXmlReader.parseDirectory(IXmlReader.java:208)
	at org.l2jmobius.commons.util.IXmlReader.parseDirectory(IXmlReader.java:204)
	at org.l2jmobius.commons.util.IXmlReader.parseDatapackDirectory(IXmlReader.java:150)
	at org.l2jmobius.gameserver.instancemanager.InstanceManager.load(InstanceManager.java:96)
	at org.l2jmobius.gameserver.instancemanager.InstanceManager.<init>(InstanceManager.java:81)
	at org.l2jmobius.gameserver.instancemanager.InstanceManager$SingletonHolder.<clinit>(InstanceManager.java:694)
	at org.l2jmobius.gameserver.instancemanager.InstanceManager.getInstance(InstanceManager.java:689)
	at org.l2jmobius.gameserver.GameServer.<init>(GameServer.java:325)
	at org.l2jmobius.gameserver.GameServer.main(GameServer.java:479)

Jul 09, 2026 2:12:09 PM org.l2jmobius.gameserver.instancemanager.InstanceManager lambda$parseInstanceTemplate$5
WARNING: InstanceManager: Cannot initialize template for door: 17100002, instance: Olympiad (149)
java.lang.IllegalArgumentException: String value required, but not specified
	at org.l2jmobius.gameserver.model.StatSet.getString(StatSet.java:667)
	at org.l2jmobius.gameserver.model.actor.templates.DoorTemplate.<init>(DoorTemplate.java:64)
	at org.l2jmobius.gameserver.instancemanager.InstanceManager.lambda$parseInstanceTemplate$5(InstanceManager.java:259)
	at org.l2jmobius.commons.util.IXmlReader.forEach(IXmlReader.java:775)
	at org.l2jmobius.gameserver.instancemanager.InstanceManager.parseInstanceTemplate(InstanceManager.java:162)
	at org.l2jmobius.gameserver.instancemanager.InstanceManager.lambda$parseDocument$0(InstanceManager.java:118)
	at org.l2jmobius.commons.util.IXmlReader.forEach(IXmlReader.java:775)
	at org.l2jmobius.gameserver.instancemanager.InstanceManager.parseDocument(InstanceManager.java:107)
	at org.l2jmobius.commons.util.IXmlReader.parseFile(IXmlReader.java:102)
	at org.l2jmobius.commons.util.IXmlReader.parseDirectory(IXmlReader.java:208)
	at org.l2jmobius.commons.util.IXmlReader.parseDirectory(IXmlReader.java:204)
	at org.l2jmobius.commons.util.IXmlReader.parseDatapackDirectory(IXmlReader.java:150)
	at org.l2jmobius.gameserver.instancemanager.InstanceManager.load(InstanceManager.java:96)
	at org.l2jmobius.gameserver.instancemanager.InstanceManager.<init>(InstanceManager.java:81)
	at org.l2jmobius.gameserver.instancemanager.InstanceManager$SingletonHolder.<clinit>(InstanceManager.java:694)
	at org.l2jmobius.gameserver.instancemanager.InstanceManager.getInstance(InstanceManager.java:689)
	at org.l2jmobius.gameserver.GameServer.<init>(GameServer.java:325)
	at org.l2jmobius.gameserver.GameServer.main(GameServer.java:479)

Jul 09, 2026 2:12:09 PM org.l2jmobius.gameserver.instancemanager.InstanceManager lambda$parseInstanceTemplate$5
WARNING: InstanceManager: Cannot initialize template for door: 17130045, instance: Last Imperial Tomb (136)
java.lang.IllegalArgumentException: String value required, but not specified
	at org.l2jmobius.gameserver.model.StatSet.getString(StatSet.java:667)
	at org.l2jmobius.gameserver.model.actor.templates.DoorTemplate.<init>(DoorTemplate.java:64)
	at org.l2jmobius.gameserver.instancemanager.InstanceManager.lambda$parseInstanceTemplate$5(InstanceManager.java:259)
	at org.l2jmobius.commons.util.IXmlReader.forEach(IXmlReader.java:775)
	at org.l2jmobius.gameserver.instancemanager.InstanceManager.parseInstanceTemplate(InstanceManager.java:162)
	at org.l2jmobius.gameserver.instancemanager.InstanceManager.lambda$parseDocument$0(InstanceManager.java:118)
	at org.l2jmobius.commons.util.IXmlReader.forEach(IXmlReader.java:775)
	at org.l2jmobius.gameserver.instancemanager.InstanceManager.parseDocument(InstanceManager.java:107)
	at org.l2jmobius.commons.util.IXmlReader.parseFile(IXmlReader.java:102)
	at org.l2jmobius.commons.util.IXmlReader.parseDirectory(IXmlReader.java:208)
	at org.l2jmobius.commons.util.IXmlReader.parseDirectory(IXmlReader.java:204)
	at org.l2jmobius.commons.util.IXmlReader.parseDatapackDirectory(IXmlReader.java:150)
	at org.l2jmobius.gameserver.instancemanager.InstanceManager.load(InstanceManager.java:96)
	at org.l2jmobius.gameserver.instancemanager.InstanceManager.<init>(InstanceManager.java:81)
	at org.l2jmobius.gameserver.instancemanager.InstanceManager$SingletonHolder.<clinit>(InstanceManager.java:694)
	at org.l2jmobius.gameserver.instancemanager.InstanceManager.getInstance(InstanceManager.java:689)
	at org.l2jmobius.gameserver.GameServer.<init>(GameServer.java:325)
	at org.l2jmobius.gameserver.GameServer.main(GameServer.java:479)

Jul 09, 2026 2:12:09 PM org.l2jmobius.gameserver.instancemanager.InstanceManager lambda$parseInstanceTemplate$5
WARNING: InstanceManager: Cannot initialize template for door: 17130051, instance: Last Imperial Tomb (136)
java.lang.IllegalArgumentException: String value required, but not specified
	at org.l2jmobius.gameserver.model.StatSet.getString(StatSet.java:667)
	at org.l2jmobius.gameserver.model.actor.templates.DoorTemplate.<init>(DoorTemplate.java:64)
	at org.l2jmobius.gameserver.instancemanager.InstanceManager.lambda$parseInstanceTemplate$5(InstanceManager.java:259)
	at org.l2jmobius.commons.util.IXmlReader.forEach(IXmlReader.java:775)
	at org.l2jmobius.gameserver.instancemanager.InstanceManager.parseInstanceTemplate(InstanceManager.java:162)
	at org.l2jmobius.gameserver.instancemanager.InstanceManager.lambda$parseDocument$0(InstanceManager.java:118)
	at org.l2jmobius.commons.util.IXmlReader.forEach(IXmlReader.java:775)
	at org.l2jmobius.gameserver.instancemanager.InstanceManager.parseDocument(InstanceManager.java:107)
	at org.l2jmobius.commons.util.IXmlReader.parseFile(IXmlReader.java:102)
	at org.l2jmobius.commons.util.IXmlReader.parseDirectory(IXmlReader.java:208)
	at org.l2jmobius.commons.util.IXmlReader.parseDirectory(IXmlReader.java:204)
	at org.l2jmobius.commons.util.IXmlReader.parseDatapackDirectory(IXmlReader.java:150)
	at org.l2jmobius.gameserver.instancemanager.InstanceManager.load(InstanceManager.java:96)
	at org.l2jmobius.gameserver.instancemanager.InstanceManager.<init>(InstanceManager.java:81)
	at org.l2jmobius.gameserver.instancemanager.InstanceManager$SingletonHolder.<clinit>(InstanceManager.java:694)
	at org.l2jmobius.gameserver.instancemanager.InstanceManager.getInstance(InstanceManager.java:689)
	at org.l2jmobius.gameserver.GameServer.<init>(GameServer.java:325)
	at org.l2jmobius.gameserver.GameServer.main(GameServer.java:479)

Jul 09, 2026 2:12:09 PM org.l2jmobius.gameserver.instancemanager.InstanceManager lambda$parseInstanceTemplate$5
WARNING: InstanceManager: Cannot initialize template for door: 17130046, instance: Last Imperial Tomb (136)
java.lang.IllegalArgumentException: String value required, but not specified
	at org.l2jmobius.gameserver.model.StatSet.getString(StatSet.java:667)
	at org.l2jmobius.gameserver.model.actor.templates.DoorTemplate.<init>(DoorTemplate.java:64)
	at org.l2jmobius.gameserver.instancemanager.InstanceManager.lambda$parseInstanceTemplate$5(InstanceManager.java:259)
	at org.l2jmobius.commons.util.IXmlReader.forEach(IXmlReader.java:775)
	at org.l2jmobius.gameserver.instancemanager.InstanceManager.parseInstanceTemplate(InstanceManager.java:162)
	at org.l2jmobius.gameserver.instancemanager.InstanceManager.lambda$parseDocument$0(InstanceManager.java:118)
	at org.l2jmobius.commons.util.IXmlReader.forEach(IXmlReader.java:775)
	at org.l2jmobius.gameserver.instancemanager.InstanceManager.parseDocument(InstanceManager.java:107)
	at org.l2jmobius.commons.util.IXmlReader.parseFile(IXmlReader.java:102)
	at org.l2jmobius.commons.util.IXmlReader.parseDirectory(IXmlReader.java:208)
	at org.l2jmobius.commons.util.IXmlReader.parseDirectory(IXmlReader.java:204)
	at org.l2jmobius.commons.util.IXmlReader.parseDatapackDirectory(IXmlReader.java:150)
	at org.l2jmobius.gameserver.instancemanager.InstanceManager.load(InstanceManager.java:96)
	at org.l2jmobius.gameserver.instancemanager.InstanceManager.<init>(InstanceManager.java:81)
	at org.l2jmobius.gameserver.instancemanager.InstanceManager$SingletonHolder.<clinit>(InstanceManager.java:694)
	at org.l2jmobius.gameserver.instancemanager.InstanceManager.getInstance(InstanceManager.java:689)
	at org.l2jmobius.gameserver.GameServer.<init>(GameServer.java:325)
	at org.l2jmobius.gameserver.GameServer.main(GameServer.java:479)

Jul 09, 2026 2:12:09 PM org.l2jmobius.gameserver.instancemanager.InstanceManager lambda$parseInstanceTemplate$5
WARNING: InstanceManager: Cannot initialize template for door: 17130043, instance: Last Imperial Tomb (136)
java.lang.IllegalArgumentException: String value required, but not specified
	at org.l2jmobius.gameserver.model.StatSet.getString(StatSet.java:667)
	at org.l2jmobius.gameserver.model.actor.templates.DoorTemplate.<init>(DoorTemplate.java:64)
	at org.l2jmobius.gameserver.instancemanager.InstanceManager.lambda$parseInstanceTemplate$5(InstanceManager.java:259)
	at org.l2jmobius.commons.util.IXmlReader.forEach(IXmlReader.java:775)
	at org.l2jmobius.gameserver.instancemanager.InstanceManager.parseInstanceTemplate(InstanceManager.java:162)
	at org.l2jmobius.gameserver.instancemanager.InstanceManager.lambda$parseDocument$0(InstanceManager.java:118)
	at org.l2jmobius.commons.util.IXmlReader.forEach(IXmlReader.java:775)
	at org.l2jmobius.gameserver.instancemanager.InstanceManager.parseDocument(InstanceManager.java:107)
	at org.l2jmobius.commons.util.IXmlReader.parseFile(IXmlReader.java:102)
	at org.l2jmobius.commons.util.IXmlReader.parseDirectory(IXmlReader.java:208)
	at org.l2jmobius.commons.util.IXmlReader.parseDirectory(IXmlReader.java:204)
	at org.l2jmobius.commons.util.IXmlReader.parseDatapackDirectory(IXmlReader.java:150)
	at org.l2jmobius.gameserver.instancemanager.InstanceManager.load(InstanceManager.java:96)
	at org.l2jmobius.gameserver.instancemanager.InstanceManager.<init>(InstanceManager.java:81)
	at org.l2jmobius.gameserver.instancemanager.InstanceManager$SingletonHolder.<clinit>(InstanceManager.java:694)
	at org.l2jmobius.gameserver.instancemanager.InstanceManager.getInstance(InstanceManager.java:689)
	at org.l2jmobius.gameserver.GameServer.<init>(GameServer.java:325)
	at org.l2jmobius.gameserver.GameServer.main(GameServer.java:479)

Jul 09, 2026 2:12:09 PM org.l2jmobius.gameserver.instancemanager.InstanceManager lambda$parseInstanceTemplate$5
WARNING: InstanceManager: Cannot initialize template for door: 17130042, instance: Last Imperial Tomb (136)
java.lang.IllegalArgumentException: String value required, but not specified
	at org.l2jmobius.gameserver.model.StatSet.getString(StatSet.java:667)
	at org.l2jmobius.gameserver.model.actor.templates.DoorTemplate.<init>(DoorTemplate.java:64)
	at org.l2jmobius.gameserver.instancemanager.InstanceManager.lambda$parseInstanceTemplate$5(InstanceManager.java:259)
	at org.l2jmobius.commons.util.IXmlReader.forEach(IXmlReader.java:775)
	at org.l2jmobius.gameserver.instancemanager.InstanceManager.parseInstanceTemplate(InstanceManager.java:162)
	at org.l2jmobius.gameserver.instancemanager.InstanceManager.lambda$parseDocument$0(InstanceManager.java:118)
	at org.l2jmobius.commons.util.IXmlReader.forEach(IXmlReader.java:775)
	at org.l2jmobius.gameserver.instancemanager.InstanceManager.parseDocument(InstanceManager.java:107)
	at org.l2jmobius.commons.util.IXmlReader.parseFile(IXmlReader.java:102)
	at org.l2jmobius.commons.util.IXmlReader.parseDirectory(IXmlReader.java:208)
	at org.l2jmobius.commons.util.IXmlReader.parseDirectory(IXmlReader.java:204)
	at org.l2jmobius.commons.util.IXmlReader.parseDatapackDirectory(IXmlReader.java:150)
	at org.l2jmobius.gameserver.instancemanager.InstanceManager.load(InstanceManager.java:96)
	at org.l2jmobius.gameserver.instancemanager.InstanceManager.<init>(InstanceManager.java:81)
	at org.l2jmobius.gameserver.instancemanager.InstanceManager$SingletonHolder.<clinit>(InstanceManager.java:694)
	at org.l2jmobius.gameserver.instancemanager.InstanceManager.getInstance(InstanceManager.java:689)
	at org.l2jmobius.gameserver.GameServer.<init>(GameServer.java:325)
	at org.l2jmobius.gameserver.GameServer.main(GameServer.java:479)

Jul 09, 2026 2:12:09 PM org.l2jmobius.gameserver.instancemanager.InstanceManager lambda$parseInstanceTemplate$5
WARNING: InstanceManager: Cannot initialize template for door: 17130052, instance: Last Imperial Tomb (136)
java.lang.IllegalArgumentException: String value required, but not specified
	at org.l2jmobius.gameserver.model.StatSet.getString(StatSet.java:667)
	at org.l2jmobius.gameserver.model.actor.templates.DoorTemplate.<init>(DoorTemplate.java:64)
	at org.l2jmobius.gameserver.instancemanager.InstanceManager.lambda$parseInstanceTemplate$5(InstanceManager.java:259)
	at org.l2jmobius.commons.util.IXmlReader.forEach(IXmlReader.java:775)
	at org.l2jmobius.gameserver.instancemanager.InstanceManager.parseInstanceTemplate(InstanceManager.java:162)
	at org.l2jmobius.gameserver.instancemanager.InstanceManager.lambda$parseDocument$0(InstanceManager.java:118)
	at org.l2jmobius.commons.util.IXmlReader.forEach(IXmlReader.java:775)
	at org.l2jmobius.gameserver.instancemanager.InstanceManager.parseDocument(InstanceManager.java:107)
	at org.l2jmobius.commons.util.IXmlReader.parseFile(IXmlReader.java:102)
	at org.l2jmobius.commons.util.IXmlReader.parseDirectory(IXmlReader.java:208)
	at org.l2jmobius.commons.util.IXmlReader.parseDirectory(IXmlReader.java:204)
	at org.l2jmobius.commons.util.IXmlReader.parseDatapackDirectory(IXmlReader.java:150)
	at org.l2jmobius.gameserver.instancemanager.InstanceManager.load(InstanceManager.java:96)
	at org.l2jmobius.gameserver.instancemanager.InstanceManager.<init>(InstanceManager.java:81)
	at org.l2jmobius.gameserver.instancemanager.InstanceManager$SingletonHolder.<clinit>(InstanceManager.java:694)
	at org.l2jmobius.gameserver.instancemanager.InstanceManager.getInstance(InstanceManager.java:689)
	at org.l2jmobius.gameserver.GameServer.<init>(GameServer.java:325)
	at org.l2jmobius.gameserver.GameServer.main(GameServer.java:479)

Jul 09, 2026 2:12:09 PM org.l2jmobius.gameserver.instancemanager.InstanceManager lambda$parseInstanceTemplate$5
WARNING: InstanceManager: Cannot initialize template for door: 17130053, instance: Last Imperial Tomb (136)
java.lang.IllegalArgumentException: String value required, but not specified
	at org.l2jmobius.gameserver.model.StatSet.getString(StatSet.java:667)
	at org.l2jmobius.gameserver.model.actor.templates.DoorTemplate.<init>(DoorTemplate.java:64)
	at org.l2jmobius.gameserver.instancemanager.InstanceManager.lambda$parseInstanceTemplate$5(InstanceManager.java:259)
	at org.l2jmobius.commons.util.IXmlReader.forEach(IXmlReader.java:775)
	at org.l2jmobius.gameserver.instancemanager.InstanceManager.parseInstanceTemplate(InstanceManager.java:162)
	at org.l2jmobius.gameserver.instancemanager.InstanceManager.lambda$parseDocument$0(InstanceManager.java:118)
	at org.l2jmobius.commons.util.IXmlReader.forEach(IXmlReader.java:775)
	at org.l2jmobius.gameserver.instancemanager.InstanceManager.parseDocument(InstanceManager.java:107)
	at org.l2jmobius.commons.util.IXmlReader.parseFile(IXmlReader.java:102)
	at org.l2jmobius.commons.util.IXmlReader.parseDirectory(IXmlReader.java:208)
	at org.l2jmobius.commons.util.IXmlReader.parseDirectory(IXmlReader.java:204)
	at org.l2jmobius.commons.util.IXmlReader.parseDatapackDirectory(IXmlReader.java:150)
	at org.l2jmobius.gameserver.instancemanager.InstanceManager.load(InstanceManager.java:96)
	at org.l2jmobius.gameserver.instancemanager.InstanceManager.<init>(InstanceManager.java:81)
	at org.l2jmobius.gameserver.instancemanager.InstanceManager$SingletonHolder.<clinit>(InstanceManager.java:694)
	at org.l2jmobius.gameserver.instancemanager.InstanceManager.getInstance(InstanceManager.java:689)
	at org.l2jmobius.gameserver.GameServer.<init>(GameServer.java:325)
	at org.l2jmobius.gameserver.GameServer.main(GameServer.java:479)

Jul 09, 2026 2:12:09 PM org.l2jmobius.gameserver.instancemanager.InstanceManager lambda$parseInstanceTemplate$5
WARNING: InstanceManager: Cannot initialize template for door: 17130054, instance: Last Imperial Tomb (136)
java.lang.IllegalArgumentException: String value required, but not specified
	at org.l2jmobius.gameserver.model.StatSet.getString(StatSet.java:667)
	at org.l2jmobius.gameserver.model.actor.templates.DoorTemplate.<init>(DoorTemplate.java:64)
	at org.l2jmobius.gameserver.instancemanager.InstanceManager.lambda$parseInstanceTemplate$5(InstanceManager.java:259)
	at org.l2jmobius.commons.util.IXmlReader.forEach(IXmlReader.java:775)
	at org.l2jmobius.gameserver.instancemanager.InstanceManager.parseInstanceTemplate(InstanceManager.java:162)
	at org.l2jmobius.gameserver.instancemanager.InstanceManager.lambda$parseDocument$0(InstanceManager.java:118)
	at org.l2jmobius.commons.util.IXmlReader.forEach(IXmlReader.java:775)
	at org.l2jmobius.gameserver.instancemanager.InstanceManager.parseDocument(InstanceManager.java:107)
	at org.l2jmobius.commons.util.IXmlReader.parseFile(IXmlReader.java:102)
	at org.l2jmobius.commons.util.IXmlReader.parseDirectory(IXmlReader.java:208)
	at org.l2jmobius.commons.util.IXmlReader.parseDirectory(IXmlReader.java:204)
	at org.l2jmobius.commons.util.IXmlReader.parseDatapackDirectory(IXmlReader.java:150)
	at org.l2jmobius.gameserver.instancemanager.InstanceManager.load(InstanceManager.java:96)
	at org.l2jmobius.gameserver.instancemanager.InstanceManager.<init>(InstanceManager.java:81)
	at org.l2jmobius.gameserver.instancemanager.InstanceManager$SingletonHolder.<clinit>(InstanceManager.java:694)
	at org.l2jmobius.gameserver.instancemanager.InstanceManager.getInstance(InstanceManager.java:689)
	at org.l2jmobius.gameserver.GameServer.<init>(GameServer.java:325)
	at org.l2jmobius.gameserver.GameServer.main(GameServer.java:479)

Jul 09, 2026 2:12:09 PM org.l2jmobius.gameserver.instancemanager.InstanceManager lambda$parseInstanceTemplate$5
WARNING: InstanceManager: Cannot initialize template for door: 17130055, instance: Last Imperial Tomb (136)
java.lang.IllegalArgumentException: String value required, but not specified
	at org.l2jmobius.gameserver.model.StatSet.getString(StatSet.java:667)
	at org.l2jmobius.gameserver.model.actor.templates.DoorTemplate.<init>(DoorTemplate.java:64)
	at org.l2jmobius.gameserver.instancemanager.InstanceManager.lambda$parseInstanceTemplate$5(InstanceManager.java:259)
	at org.l2jmobius.commons.util.IXmlReader.forEach(IXmlReader.java:775)
	at org.l2jmobius.gameserver.instancemanager.InstanceManager.parseInstanceTemplate(InstanceManager.java:162)
	at org.l2jmobius.gameserver.instancemanager.InstanceManager.lambda$parseDocument$0(InstanceManager.java:118)
	at org.l2jmobius.commons.util.IXmlReader.forEach(IXmlReader.java:775)
	at org.l2jmobius.gameserver.instancemanager.InstanceManager.parseDocument(InstanceManager.java:107)
	at org.l2jmobius.commons.util.IXmlReader.parseFile(IXmlReader.java:102)
	at org.l2jmobius.commons.util.IXmlReader.parseDirectory(IXmlReader.java:208)
	at org.l2jmobius.commons.util.IXmlReader.parseDirectory(IXmlReader.java:204)
	at org.l2jmobius.commons.util.IXmlReader.parseDatapackDirectory(IXmlReader.java:150)
	at org.l2jmobius.gameserver.instancemanager.InstanceManager.load(InstanceManager.java:96)
	at org.l2jmobius.gameserver.instancemanager.InstanceManager.<init>(InstanceManager.java:81)
	at org.l2jmobius.gameserver.instancemanager.InstanceManager$SingletonHolder.<clinit>(InstanceManager.java:694)
	at org.l2jmobius.gameserver.instancemanager.InstanceManager.getInstance(InstanceManager.java:689)
	at org.l2jmobius.gameserver.GameServer.<init>(GameServer.java:325)
	at org.l2jmobius.gameserver.GameServer.main(GameServer.java:479)

Jul 09, 2026 2:12:09 PM org.l2jmobius.gameserver.instancemanager.InstanceManager lambda$parseInstanceTemplate$5
WARNING: InstanceManager: Cannot initialize template for door: 17130056, instance: Last Imperial Tomb (136)
java.lang.IllegalArgumentException: String value required, but not specified
	at org.l2jmobius.gameserver.model.StatSet.getString(StatSet.java:667)
	at org.l2jmobius.gameserver.model.actor.templates.DoorTemplate.<init>(DoorTemplate.java:64)
	at org.l2jmobius.gameserver.instancemanager.InstanceManager.lambda$parseInstanceTemplate$5(InstanceManager.java:259)
	at org.l2jmobius.commons.util.IXmlReader.forEach(IXmlReader.java:775)
	at org.l2jmobius.gameserver.instancemanager.InstanceManager.parseInstanceTemplate(InstanceManager.java:162)
	at org.l2jmobius.gameserver.instancemanager.InstanceManager.lambda$parseDocument$0(InstanceManager.java:118)
	at org.l2jmobius.commons.util.IXmlReader.forEach(IXmlReader.java:775)
	at org.l2jmobius.gameserver.instancemanager.InstanceManager.parseDocument(InstanceManager.java:107)
	at org.l2jmobius.commons.util.IXmlReader.parseFile(IXmlReader.java:102)
	at org.l2jmobius.commons.util.IXmlReader.parseDirectory(IXmlReader.java:208)
	at org.l2jmobius.commons.util.IXmlReader.parseDirectory(IXmlReader.java:204)
	at org.l2jmobius.commons.util.IXmlReader.parseDatapackDirectory(IXmlReader.java:150)
	at org.l2jmobius.gameserver.instancemanager.InstanceManager.load(InstanceManager.java:96)
	at org.l2jmobius.gameserver.instancemanager.InstanceManager.<init>(InstanceManager.java:81)
	at org.l2jmobius.gameserver.instancemanager.InstanceManager$SingletonHolder.<clinit>(InstanceManager.java:694)
	at org.l2jmobius.gameserver.instancemanager.InstanceManager.getInstance(InstanceManager.java:689)
	at org.l2jmobius.gameserver.GameServer.<init>(GameServer.java:325)
	at org.l2jmobius.gameserver.GameServer.main(GameServer.java:479)

Jul 09, 2026 2:12:09 PM org.l2jmobius.gameserver.instancemanager.InstanceManager lambda$parseInstanceTemplate$5
WARNING: InstanceManager: Cannot initialize template for door: 17130057, instance: Last Imperial Tomb (136)
java.lang.IllegalArgumentException: String value required, but not specified
	at org.l2jmobius.gameserver.model.StatSet.getString(StatSet.java:667)
	at org.l2jmobius.gameserver.model.actor.templates.DoorTemplate.<init>(DoorTemplate.java:64)
	at org.l2jmobius.gameserver.instancemanager.InstanceManager.lambda$parseInstanceTemplate$5(InstanceManager.java:259)
	at org.l2jmobius.commons.util.IXmlReader.forEach(IXmlReader.java:775)
	at org.l2jmobius.gameserver.instancemanager.InstanceManager.parseInstanceTemplate(InstanceManager.java:162)
	at org.l2jmobius.gameserver.instancemanager.InstanceManager.lambda$parseDocument$0(InstanceManager.java:118)
	at org.l2jmobius.commons.util.IXmlReader.forEach(IXmlReader.java:775)
	at org.l2jmobius.gameserver.instancemanager.InstanceManager.parseDocument(InstanceManager.java:107)
	at org.l2jmobius.commons.util.IXmlReader.parseFile(IXmlReader.java:102)
	at org.l2jmobius.commons.util.IXmlReader.parseDirectory(IXmlReader.java:208)
	at org.l2jmobius.commons.util.IXmlReader.parseDirectory(IXmlReader.java:204)
	at org.l2jmobius.commons.util.IXmlReader.parseDatapackDirectory(IXmlReader.java:150)
	at org.l2jmobius.gameserver.instancemanager.InstanceManager.load(InstanceManager.java:96)
	at org.l2jmobius.gameserver.instancemanager.InstanceManager.<init>(InstanceManager.java:81)
	at org.l2jmobius.gameserver.instancemanager.InstanceManager$SingletonHolder.<clinit>(InstanceManager.java:694)
	at org.l2jmobius.gameserver.instancemanager.InstanceManager.getInstance(InstanceManager.java:689)
	at org.l2jmobius.gameserver.GameServer.<init>(GameServer.java:325)
	at org.l2jmobius.gameserver.GameServer.main(GameServer.java:479)

Jul 09, 2026 2:12:09 PM org.l2jmobius.gameserver.instancemanager.InstanceManager lambda$parseInstanceTemplate$5
WARNING: InstanceManager: Cannot initialize template for door: 17130058, instance: Last Imperial Tomb (136)
java.lang.IllegalArgumentException: String value required, but not specified
	at org.l2jmobius.gameserver.model.StatSet.getString(StatSet.java:667)
	at org.l2jmobius.gameserver.model.actor.templates.DoorTemplate.<init>(DoorTemplate.java:64)
	at org.l2jmobius.gameserver.instancemanager.InstanceManager.lambda$parseInstanceTemplate$5(InstanceManager.java:259)
	at org.l2jmobius.commons.util.IXmlReader.forEach(IXmlReader.java:775)
	at org.l2jmobius.gameserver.instancemanager.InstanceManager.parseInstanceTemplate(InstanceManager.java:162)
	at org.l2jmobius.gameserver.instancemanager.InstanceManager.lambda$parseDocument$0(InstanceManager.java:118)
	at org.l2jmobius.commons.util.IXmlReader.forEach(IXmlReader.java:775)
	at org.l2jmobius.gameserver.instancemanager.InstanceManager.parseDocument(InstanceManager.java:107)
	at org.l2jmobius.commons.util.IXmlReader.parseFile(IXmlReader.java:102)
	at org.l2jmobius.commons.util.IXmlReader.parseDirectory(IXmlReader.java:208)
	at org.l2jmobius.commons.util.IXmlReader.parseDirectory(IXmlReader.java:204)
	at org.l2jmobius.commons.util.IXmlReader.parseDatapackDirectory(IXmlReader.java:150)
	at org.l2jmobius.gameserver.instancemanager.InstanceManager.load(InstanceManager.java:96)
	at org.l2jmobius.gameserver.instancemanager.InstanceManager.<init>(InstanceManager.java:81)
	at org.l2jmobius.gameserver.instancemanager.InstanceManager$SingletonHolder.<clinit>(InstanceManager.java:694)
	at org.l2jmobius.gameserver.instancemanager.InstanceManager.getInstance(InstanceManager.java:689)
	at org.l2jmobius.gameserver.GameServer.<init>(GameServer.java:325)
	at org.l2jmobius.gameserver.GameServer.main(GameServer.java:479)

Jul 09, 2026 2:12:09 PM org.l2jmobius.gameserver.instancemanager.InstanceManager lambda$parseInstanceTemplate$5
WARNING: InstanceManager: Cannot initialize template for door: 17130061, instance: Last Imperial Tomb (136)
java.lang.IllegalArgumentException: String value required, but not specified
	at org.l2jmobius.gameserver.model.StatSet.getString(StatSet.java:667)
	at org.l2jmobius.gameserver.model.actor.templates.DoorTemplate.<init>(DoorTemplate.java:64)
	at org.l2jmobius.gameserver.instancemanager.InstanceManager.lambda$parseInstanceTemplate$5(InstanceManager.java:259)
	at org.l2jmobius.commons.util.IXmlReader.forEach(IXmlReader.java:775)
	at org.l2jmobius.gameserver.instancemanager.InstanceManager.parseInstanceTemplate(InstanceManager.java:162)
	at org.l2jmobius.gameserver.instancemanager.InstanceManager.lambda$parseDocument$0(InstanceManager.java:118)
	at org.l2jmobius.commons.util.IXmlReader.forEach(IXmlReader.java:775)
	at org.l2jmobius.gameserver.instancemanager.InstanceManager.parseDocument(InstanceManager.java:107)
	at org.l2jmobius.commons.util.IXmlReader.parseFile(IXmlReader.java:102)
	at org.l2jmobius.commons.util.IXmlReader.parseDirectory(IXmlReader.java:208)
	at org.l2jmobius.commons.util.IXmlReader.parseDirectory(IXmlReader.java:204)
	at org.l2jmobius.commons.util.IXmlReader.parseDatapackDirectory(IXmlReader.java:150)
	at org.l2jmobius.gameserver.instancemanager.InstanceManager.load(InstanceManager.java:96)
	at org.l2jmobius.gameserver.instancemanager.InstanceManager.<init>(InstanceManager.java:81)
	at org.l2jmobius.gameserver.instancemanager.InstanceManager$SingletonHolder.<clinit>(InstanceManager.java:694)
	at org.l2jmobius.gameserver.instancemanager.InstanceManager.getInstance(InstanceManager.java:689)
	at org.l2jmobius.gameserver.GameServer.<init>(GameServer.java:325)
	at org.l2jmobius.gameserver.GameServer.main(GameServer.java:479)

Jul 09, 2026 2:12:09 PM org.l2jmobius.gameserver.instancemanager.InstanceManager lambda$parseInstanceTemplate$5
WARNING: InstanceManager: Cannot initialize template for door: 17130062, instance: Last Imperial Tomb (136)
java.lang.IllegalArgumentException: String value required, but not specified
	at org.l2jmobius.gameserver.model.StatSet.getString(StatSet.java:667)
	at org.l2jmobius.gameserver.model.actor.templates.DoorTemplate.<init>(DoorTemplate.java:64)
	at org.l2jmobius.gameserver.instancemanager.InstanceManager.lambda$parseInstanceTemplate$5(InstanceManager.java:259)
	at org.l2jmobius.commons.util.IXmlReader.forEach(IXmlReader.java:775)
	at org.l2jmobius.gameserver.instancemanager.InstanceManager.parseInstanceTemplate(InstanceManager.java:162)
	at org.l2jmobius.gameserver.instancemanager.InstanceManager.lambda$parseDocument$0(InstanceManager.java:118)
	at org.l2jmobius.commons.util.IXmlReader.forEach(IXmlReader.java:775)
	at org.l2jmobius.gameserver.instancemanager.InstanceManager.parseDocument(InstanceManager.java:107)
	at org.l2jmobius.commons.util.IXmlReader.parseFile(IXmlReader.java:102)
	at org.l2jmobius.commons.util.IXmlReader.parseDirectory(IXmlReader.java:208)
	at org.l2jmobius.commons.util.IXmlReader.parseDirectory(IXmlReader.java:204)
	at org.l2jmobius.commons.util.IXmlReader.parseDatapackDirectory(IXmlReader.java:150)
	at org.l2jmobius.gameserver.instancemanager.InstanceManager.load(InstanceManager.java:96)
	at org.l2jmobius.gameserver.instancemanager.InstanceManager.<init>(InstanceManager.java:81)
	at org.l2jmobius.gameserver.instancemanager.InstanceManager$SingletonHolder.<clinit>(InstanceManager.java:694)
	at org.l2jmobius.gameserver.instancemanager.InstanceManager.getInstance(InstanceManager.java:689)
	at org.l2jmobius.gameserver.GameServer.<init>(GameServer.java:325)
	at org.l2jmobius.gameserver.GameServer.main(GameServer.java:479)

Jul 09, 2026 2:12:09 PM org.l2jmobius.gameserver.instancemanager.InstanceManager lambda$parseInstanceTemplate$5
WARNING: InstanceManager: Cannot initialize template for door: 17130063, instance: Last Imperial Tomb (136)
java.lang.IllegalArgumentException: String value required, but not specified
	at org.l2jmobius.gameserver.model.StatSet.getString(StatSet.java:667)
	at org.l2jmobius.gameserver.model.actor.templates.DoorTemplate.<init>(DoorTemplate.java:64)
	at org.l2jmobius.gameserver.instancemanager.InstanceManager.lambda$parseInstanceTemplate$5(InstanceManager.java:259)
	at org.l2jmobius.commons.util.IXmlReader.forEach(IXmlReader.java:775)
	at org.l2jmobius.gameserver.instancemanager.InstanceManager.parseInstanceTemplate(InstanceManager.java:162)
	at org.l2jmobius.gameserver.instancemanager.InstanceManager.lambda$parseDocument$0(InstanceManager.java:118)
	at org.l2jmobius.commons.util.IXmlReader.forEach(IXmlReader.java:775)
	at org.l2jmobius.gameserver.instancemanager.InstanceManager.parseDocument(InstanceManager.java:107)
	at org.l2jmobius.commons.util.IXmlReader.parseFile(IXmlReader.java:102)
	at org.l2jmobius.commons.util.IXmlReader.parseDirectory(IXmlReader.java:208)
	at org.l2jmobius.commons.util.IXmlReader.parseDirectory(IXmlReader.java:204)
	at org.l2jmobius.commons.util.IXmlReader.parseDatapackDirectory(IXmlReader.java:150)
	at org.l2jmobius.gameserver.instancemanager.InstanceManager.load(InstanceManager.java:96)
	at org.l2jmobius.gameserver.instancemanager.InstanceManager.<init>(InstanceManager.java:81)
	at org.l2jmobius.gameserver.instancemanager.InstanceManager$SingletonHolder.<clinit>(InstanceManager.java:694)
	at org.l2jmobius.gameserver.instancemanager.InstanceManager.getInstance(InstanceManager.java:689)
	at org.l2jmobius.gameserver.GameServer.<init>(GameServer.java:325)
	at org.l2jmobius.gameserver.GameServer.main(GameServer.java:479)

Jul 09, 2026 2:12:09 PM org.l2jmobius.gameserver.instancemanager.InstanceManager lambda$parseInstanceTemplate$5
WARNING: InstanceManager: Cannot initialize template for door: 17130064, instance: Last Imperial Tomb (136)
java.lang.IllegalArgumentException: String value required, but not specified
	at org.l2jmobius.gameserver.model.StatSet.getString(StatSet.java:667)
	at org.l2jmobius.gameserver.model.actor.templates.DoorTemplate.<init>(DoorTemplate.java:64)
	at org.l2jmobius.gameserver.instancemanager.InstanceManager.lambda$parseInstanceTemplate$5(InstanceManager.java:259)
	at org.l2jmobius.commons.util.IXmlReader.forEach(IXmlReader.java:775)
	at org.l2jmobius.gameserver.instancemanager.InstanceManager.parseInstanceTemplate(InstanceManager.java:162)
	at org.l2jmobius.gameserver.instancemanager.InstanceManager.lambda$parseDocument$0(InstanceManager.java:118)
	at org.l2jmobius.commons.util.IXmlReader.forEach(IXmlReader.java:775)
	at org.l2jmobius.gameserver.instancemanager.InstanceManager.parseDocument(InstanceManager.java:107)
	at org.l2jmobius.commons.util.IXmlReader.parseFile(IXmlReader.java:102)
	at org.l2jmobius.commons.util.IXmlReader.parseDirectory(IXmlReader.java:208)
	at org.l2jmobius.commons.util.IXmlReader.parseDirectory(IXmlReader.java:204)
	at org.l2jmobius.commons.util.IXmlReader.parseDatapackDirectory(IXmlReader.java:150)
	at org.l2jmobius.gameserver.instancemanager.InstanceManager.load(InstanceManager.java:96)
	at org.l2jmobius.gameserver.instancemanager.InstanceManager.<init>(InstanceManager.java:81)
	at org.l2jmobius.gameserver.instancemanager.InstanceManager$SingletonHolder.<clinit>(InstanceManager.java:694)
	at org.l2jmobius.gameserver.instancemanager.InstanceManager.getInstance(InstanceManager.java:689)
	at org.l2jmobius.gameserver.GameServer.<init>(GameServer.java:325)
	at org.l2jmobius.gameserver.GameServer.main(GameServer.java:479)

Jul 09, 2026 2:12:09 PM org.l2jmobius.gameserver.instancemanager.InstanceManager lambda$parseInstanceTemplate$5
WARNING: InstanceManager: Cannot initialize template for door: 17130065, instance: Last Imperial Tomb (136)
java.lang.IllegalArgumentException: String value required, but not specified
	at org.l2jmobius.gameserver.model.StatSet.getString(StatSet.java:667)
	at org.l2jmobius.gameserver.model.actor.templates.DoorTemplate.<init>(DoorTemplate.java:64)
	at org.l2jmobius.gameserver.instancemanager.InstanceManager.lambda$parseInstanceTemplate$5(InstanceManager.java:259)
	at org.l2jmobius.commons.util.IXmlReader.forEach(IXmlReader.java:775)
	at org.l2jmobius.gameserver.instancemanager.InstanceManager.parseInstanceTemplate(InstanceManager.java:162)
	at org.l2jmobius.gameserver.instancemanager.InstanceManager.lambda$parseDocument$0(InstanceManager.java:118)
	at org.l2jmobius.commons.util.IXmlReader.forEach(IXmlReader.java:775)
	at org.l2jmobius.gameserver.instancemanager.InstanceManager.parseDocument(InstanceManager.java:107)
	at org.l2jmobius.commons.util.IXmlReader.parseFile(IXmlReader.java:102)
	at org.l2jmobius.commons.util.IXmlReader.parseDirectory(IXmlReader.java:208)
	at org.l2jmobius.commons.util.IXmlReader.parseDirectory(IXmlReader.java:204)
	at org.l2jmobius.commons.util.IXmlReader.parseDatapackDirectory(IXmlReader.java:150)
	at org.l2jmobius.gameserver.instancemanager.InstanceManager.load(InstanceManager.java:96)
	at org.l2jmobius.gameserver.instancemanager.InstanceManager.<init>(InstanceManager.java:81)
	at org.l2jmobius.gameserver.instancemanager.InstanceManager$SingletonHolder.<clinit>(InstanceManager.java:694)
	at org.l2jmobius.gameserver.instancemanager.InstanceManager.getInstance(InstanceManager.java:689)
	at org.l2jmobius.gameserver.GameServer.<init>(GameServer.java:325)
	at org.l2jmobius.gameserver.GameServer.main(GameServer.java:479)

Jul 09, 2026 2:12:09 PM org.l2jmobius.gameserver.instancemanager.InstanceManager lambda$parseInstanceTemplate$5
WARNING: InstanceManager: Cannot initialize template for door: 17130066, instance: Last Imperial Tomb (136)
java.lang.IllegalArgumentException: String value required, but not specified
	at org.l2jmobius.gameserver.model.StatSet.getString(StatSet.java:667)
	at org.l2jmobius.gameserver.model.actor.templates.DoorTemplate.<init>(DoorTemplate.java:64)
	at org.l2jmobius.gameserver.instancemanager.InstanceManager.lambda$parseInstanceTemplate$5(InstanceManager.java:259)
	at org.l2jmobius.commons.util.IXmlReader.forEach(IXmlReader.java:775)
	at org.l2jmobius.gameserver.instancemanager.InstanceManager.parseInstanceTemplate(InstanceManager.java:162)
	at org.l2jmobius.gameserver.instancemanager.InstanceManager.lambda$parseDocument$0(InstanceManager.java:118)
	at org.l2jmobius.commons.util.IXmlReader.forEach(IXmlReader.java:775)
	at org.l2jmobius.gameserver.instancemanager.InstanceManager.parseDocument(InstanceManager.java:107)
	at org.l2jmobius.commons.util.IXmlReader.parseFile(IXmlReader.java:102)
	at org.l2jmobius.commons.util.IXmlReader.parseDirectory(IXmlReader.java:208)
	at org.l2jmobius.commons.util.IXmlReader.parseDirectory(IXmlReader.java:204)
	at org.l2jmobius.commons.util.IXmlReader.parseDatapackDirectory(IXmlReader.java:150)
	at org.l2jmobius.gameserver.instancemanager.InstanceManager.load(InstanceManager.java:96)
	at org.l2jmobius.gameserver.instancemanager.InstanceManager.<init>(InstanceManager.java:81)
	at org.l2jmobius.gameserver.instancemanager.InstanceManager$SingletonHolder.<clinit>(InstanceManager.java:694)
	at org.l2jmobius.gameserver.instancemanager.InstanceManager.getInstance(InstanceManager.java:689)
	at org.l2jmobius.gameserver.GameServer.<init>(GameServer.java:325)
	at org.l2jmobius.gameserver.GameServer.main(GameServer.java:479)

Jul 09, 2026 2:12:09 PM org.l2jmobius.gameserver.instancemanager.InstanceManager lambda$parseInstanceTemplate$5
WARNING: InstanceManager: Cannot initialize template for door: 17130067, instance: Last Imperial Tomb (136)
java.lang.IllegalArgumentException: String value required, but not specified
	at org.l2jmobius.gameserver.model.StatSet.getString(StatSet.java:667)
	at org.l2jmobius.gameserver.model.actor.templates.DoorTemplate.<init>(DoorTemplate.java:64)
	at org.l2jmobius.gameserver.instancemanager.InstanceManager.lambda$parseInstanceTemplate$5(InstanceManager.java:259)
	at org.l2jmobius.commons.util.IXmlReader.forEach(IXmlReader.java:775)
	at org.l2jmobius.gameserver.instancemanager.InstanceManager.parseInstanceTemplate(InstanceManager.java:162)
	at org.l2jmobius.gameserver.instancemanager.InstanceManager.lambda$parseDocument$0(InstanceManager.java:118)
	at org.l2jmobius.commons.util.IXmlReader.forEach(IXmlReader.java:775)
	at org.l2jmobius.gameserver.instancemanager.InstanceManager.parseDocument(InstanceManager.java:107)
	at org.l2jmobius.commons.util.IXmlReader.parseFile(IXmlReader.java:102)
	at org.l2jmobius.commons.util.IXmlReader.parseDirectory(IXmlReader.java:208)
	at org.l2jmobius.commons.util.IXmlReader.parseDirectory(IXmlReader.java:204)
	at org.l2jmobius.commons.util.IXmlReader.parseDatapackDirectory(IXmlReader.java:150)
	at org.l2jmobius.gameserver.instancemanager.InstanceManager.load(InstanceManager.java:96)
	at org.l2jmobius.gameserver.instancemanager.InstanceManager.<init>(InstanceManager.java:81)
	at org.l2jmobius.gameserver.instancemanager.InstanceManager$SingletonHolder.<clinit>(InstanceManager.java:694)
	at org.l2jmobius.gameserver.instancemanager.InstanceManager.getInstance(InstanceManager.java:689)
	at org.l2jmobius.gameserver.GameServer.<init>(GameServer.java:325)
	at org.l2jmobius.gameserver.GameServer.main(GameServer.java:479)

Jul 09, 2026 2:12:09 PM org.l2jmobius.gameserver.instancemanager.InstanceManager lambda$parseInstanceTemplate$5
WARNING: InstanceManager: Cannot initialize template for door: 17130068, instance: Last Imperial Tomb (136)
java.lang.IllegalArgumentException: String value required, but not specified
	at org.l2jmobius.gameserver.model.StatSet.getString(StatSet.java:667)
	at org.l2jmobius.gameserver.model.actor.templates.DoorTemplate.<init>(DoorTemplate.java:64)
	at org.l2jmobius.gameserver.instancemanager.InstanceManager.lambda$parseInstanceTemplate$5(InstanceManager.java:259)
	at org.l2jmobius.commons.util.IXmlReader.forEach(IXmlReader.java:775)
	at org.l2jmobius.gameserver.instancemanager.InstanceManager.parseInstanceTemplate(InstanceManager.java:162)
	at org.l2jmobius.gameserver.instancemanager.InstanceManager.lambda$parseDocument$0(InstanceManager.java:118)
	at org.l2jmobius.commons.util.IXmlReader.forEach(IXmlReader.java:775)
	at org.l2jmobius.gameserver.instancemanager.InstanceManager.parseDocument(InstanceManager.java:107)
	at org.l2jmobius.commons.util.IXmlReader.parseFile(IXmlReader.java:102)
	at org.l2jmobius.commons.util.IXmlReader.parseDirectory(IXmlReader.java:208)
	at org.l2jmobius.commons.util.IXmlReader.parseDirectory(IXmlReader.java:204)
	at org.l2jmobius.commons.util.IXmlReader.parseDatapackDirectory(IXmlReader.java:150)
	at org.l2jmobius.gameserver.instancemanager.InstanceManager.load(InstanceManager.java:96)
	at org.l2jmobius.gameserver.instancemanager.InstanceManager.<init>(InstanceManager.java:81)
	at org.l2jmobius.gameserver.instancemanager.InstanceManager$SingletonHolder.<clinit>(InstanceManager.java:694)
	at org.l2jmobius.gameserver.instancemanager.InstanceManager.getInstance(InstanceManager.java:689)
	at org.l2jmobius.gameserver.GameServer.<init>(GameServer.java:325)
	at org.l2jmobius.gameserver.GameServer.main(GameServer.java:479)

Jul 09, 2026 2:12:09 PM org.l2jmobius.gameserver.instancemanager.InstanceManager lambda$parseInstanceTemplate$5
WARNING: InstanceManager: Cannot initialize template for door: 17130069, instance: Last Imperial Tomb (136)
java.lang.IllegalArgumentException: String value required, but not specified
	at org.l2jmobius.gameserver.model.StatSet.getString(StatSet.java:667)
	at org.l2jmobius.gameserver.model.actor.templates.DoorTemplate.<init>(DoorTemplate.java:64)
	at org.l2jmobius.gameserver.instancemanager.InstanceManager.lambda$parseInstanceTemplate$5(InstanceManager.java:259)
	at org.l2jmobius.commons.util.IXmlReader.forEach(IXmlReader.java:775)
	at org.l2jmobius.gameserver.instancemanager.InstanceManager.parseInstanceTemplate(InstanceManager.java:162)
	at org.l2jmobius.gameserver.instancemanager.InstanceManager.lambda$parseDocument$0(InstanceManager.java:118)
	at org.l2jmobius.commons.util.IXmlReader.forEach(IXmlReader.java:775)
	at org.l2jmobius.gameserver.instancemanager.InstanceManager.parseDocument(InstanceManager.java:107)
	at org.l2jmobius.commons.util.IXmlReader.parseFile(IXmlReader.java:102)
	at org.l2jmobius.commons.util.IXmlReader.parseDirectory(IXmlReader.java:208)
	at org.l2jmobius.commons.util.IXmlReader.parseDirectory(IXmlReader.java:204)
	at org.l2jmobius.commons.util.IXmlReader.parseDatapackDirectory(IXmlReader.java:150)
	at org.l2jmobius.gameserver.instancemanager.InstanceManager.load(InstanceManager.java:96)
	at org.l2jmobius.gameserver.instancemanager.InstanceManager.<init>(InstanceManager.java:81)
	at org.l2jmobius.gameserver.instancemanager.InstanceManager$SingletonHolder.<clinit>(InstanceManager.java:694)
	at org.l2jmobius.gameserver.instancemanager.InstanceManager.getInstance(InstanceManager.java:689)
	at org.l2jmobius.gameserver.GameServer.<init>(GameServer.java:325)
	at org.l2jmobius.gameserver.GameServer.main(GameServer.java:479)

Jul 09, 2026 2:12:09 PM org.l2jmobius.gameserver.instancemanager.InstanceManager lambda$parseInstanceTemplate$5
WARNING: InstanceManager: Cannot initialize template for door: 17130070, instance: Last Imperial Tomb (136)
java.lang.IllegalArgumentException: String value required, but not specified
	at org.l2jmobius.gameserver.model.StatSet.getString(StatSet.java:667)
	at org.l2jmobius.gameserver.model.actor.templates.DoorTemplate.<init>(DoorTemplate.java:64)
	at org.l2jmobius.gameserver.instancemanager.InstanceManager.lambda$parseInstanceTemplate$5(InstanceManager.java:259)
	at org.l2jmobius.commons.util.IXmlReader.forEach(IXmlReader.java:775)
	at org.l2jmobius.gameserver.instancemanager.InstanceManager.parseInstanceTemplate(InstanceManager.java:162)
	at org.l2jmobius.gameserver.instancemanager.InstanceManager.lambda$parseDocument$0(InstanceManager.java:118)
	at org.l2jmobius.commons.util.IXmlReader.forEach(IXmlReader.java:775)
	at org.l2jmobius.gameserver.instancemanager.InstanceManager.parseDocument(InstanceManager.java:107)
	at org.l2jmobius.commons.util.IXmlReader.parseFile(IXmlReader.java:102)
	at org.l2jmobius.commons.util.IXmlReader.parseDirectory(IXmlReader.java:208)
	at org.l2jmobius.commons.util.IXmlReader.parseDirectory(IXmlReader.java:204)
	at org.l2jmobius.commons.util.IXmlReader.parseDatapackDirectory(IXmlReader.java:150)
	at org.l2jmobius.gameserver.instancemanager.InstanceManager.load(InstanceManager.java:96)
	at org.l2jmobius.gameserver.instancemanager.InstanceManager.<init>(InstanceManager.java:81)
	at org.l2jmobius.gameserver.instancemanager.InstanceManager$SingletonHolder.<clinit>(InstanceManager.java:694)
	at org.l2jmobius.gameserver.instancemanager.InstanceManager.getInstance(InstanceManager.java:689)
	at org.l2jmobius.gameserver.GameServer.<init>(GameServer.java:325)
	at org.l2jmobius.gameserver.GameServer.main(GameServer.java:479)

Jul 09, 2026 2:12:09 PM org.l2jmobius.gameserver.instancemanager.InstanceManager lambda$parseInstanceTemplate$5
WARNING: InstanceManager: Cannot initialize template for door: 24190001, instance: coliseum (3049)
java.lang.IllegalArgumentException: String value required, but not specified
	at org.l2jmobius.gameserver.model.StatSet.getString(StatSet.java:667)
	at org.l2jmobius.gameserver.model.actor.templates.DoorTemplate.<init>(DoorTemplate.java:64)
	at org.l2jmobius.gameserver.instancemanager.InstanceManager.lambda$parseInstanceTemplate$5(InstanceManager.java:259)
	at org.l2jmobius.commons.util.IXmlReader.forEach(IXmlReader.java:775)
	at org.l2jmobius.gameserver.instancemanager.InstanceManager.parseInstanceTemplate(InstanceManager.java:162)
	at org.l2jmobius.gameserver.instancemanager.InstanceManager.lambda$parseDocument$0(InstanceManager.java:118)
	at org.l2jmobius.commons.util.IXmlReader.forEach(IXmlReader.java:775)
	at org.l2jmobius.gameserver.instancemanager.InstanceManager.parseDocument(InstanceManager.java:107)
	at org.l2jmobius.commons.util.IXmlReader.parseFile(IXmlReader.java:102)
	at org.l2jmobius.commons.util.IXmlReader.parseDirectory(IXmlReader.java:208)
	at org.l2jmobius.commons.util.IXmlReader.parseDirectory(IXmlReader.java:204)
	at org.l2jmobius.commons.util.IXmlReader.parseDatapackDirectory(IXmlReader.java:150)
	at org.l2jmobius.gameserver.instancemanager.InstanceManager.load(InstanceManager.java:96)
	at org.l2jmobius.gameserver.instancemanager.InstanceManager.<init>(InstanceManager.java:81)
	at org.l2jmobius.gameserver.instancemanager.InstanceManager$SingletonHolder.<clinit>(InstanceManager.java:694)
	at org.l2jmobius.gameserver.instancemanager.InstanceManager.getInstance(InstanceManager.java:689)
	at org.l2jmobius.gameserver.GameServer.<init>(GameServer.java:325)
	at org.l2jmobius.gameserver.GameServer.main(GameServer.java:479)

Jul 09, 2026 2:12:09 PM org.l2jmobius.gameserver.instancemanager.InstanceManager lambda$parseInstanceTemplate$5
WARNING: InstanceManager: Cannot initialize template for door: 24190002, instance: coliseum (3049)
java.lang.IllegalArgumentException: String value required, but not specified
	at org.l2jmobius.gameserver.model.StatSet.getString(StatSet.java:667)
	at org.l2jmobius.gameserver.model.actor.templates.DoorTemplate.<init>(DoorTemplate.java:64)
	at org.l2jmobius.gameserver.instancemanager.InstanceManager.lambda$parseInstanceTemplate$5(InstanceManager.java:259)
	at org.l2jmobius.commons.util.IXmlReader.forEach(IXmlReader.java:775)
	at org.l2jmobius.gameserver.instancemanager.InstanceManager.parseInstanceTemplate(InstanceManager.java:162)
	at org.l2jmobius.gameserver.instancemanager.InstanceManager.lambda$parseDocument$0(InstanceManager.java:118)
	at org.l2jmobius.commons.util.IXmlReader.forEach(IXmlReader.java:775)
	at org.l2jmobius.gameserver.instancemanager.InstanceManager.parseDocument(InstanceManager.java:107)
	at org.l2jmobius.commons.util.IXmlReader.parseFile(IXmlReader.java:102)
	at org.l2jmobius.commons.util.IXmlReader.parseDirectory(IXmlReader.java:208)
	at org.l2jmobius.commons.util.IXmlReader.parseDirectory(IXmlReader.java:204)
	at org.l2jmobius.commons.util.IXmlReader.parseDatapackDirectory(IXmlReader.java:150)
	at org.l2jmobius.gameserver.instancemanager.InstanceManager.load(InstanceManager.java:96)
	at org.l2jmobius.gameserver.instancemanager.InstanceManager.<init>(InstanceManager.java:81)
	at org.l2jmobius.gameserver.instancemanager.InstanceManager$SingletonHolder.<clinit>(InstanceManager.java:694)
	at org.l2jmobius.gameserver.instancemanager.InstanceManager.getInstance(InstanceManager.java:689)
	at org.l2jmobius.gameserver.GameServer.<init>(GameServer.java:325)
	at org.l2jmobius.gameserver.GameServer.main(GameServer.java:479)

Jul 09, 2026 2:12:09 PM org.l2jmobius.gameserver.instancemanager.InstanceManager lambda$parseInstanceTemplate$5
WARNING: InstanceManager: Cannot initialize template for door: 24190003, instance: coliseum (3049)
java.lang.IllegalArgumentException: String value required, but not specified
	at org.l2jmobius.gameserver.model.StatSet.getString(StatSet.java:667)
	at org.l2jmobius.gameserver.model.actor.templates.DoorTemplate.<init>(DoorTemplate.java:64)
	at org.l2jmobius.gameserver.instancemanager.InstanceManager.lambda$parseInstanceTemplate$5(InstanceManager.java:259)
	at org.l2jmobius.commons.util.IXmlReader.forEach(IXmlReader.java:775)
	at org.l2jmobius.gameserver.instancemanager.InstanceManager.parseInstanceTemplate(InstanceManager.java:162)
	at org.l2jmobius.gameserver.instancemanager.InstanceManager.lambda$parseDocument$0(InstanceManager.java:118)
	at org.l2jmobius.commons.util.IXmlReader.forEach(IXmlReader.java:775)
	at org.l2jmobius.gameserver.instancemanager.InstanceManager.parseDocument(InstanceManager.java:107)
	at org.l2jmobius.commons.util.IXmlReader.parseFile(IXmlReader.java:102)
	at org.l2jmobius.commons.util.IXmlReader.parseDirectory(IXmlReader.java:208)
	at org.l2jmobius.commons.util.IXmlReader.parseDirectory(IXmlReader.java:204)
	at org.l2jmobius.commons.util.IXmlReader.parseDatapackDirectory(IXmlReader.java:150)
	at org.l2jmobius.gameserver.instancemanager.InstanceManager.load(InstanceManager.java:96)
	at org.l2jmobius.gameserver.instancemanager.InstanceManager.<init>(InstanceManager.java:81)
	at org.l2jmobius.gameserver.instancemanager.InstanceManager$SingletonHolder.<clinit>(InstanceManager.java:694)
	at org.l2jmobius.gameserver.instancemanager.InstanceManager.getInstance(InstanceManager.java:689)
	at org.l2jmobius.gameserver.GameServer.<init>(GameServer.java:325)
	at org.l2jmobius.gameserver.GameServer.main(GameServer.java:479)

Jul 09, 2026 2:12:09 PM org.l2jmobius.gameserver.instancemanager.InstanceManager lambda$parseInstanceTemplate$5
WARNING: InstanceManager: Cannot initialize template for door: 24190004, instance: coliseum (3049)
java.lang.IllegalArgumentException: String value required, but not specified
	at org.l2jmobius.gameserver.model.StatSet.getString(StatSet.java:667)
	at org.l2jmobius.gameserver.model.actor.templates.DoorTemplate.<init>(DoorTemplate.java:64)
	at org.l2jmobius.gameserver.instancemanager.InstanceManager.lambda$parseInstanceTemplate$5(InstanceManager.java:259)
	at org.l2jmobius.commons.util.IXmlReader.forEach(IXmlReader.java:775)
	at org.l2jmobius.gameserver.instancemanager.InstanceManager.parseInstanceTemplate(InstanceManager.java:162)
	at org.l2jmobius.gameserver.instancemanager.InstanceManager.lambda$parseDocument$0(InstanceManager.java:118)
	at org.l2jmobius.commons.util.IXmlReader.forEach(IXmlReader.java:775)
	at org.l2jmobius.gameserver.instancemanager.InstanceManager.parseDocument(InstanceManager.java:107)
	at org.l2jmobius.commons.util.IXmlReader.parseFile(IXmlReader.java:102)
	at org.l2jmobius.commons.util.IXmlReader.parseDirectory(IXmlReader.java:208)
	at org.l2jmobius.commons.util.IXmlReader.parseDirectory(IXmlReader.java:204)
	at org.l2jmobius.commons.util.IXmlReader.parseDatapackDirectory(IXmlReader.java:150)
	at org.l2jmobius.gameserver.instancemanager.InstanceManager.load(InstanceManager.java:96)
	at org.l2jmobius.gameserver.instancemanager.InstanceManager.<init>(InstanceManager.java:81)
	at org.l2jmobius.gameserver.instancemanager.InstanceManager$SingletonHolder.<clinit>(InstanceManager.java:694)
	at org.l2jmobius.gameserver.instancemanager.InstanceManager.getInstance(InstanceManager.java:689)
	at org.l2jmobius.gameserver.GameServer.<init>(GameServer.java:325)
	at org.l2jmobius.gameserver.GameServer.main(GameServer.java:479)

Jul 09, 2026 2:12:09 PM org.l2jmobius.gameserver.instancemanager.InstanceManager restoreInstanceTimes
WARNING: InstanceManager: Cannot restore players instance reenter data: 
org.sqlite.SQLiteException: [SQLITE_ERROR] SQL error or missing database (no such table: character_instance_time)
	at org.sqlite.core.DB.newSQLException(DB.java:1179)
	at org.sqlite.core.DB.newSQLException(DB.java:1190)
	at org.sqlite.core.DB.throwex(DB.java:1150)
	at org.sqlite.core.NativeDB.prepare_utf8(Native Method)
	at org.sqlite.core.NativeDB.prepare(NativeDB.java:132)
	at org.sqlite.core.DB.prepare(DB.java:264)
	at org.sqlite.jdbc3.JDBC3Statement.lambda$executeQuery$1(JDBC3Statement.java:86)
	at org.sqlite.jdbc3.JDBC3Statement.withConnectionTimeout(JDBC3Statement.java:454)
	at org.sqlite.jdbc3.JDBC3Statement.executeQuery(JDBC3Statement.java:84)
	at org.l2jmobius.gameserver.instancemanager.InstanceManager.restoreInstanceTimes(InstanceManager.java:514)
	at org.l2jmobius.gameserver.instancemanager.InstanceManager.load(InstanceManager.java:100)
	at org.l2jmobius.gameserver.instancemanager.InstanceManager.<init>(InstanceManager.java:81)
	at org.l2jmobius.gameserver.instancemanager.InstanceManager$SingletonHolder.<clinit>(InstanceManager.java:694)
	at org.l2jmobius.gameserver.instancemanager.InstanceManager.getInstance(InstanceManager.java:689)
	at org.l2jmobius.gameserver.GameServer.<init>(GameServer.java:325)
	at org.l2jmobius.gameserver.GameServer.main(GameServer.java:479)

Jul 09, 2026 2:12:09 PM org.l2jmobius.gameserver.model.olympiad.Olympiad load
WARNING: Olympiad System: Error loading olympiad data from database: 
org.sqlite.SQLiteException: [SQLITE_ERROR] SQL error or missing database (no such table: olympiad_data)
	at org.sqlite.core.DB.newSQLException(DB.java:1179)
	at org.sqlite.core.DB.newSQLException(DB.java:1190)
	at org.sqlite.core.DB.throwex(DB.java:1150)
	at org.sqlite.core.NativeDB.prepare_utf8(Native Method)
	at org.sqlite.core.NativeDB.prepare(NativeDB.java:132)
	at org.sqlite.core.DB.prepare(DB.java:264)
	at org.sqlite.core.CorePreparedStatement.<init>(CorePreparedStatement.java:46)
	at org.sqlite.jdbc3.JDBC3PreparedStatement.<init>(JDBC3PreparedStatement.java:32)
	at org.sqlite.jdbc4.JDBC4PreparedStatement.<init>(JDBC4PreparedStatement.java:25)
	at org.sqlite.jdbc4.JDBC4Connection.prepareStatement(JDBC4Connection.java:34)
	at org.sqlite.jdbc3.JDBC3Connection.prepareStatement(JDBC3Connection.java:225)
	at org.sqlite.jdbc3.JDBC3Connection.prepareStatement(JDBC3Connection.java:205)
	at org.l2jmobius.gameserver.model.olympiad.Olympiad.load(Olympiad.java:158)
	at org.l2jmobius.gameserver.model.olympiad.Olympiad.<init>(Olympiad.java:138)
	at org.l2jmobius.gameserver.model.olympiad.Olympiad$SingletonHolder.<clinit>(Olympiad.java:1267)
	at org.l2jmobius.gameserver.model.olympiad.Olympiad.getInstance(Olympiad.java:1262)
	at org.l2jmobius.gameserver.GameServer.<init>(GameServer.java:328)
	at org.l2jmobius.gameserver.GameServer.main(GameServer.java:479)

Jul 09, 2026 2:12:09 PM org.l2jmobius.gameserver.model.olympiad.Olympiad load
WARNING: Olympiad System: Error loading noblesse data from database: 
org.sqlite.SQLiteException: [SQLITE_ERROR] SQL error or missing database (no such table: olympiad_nobles)
	at org.sqlite.core.DB.newSQLException(DB.java:1179)
	at org.sqlite.core.DB.newSQLException(DB.java:1190)
	at org.sqlite.core.DB.throwex(DB.java:1150)
	at org.sqlite.core.NativeDB.prepare_utf8(Native Method)
	at org.sqlite.core.NativeDB.prepare(NativeDB.java:132)
	at org.sqlite.core.DB.prepare(DB.java:264)
	at org.sqlite.core.CorePreparedStatement.<init>(CorePreparedStatement.java:46)
	at org.sqlite.jdbc3.JDBC3PreparedStatement.<init>(JDBC3PreparedStatement.java:32)
	at org.sqlite.jdbc4.JDBC4PreparedStatement.<init>(JDBC4PreparedStatement.java:25)
	at org.sqlite.jdbc4.JDBC4Connection.prepareStatement(JDBC4Connection.java:34)
	at org.sqlite.jdbc3.JDBC3Connection.prepareStatement(JDBC3Connection.java:225)
	at org.sqlite.jdbc3.JDBC3Connection.prepareStatement(JDBC3Connection.java:205)
	at org.l2jmobius.gameserver.model.olympiad.Olympiad.load(Olympiad.java:237)
	at org.l2jmobius.gameserver.model.olympiad.Olympiad.<init>(Olympiad.java:138)
	at org.l2jmobius.gameserver.model.olympiad.Olympiad$SingletonHolder.<clinit>(Olympiad.java:1267)
	at org.l2jmobius.gameserver.model.olympiad.Olympiad.getInstance(Olympiad.java:1262)
	at org.l2jmobius.gameserver.GameServer.<init>(GameServer.java:328)
	at org.l2jmobius.gameserver.GameServer.main(GameServer.java:479)

Jul 09, 2026 2:12:09 PM org.l2jmobius.gameserver.data.sql.CrestTable load
WARNING: There was an error while loading crests from database:
org.sqlite.SQLiteException: [SQLITE_ERROR] SQL error or missing database (no such table: crests)
	at org.sqlite.core.DB.newSQLException(DB.java:1179)
	at org.sqlite.core.DB.newSQLException(DB.java:1190)
	at org.sqlite.core.DB.throwex(DB.java:1150)
	at org.sqlite.core.NativeDB.prepare_utf8(Native Method)
	at org.sqlite.core.NativeDB.prepare(NativeDB.java:132)
	at org.sqlite.core.DB.prepare(DB.java:264)
	at org.sqlite.core.CorePreparedStatement.<init>(CorePreparedStatement.java:46)
	at org.sqlite.jdbc3.JDBC3PreparedStatement.<init>(JDBC3PreparedStatement.java:32)
	at org.sqlite.jdbc4.JDBC4PreparedStatement.<init>(JDBC4PreparedStatement.java:25)
	at org.sqlite.jdbc4.JDBC4Connection.prepareStatement(JDBC4Connection.java:34)
	at org.sqlite.jdbc3.JDBC3Connection.prepareStatement(JDBC3Connection.java:225)
	at org.sqlite.jdbc3.JDBC3Connection.prepareStatement(JDBC3Connection.java:205)
	at org.l2jmobius.gameserver.data.sql.CrestTable.load(CrestTable.java:75)
	at org.l2jmobius.gameserver.data.sql.CrestTable.<init>(CrestTable.java:49)
	at org.l2jmobius.gameserver.data.sql.CrestTable$SingletonHolder.<clinit>(CrestTable.java:215)
	at org.l2jmobius.gameserver.data.sql.CrestTable.getInstance(CrestTable.java:210)
	at org.l2jmobius.gameserver.GameServer.<init>(GameServer.java:334)
	at org.l2jmobius.gameserver.GameServer.main(GameServer.java:479)

Jul 09, 2026 2:12:09 PM org.l2jmobius.gameserver.instancemanager.CursedWeaponsManager restore
WARNING: CursedWeaponsManager: Could not restore CursedWeapons data: 
org.sqlite.SQLiteException: [SQLITE_ERROR] SQL error or missing database (no such table: cursed_weapons)
	at org.sqlite.core.DB.newSQLException(DB.java:1179)
	at org.sqlite.core.DB.newSQLException(DB.java:1190)
	at org.sqlite.core.DB.throwex(DB.java:1150)
	at org.sqlite.core.NativeDB.prepare_utf8(Native Method)
	at org.sqlite.core.NativeDB.prepare(NativeDB.java:132)
	at org.sqlite.core.DB.prepare(DB.java:264)
	at org.sqlite.jdbc3.JDBC3Statement.lambda$executeQuery$1(JDBC3Statement.java:86)
	at org.sqlite.jdbc3.JDBC3Statement.withConnectionTimeout(JDBC3Statement.java:454)
	at org.sqlite.jdbc3.JDBC3Statement.executeQuery(JDBC3Statement.java:84)
	at org.l2jmobius.gameserver.instancemanager.CursedWeaponsManager.restore(CursedWeaponsManager.java:145)
	at org.l2jmobius.gameserver.instancemanager.CursedWeaponsManager.load(CursedWeaponsManager.java:77)
	at org.l2jmobius.gameserver.instancemanager.CursedWeaponsManager.<init>(CursedWeaponsManager.java:65)
	at org.l2jmobius.gameserver.instancemanager.CursedWeaponsManager$SingletonHolder.<clinit>(CursedWeaponsManager.java:395)
	at org.l2jmobius.gameserver.instancemanager.CursedWeaponsManager.getInstance(CursedWeaponsManager.java:390)
	at org.l2jmobius.gameserver.GameServer.<init>(GameServer.java:338)
	at org.l2jmobius.gameserver.GameServer.main(GameServer.java:479)

Jul 09, 2026 2:12:09 PM org.l2jmobius.gameserver.instancemanager.CursedWeaponsManager controlPlayers
WARNING: Could not check CursedWeapons data: 
org.sqlite.SQLiteException: [SQLITE_ERROR] SQL error or missing database (no such table: items)
	at org.sqlite.core.DB.newSQLException(DB.java:1179)
	at org.sqlite.core.DB.newSQLException(DB.java:1190)
	at org.sqlite.core.DB.throwex(DB.java:1150)
	at org.sqlite.core.NativeDB.prepare_utf8(Native Method)
	at org.sqlite.core.NativeDB.prepare(NativeDB.java:132)
	at org.sqlite.core.DB.prepare(DB.java:264)
	at org.sqlite.core.CorePreparedStatement.<init>(CorePreparedStatement.java:46)
	at org.sqlite.jdbc3.JDBC3PreparedStatement.<init>(JDBC3PreparedStatement.java:32)
	at org.sqlite.jdbc4.JDBC4PreparedStatement.<init>(JDBC4PreparedStatement.java:25)
	at org.sqlite.jdbc4.JDBC4Connection.prepareStatement(JDBC4Connection.java:34)
	at org.sqlite.jdbc3.JDBC3Connection.prepareStatement(JDBC3Connection.java:225)
	at org.sqlite.jdbc3.JDBC3Connection.prepareStatement(JDBC3Connection.java:205)
	at org.l2jmobius.gameserver.instancemanager.CursedWeaponsManager.controlPlayers(CursedWeaponsManager.java:169)
	at org.l2jmobius.gameserver.instancemanager.CursedWeaponsManager.load(CursedWeaponsManager.java:78)
	at org.l2jmobius.gameserver.instancemanager.CursedWeaponsManager.<init>(CursedWeaponsManager.java:65)
	at org.l2jmobius.gameserver.instancemanager.CursedWeaponsManager$SingletonHolder.<clinit>(CursedWeaponsManager.java:395)
	at org.l2jmobius.gameserver.instancemanager.CursedWeaponsManager.getInstance(CursedWeaponsManager.java:390)
	at org.l2jmobius.gameserver.GameServer.<init>(GameServer.java:338)
	at org.l2jmobius.gameserver.GameServer.main(GameServer.java:479)

Jul 09, 2026 2:12:09 PM org.l2jmobius.gameserver.data.BotReportTable loadReportedCharData
WARNING: BotReportTable: Could not load reported char data!
org.sqlite.SQLiteException: [SQLITE_ERROR] SQL error or missing database (no such table: bot_reported_char_data)
	at org.sqlite.core.DB.newSQLException(DB.java:1179)
	at org.sqlite.core.DB.newSQLException(DB.java:1190)
	at org.sqlite.core.DB.throwex(DB.java:1150)
	at org.sqlite.core.NativeDB.prepare_utf8(Native Method)
	at org.sqlite.core.NativeDB.prepare(NativeDB.java:132)
	at org.sqlite.core.DB.prepare(DB.java:264)
	at org.sqlite.jdbc3.JDBC3Statement.lambda$executeQuery$1(JDBC3Statement.java:86)
	at org.sqlite.jdbc3.JDBC3Statement.withConnectionTimeout(JDBC3Statement.java:454)
	at org.sqlite.jdbc3.JDBC3Statement.executeQuery(JDBC3Statement.java:84)
	at org.l2jmobius.gameserver.data.BotReportTable.loadReportedCharData(BotReportTable.java:118)
	at org.l2jmobius.gameserver.data.BotReportTable.<init>(BotReportTable.java:105)
	at org.l2jmobius.gameserver.data.BotReportTable$SingletonHolder.<clinit>(BotReportTable.java:627)
	at org.l2jmobius.gameserver.data.BotReportTable.getInstance(BotReportTable.java:439)
	at org.l2jmobius.gameserver.GameServer.<init>(GameServer.java:340)
	at org.l2jmobius.gameserver.GameServer.main(GameServer.java:479)

Jul 09, 2026 2:12:09 PM org.l2jmobius.gameserver.instancemanager.AirShipManager load
WARNING: AirShipManager: Could not load airships table: 
org.sqlite.SQLiteException: [SQLITE_ERROR] SQL error or missing database (no such table: airships)
	at org.sqlite.core.DB.newSQLException(DB.java:1179)
	at org.sqlite.core.DB.newSQLException(DB.java:1190)
	at org.sqlite.core.DB.throwex(DB.java:1150)
	at org.sqlite.core.NativeDB.prepare_utf8(Native Method)
	at org.sqlite.core.NativeDB.prepare(NativeDB.java:132)
	at org.sqlite.core.DB.prepare(DB.java:264)
	at org.sqlite.jdbc3.JDBC3Statement.lambda$executeQuery$1(JDBC3Statement.java:86)
	at org.sqlite.jdbc3.JDBC3Statement.withConnectionTimeout(JDBC3Statement.java:454)
	at org.sqlite.jdbc3.JDBC3Statement.executeQuery(JDBC3Statement.java:84)
	at org.l2jmobius.gameserver.instancemanager.AirShipManager.load(AirShipManager.java:259)
	at org.l2jmobius.gameserver.instancemanager.AirShipManager.<init>(AirShipManager.java:95)
	at org.l2jmobius.gameserver.instancemanager.AirShipManager$SingletonHolder.<clinit>(AirShipManager.java:312)
	at org.l2jmobius.gameserver.instancemanager.AirShipManager.getInstance(AirShipManager.java:307)
	at org.l2jmobius.gameserver.GameServer.<init>(GameServer.java:356)
	at org.l2jmobius.gameserver.GameServer.main(GameServer.java:479)

